/*
Navicat MySQL Data Transfer

Source Server         : 127.0.0.1
Source Server Version : 50027
Source Host           : localhost:3306
Source Database       : jspx

Target Server Type    : MYSQL
Target Server Version : 50027
File Encoding         : 65001

Date: 2016-03-04 10:21:43
*/

SET FOREIGN_KEY_CHECKS=0;

-- ----------------------------
-- Table structure for `application_class_student`
-- ----------------------------
DROP TABLE IF EXISTS `application_class_student`;
CREATE TABLE `application_class_student` (
  `id` varchar(100) NOT NULL,
  `classId` varchar(100) default NULL,
  `studentId` varchar(100) default NULL,
  `reason` varchar(400) default NULL,
  `status` char(1) default NULL,
  `applicationDate` varchar(25) default NULL,
  `applicant` varchar(100) default NULL,
  `checkor` varchar(100) default NULL,
  `checkDate` varchar(25) default NULL,
  PRIMARY KEY  (`id`)
) ENGINE=InnoDB DEFAULT CHARSET=utf8;

-- ----------------------------
-- Records of application_class_student
-- ----------------------------

-- ----------------------------
-- Table structure for `artificial_attendance`
-- ----------------------------
DROP TABLE IF EXISTS `artificial_attendance`;
CREATE TABLE `artificial_attendance` (
  `id` varchar(100) NOT NULL,
  `studentId` varchar(100) default NULL,
  `categoryId` char(1) default NULL,
  `date` varchar(23) default NULL,
  `remark` text,
  `creator` varchar(100) default NULL,
  `createdate` varchar(23) default NULL,
  `isDeleted` char(1) default NULL,
  `attendanceId` varchar(100) default NULL,
  PRIMARY KEY  (`id`)
) ENGINE=InnoDB DEFAULT CHARSET=utf8;

-- ----------------------------
-- Records of artificial_attendance
-- ----------------------------
INSERT INTO `artificial_attendance` VALUES ('15f43820b2af49419e1319c5a18b17ab', 'd5a0cdfaae594125b7de403b962d8123', '2', '2016-01-21 14:36:58', null, null, '2016-01-21 14:36:26', '0', '622');
INSERT INTO `artificial_attendance` VALUES ('1df84bc7dfb548ae9bfe492b35f50723', 'd5a0cdfaae594125b7de403b962d8123', '2', '2016-01-21 14:36:58', null, null, '2016-01-23 09:44:53', '0', '714');
INSERT INTO `artificial_attendance` VALUES ('22f290a490fc44d08dfce7f17bc16314', '8dfd992418924e87a2559fea0900547c', '2', '2016-01-20 08:13:25', null, null, '2016-01-20 10:37:21', '0', '388');
INSERT INTO `artificial_attendance` VALUES ('36d345767ef9428fb8b16b764f4d47c6', '8ccc73b9765f46789ecacb74bf5b8818', '2', '2016-01-19 08:40:26', null, null, '2016-01-19 10:22:21', '0', '40');
INSERT INTO `artificial_attendance` VALUES ('5e8ac18b4b0047b582ed6e24db95a894', 'c1a4e59db57c4a85a444e81a4d44820e', '2', '2016-01-23 08:52:48', null, null, '2016-01-23 09:44:53', '0', '710');
INSERT INTO `artificial_attendance` VALUES ('739635ef1ce84dcb98e8489ce603c6ca', '1ef30646a35349019968f6ebf45aa842', '2', '2016-01-23 08:59:18', null, null, '2016-01-23 09:44:53', '0', '709');
INSERT INTO `artificial_attendance` VALUES ('87fb1902c74f48b18699949d98790f4d', 'f168011ec39a433caf91ca16dbdd19d6', '2', '2016-01-23 14:18:58', null, null, '2016-01-23 14:36:39', '0', '800');
INSERT INTO `artificial_attendance` VALUES ('91136dfdf98240608bd5d9d9bf93478c', 'bb91c5e61d4c4b849d7b4d55c14067c3', '2', '2016-01-23 08:52:48', null, null, '2016-01-23 09:44:53', '0', '712');
INSERT INTO `artificial_attendance` VALUES ('b2b1ea36de8f453db7d2ec8163d82b15', 'c4082c28721746bc8f6b5190f55f63b1', '2', '2016-01-19 09:01:49', null, null, '2016-01-19 10:00:58', '0', '10');
INSERT INTO `artificial_attendance` VALUES ('bc841f2cefcf4b74bad036d0a9bcace5', 'd5a0cdfaae594125b7de403b962d8123', '2', '2016-01-21 14:36:58', null, null, '2016-01-21 14:39:53', '0', '623');
INSERT INTO `artificial_attendance` VALUES ('bcd990c06ebf43fd93951851ad4b29bc', 'a5a6631fca4b4de7b6675a30ec317585', '2', '2016-01-19 08:49:02', null, null, '2016-01-19 10:21:03', '0', '20');
INSERT INTO `artificial_attendance` VALUES ('beaf1c6b2c4b44f6942e9a57130f82ba', 'a5a6631fca4b4de7b6675a30ec317585', '2', '2016-01-19 14:42:13', null, null, '2016-01-19 15:12:01', '0', '242');
INSERT INTO `artificial_attendance` VALUES ('d4db79a9d09e4edfa3a560bdbb30e0ef', '8ccc73b9765f46789ecacb74bf5b8818', '2', '2016-01-19 08:40:26', null, null, '2016-01-19 10:22:21', '0', '39');
INSERT INTO `artificial_attendance` VALUES ('e18b7620fcf34c5a9505a76cd31e9483', 'f168011ec39a433caf91ca16dbdd19d6', '2', '2016-01-23 08:43:24', null, null, '2016-01-23 09:44:53', '0', '713');
INSERT INTO `artificial_attendance` VALUES ('e65f34e370eb4a8e8b5b2ef182c021f3', 'c45a9178d50b478b92d750589dc5d1e1', '2', '2016-01-19 08:40:26', null, null, '2016-01-19 10:22:21', '0', '38');
INSERT INTO `artificial_attendance` VALUES ('fa6ff2f1b226480983a17ae300d2d0da', 'bb91c5e61d4c4b849d7b4d55c14067c3', '2', '2016-01-23 08:52:48', null, null, '2016-01-23 09:44:53', '0', '711');

-- ----------------------------
-- Table structure for `attendance_info`
-- ----------------------------
DROP TABLE IF EXISTS `attendance_info`;
CREATE TABLE `attendance_info` (
  `id` int(11) NOT NULL auto_increment,
  `idcard` varchar(20) default NULL,
  `attendanceDate` varchar(23) default NULL,
  `ip` varchar(50) default NULL,
  `createdate` varchar(23) default NULL,
  PRIMARY KEY  (`id`)
) ENGINE=InnoDB DEFAULT CHARSET=utf8;

-- ----------------------------
-- Records of attendance_info
-- ----------------------------
INSERT INTO `attendance_info` VALUES ('1', '152801198906140626', '2016/01/19 09:06:24', 'ad1bf071-5252-4e49-97df-9dcbae0c7bef', '2016/01/19 10:00:58');
INSERT INTO `attendance_info` VALUES ('2', '350403199004200045', '2016/01/19 09:03:54', 'ad1bf071-5252-4e49-97df-9dcbae0c7bef', '2016/01/19 10:00:58');
INSERT INTO `attendance_info` VALUES ('3', '352230199210062149', '2016/01/19 09:03:51', 'ad1bf071-5252-4e49-97df-9dcbae0c7bef', '2016/01/19 10:00:58');
INSERT INTO `attendance_info` VALUES ('4', '350722199404180026', '2016/01/19 09:02:19', 'ad1bf071-5252-4e49-97df-9dcbae0c7bef', '2016/01/19 10:00:58');
INSERT INTO `attendance_info` VALUES ('5', '350211199109053028', '2016/01/19 09:01:39', 'ad1bf071-5252-4e49-97df-9dcbae0c7bef', '2016/01/19 10:00:58');
INSERT INTO `attendance_info` VALUES ('6', '352202199305050129', '2016/01/19 08:59:30', 'ad1bf071-5252-4e49-97df-9dcbae0c7bef', '2016/01/19 10:00:58');
INSERT INTO `attendance_info` VALUES ('7', '350427198903050024', '2016/01/19 08:59:23', 'ad1bf071-5252-4e49-97df-9dcbae0c7bef', '2016/01/19 10:00:58');
INSERT INTO `attendance_info` VALUES ('8', '420221197007260028', '2016/01/19 08:57:43', 'ad1bf071-5252-4e49-97df-9dcbae0c7bef', '2016/01/19 10:00:58');
INSERT INTO `attendance_info` VALUES ('9', '350322197811145120', '2016/01/19 08:57:38', 'ad1bf071-5252-4e49-97df-9dcbae0c7bef', '2016/01/19 10:00:58');
INSERT INTO `attendance_info` VALUES ('10', '352230199204100022', '2016/01/19 09:01:49', 'ad1bf071-5252-4e49-97df-9dcbae0c7bef', '2016/01/19 10:00:58');
INSERT INTO `attendance_info` VALUES ('11', '350783198812200223', '2016/01/19 08:57:34', 'ad1bf071-5252-4e49-97df-9dcbae0c7bef', '2016/01/19 10:21:03');
INSERT INTO `attendance_info` VALUES ('12', '350430198902051541', '2016/01/19 08:57:28', 'ad1bf071-5252-4e49-97df-9dcbae0c7bef', '2016/01/19 10:21:03');
INSERT INTO `attendance_info` VALUES ('13', '35092419930607002X', '2016/01/19 08:57:08', 'ad1bf071-5252-4e49-97df-9dcbae0c7bef', '2016/01/19 10:21:03');
INSERT INTO `attendance_info` VALUES ('14', '350123198803080320', '2016/01/19 08:57:01', 'ad1bf071-5252-4e49-97df-9dcbae0c7bef', '2016/01/19 10:21:03');
INSERT INTO `attendance_info` VALUES ('15', '340828199003243921', '2016/01/19 08:50:29', 'ad1bf071-5252-4e49-97df-9dcbae0c7bef', '2016/01/19 10:21:03');
INSERT INTO `attendance_info` VALUES ('16', '220581199309061205', '2016/01/19 08:50:24', 'ad1bf071-5252-4e49-97df-9dcbae0c7bef', '2016/01/19 10:21:03');
INSERT INTO `attendance_info` VALUES ('17', '350481199212250521', '2016/01/19 08:46:52', 'ad1bf071-5252-4e49-97df-9dcbae0c7bef', '2016/01/19 10:21:03');
INSERT INTO `attendance_info` VALUES ('18', '362423199111040621', '2016/01/19 08:46:14', 'ad1bf071-5252-4e49-97df-9dcbae0c7bef', '2016/01/19 10:21:03');
INSERT INTO `attendance_info` VALUES ('19', '350628198809022040', '2016/01/19 08:45:32', 'ad1bf071-5252-4e49-97df-9dcbae0c7bef', '2016/01/19 10:21:03');
INSERT INTO `attendance_info` VALUES ('20', '350500197208201565', '2016/01/19 08:49:02', 'ad1bf071-5252-4e49-97df-9dcbae0c7bef', '2016/01/19 10:21:03');
INSERT INTO `attendance_info` VALUES ('21', '350625197706030028', '2016/01/19 08:45:27', 'ad1bf071-5252-4e49-97df-9dcbae0c7bef', '2016/01/19 10:21:48');
INSERT INTO `attendance_info` VALUES ('22', '350681198702130027', '2016/01/19 08:45:20', 'ad1bf071-5252-4e49-97df-9dcbae0c7bef', '2016/01/19 10:21:48');
INSERT INTO `attendance_info` VALUES ('23', '350211199205123014', '2016/01/19 08:44:23', 'ad1bf071-5252-4e49-97df-9dcbae0c7bef', '2016/01/19 10:21:48');
INSERT INTO `attendance_info` VALUES ('24', '350622199105150067', '2016/01/19 08:43:24', 'ad1bf071-5252-4e49-97df-9dcbae0c7bef', '2016/01/19 10:21:48');
INSERT INTO `attendance_info` VALUES ('25', '350725199107214014', '2016/01/19 08:43:18', 'ad1bf071-5252-4e49-97df-9dcbae0c7bef', '2016/01/19 10:21:48');
INSERT INTO `attendance_info` VALUES ('26', '350783199010180229', '2016/01/19 08:43:14', 'ad1bf071-5252-4e49-97df-9dcbae0c7bef', '2016/01/19 10:21:48');
INSERT INTO `attendance_info` VALUES ('27', '210882198912121221', '2016/01/19 08:42:04', 'ad1bf071-5252-4e49-97df-9dcbae0c7bef', '2016/01/19 10:21:48');
INSERT INTO `attendance_info` VALUES ('28', '350203199107023028', '2016/01/19 08:41:58', 'ad1bf071-5252-4e49-97df-9dcbae0c7bef', '2016/01/19 10:21:48');
INSERT INTO `attendance_info` VALUES ('29', '350824199002240047', '2016/01/19 08:41:53', 'ad1bf071-5252-4e49-97df-9dcbae0c7bef', '2016/01/19 10:21:48');
INSERT INTO `attendance_info` VALUES ('30', '350824199108290026', '2016/01/19 08:41:46', 'ad1bf071-5252-4e49-97df-9dcbae0c7bef', '2016/01/19 10:21:48');
INSERT INTO `attendance_info` VALUES ('31', '142621198906144726', '2016/01/19 08:41:42', 'ad1bf071-5252-4e49-97df-9dcbae0c7bef', '2016/01/19 10:22:21');
INSERT INTO `attendance_info` VALUES ('32', '350823198707174923', '2016/01/19 08:41:38', 'ad1bf071-5252-4e49-97df-9dcbae0c7bef', '2016/01/19 10:22:21');
INSERT INTO `attendance_info` VALUES ('33', '220122198808230441', '2016/01/19 08:41:33', 'ad1bf071-5252-4e49-97df-9dcbae0c7bef', '2016/01/19 10:22:21');
INSERT INTO `attendance_info` VALUES ('34', '350128199210085528', '2016/01/19 08:38:45', 'ad1bf071-5252-4e49-97df-9dcbae0c7bef', '2016/01/19 10:22:21');
INSERT INTO `attendance_info` VALUES ('35', '350205199203013041', '2016/01/19 08:38:40', 'ad1bf071-5252-4e49-97df-9dcbae0c7bef', '2016/01/19 10:22:21');
INSERT INTO `attendance_info` VALUES ('36', '420116199203050063', '2016/01/19 08:38:35', 'ad1bf071-5252-4e49-97df-9dcbae0c7bef', '2016/01/19 10:22:21');
INSERT INTO `attendance_info` VALUES ('37', '350205199306121029', '2016/01/19 08:38:30', 'ad1bf071-5252-4e49-97df-9dcbae0c7bef', '2016/01/19 10:22:21');
INSERT INTO `attendance_info` VALUES ('38', '450111198801131524', '2016/01/19 08:40:26', 'ad1bf071-5252-4e49-97df-9dcbae0c7bef', '2016/01/19 10:22:21');
INSERT INTO `attendance_info` VALUES ('39', '350205199211012022', '2016/01/19 08:40:26', 'ad1bf071-5252-4e49-97df-9dcbae0c7bef', '2016/01/19 10:22:21');
INSERT INTO `attendance_info` VALUES ('40', '350205199211012022', '2016/01/19 08:40:26', 'ad1bf071-5252-4e49-97df-9dcbae0c7bef', '2016/01/19 10:22:21');
INSERT INTO `attendance_info` VALUES ('41', '350205199308190028', '2016/01/19 08:38:25', 'ad1bf071-5252-4e49-97df-9dcbae0c7bef', '2016/01/19 10:24:49');
INSERT INTO `attendance_info` VALUES ('42', '350205199302233525', '2016/01/19 08:38:21', 'ad1bf071-5252-4e49-97df-9dcbae0c7bef', '2016/01/19 10:24:49');
INSERT INTO `attendance_info` VALUES ('43', '350629198005041023', '2016/01/19 08:38:16', 'ad1bf071-5252-4e49-97df-9dcbae0c7bef', '2016/01/19 10:24:49');
INSERT INTO `attendance_info` VALUES ('44', '352227198910201821', '2016/01/19 08:38:13', 'ad1bf071-5252-4e49-97df-9dcbae0c7bef', '2016/01/19 10:24:49');
INSERT INTO `attendance_info` VALUES ('45', '330325198210120446', '2016/01/19 08:38:09', 'ad1bf071-5252-4e49-97df-9dcbae0c7bef', '2016/01/19 10:24:49');
INSERT INTO `attendance_info` VALUES ('46', '350205199101291040', '2016/01/19 08:38:04', 'ad1bf071-5252-4e49-97df-9dcbae0c7bef', '2016/01/19 10:24:49');
INSERT INTO `attendance_info` VALUES ('47', '450881198510280930', '2016/01/19 08:37:59', 'ad1bf071-5252-4e49-97df-9dcbae0c7bef', '2016/01/19 10:24:49');
INSERT INTO `attendance_info` VALUES ('48', '35068119861122102X', '2016/01/19 08:37:53', 'ad1bf071-5252-4e49-97df-9dcbae0c7bef', '2016/01/19 10:24:49');
INSERT INTO `attendance_info` VALUES ('49', '350628199211223512', '2016/01/19 08:37:47', 'ad1bf071-5252-4e49-97df-9dcbae0c7bef', '2016/01/19 10:24:49');
INSERT INTO `attendance_info` VALUES ('50', '350600197905030525', '2016/01/19 08:37:38', 'ad1bf071-5252-4e49-97df-9dcbae0c7bef', '2016/01/19 10:24:49');
INSERT INTO `attendance_info` VALUES ('51', '350627199301113521', '2016/01/19 08:37:30', 'ad1bf071-5252-4e49-97df-9dcbae0c7bef', '2016/01/19 10:25:01');
INSERT INTO `attendance_info` VALUES ('52', '350681199208281107', '2016/01/19 08:37:25', 'ad1bf071-5252-4e49-97df-9dcbae0c7bef', '2016/01/19 10:25:01');
INSERT INTO `attendance_info` VALUES ('53', '230405199110170623', '2016/01/19 08:37:12', 'ad1bf071-5252-4e49-97df-9dcbae0c7bef', '2016/01/19 10:25:01');
INSERT INTO `attendance_info` VALUES ('54', '350204199303122046', '2016/01/19 08:37:07', 'ad1bf071-5252-4e49-97df-9dcbae0c7bef', '2016/01/19 10:25:01');
INSERT INTO `attendance_info` VALUES ('55', '370782198901093076', '2016/01/19 08:35:38', 'ad1bf071-5252-4e49-97df-9dcbae0c7bef', '2016/01/19 10:25:01');
INSERT INTO `attendance_info` VALUES ('56', '350322198709130023', '2016/01/19 08:35:33', 'ad1bf071-5252-4e49-97df-9dcbae0c7bef', '2016/01/19 10:25:01');
INSERT INTO `attendance_info` VALUES ('57', '35058319910720891X', '2016/01/19 08:35:29', 'ad1bf071-5252-4e49-97df-9dcbae0c7bef', '2016/01/19 10:25:01');
INSERT INTO `attendance_info` VALUES ('58', '420922199106140041', '2016/01/19 08:35:23', 'ad1bf071-5252-4e49-97df-9dcbae0c7bef', '2016/01/19 10:25:01');
INSERT INTO `attendance_info` VALUES ('59', '22020419930606302X', '2016/01/19 08:35:16', 'ad1bf071-5252-4e49-97df-9dcbae0c7bef', '2016/01/19 10:25:01');
INSERT INTO `attendance_info` VALUES ('60', '352123197312115020', '2016/01/19 08:35:09', 'ad1bf071-5252-4e49-97df-9dcbae0c7bef', '2016/01/19 10:25:01');
INSERT INTO `attendance_info` VALUES ('223', '370782198901093076', '2016/01/19 14:51:14', 'ad1bf071-5252-4e49-97df-9dcbae0c7bef', '2016/01/19 15:05:55');
INSERT INTO `attendance_info` VALUES ('224', '35058319910720891X', '2016/01/19 14:51:11', 'ad1bf071-5252-4e49-97df-9dcbae0c7bef', '2016/01/19 15:05:55');
INSERT INTO `attendance_info` VALUES ('225', '362423199111040621', '2016/01/19 14:45:48', 'ad1bf071-5252-4e49-97df-9dcbae0c7bef', '2016/01/19 15:05:55');
INSERT INTO `attendance_info` VALUES ('226', '420116199203050063', '2016/01/19 14:45:44', 'ad1bf071-5252-4e49-97df-9dcbae0c7bef', '2016/01/19 15:05:55');
INSERT INTO `attendance_info` VALUES ('227', '350824199108290026', '2016/01/19 14:45:40', 'ad1bf071-5252-4e49-97df-9dcbae0c7bef', '2016/01/19 15:05:55');
INSERT INTO `attendance_info` VALUES ('228', '350823198707174923', '2016/01/19 14:45:36', 'ad1bf071-5252-4e49-97df-9dcbae0c7bef', '2016/01/19 15:05:55');
INSERT INTO `attendance_info` VALUES ('229', '350824199002240047', '2016/01/19 14:43:59', 'ad1bf071-5252-4e49-97df-9dcbae0c7bef', '2016/01/19 15:05:55');
INSERT INTO `attendance_info` VALUES ('230', '350203199107023028', '2016/01/19 14:43:56', 'ad1bf071-5252-4e49-97df-9dcbae0c7bef', '2016/01/19 15:05:55');
INSERT INTO `attendance_info` VALUES ('231', '350481199212250521', '2016/01/19 14:43:50', 'ad1bf071-5252-4e49-97df-9dcbae0c7bef', '2016/01/19 15:05:55');
INSERT INTO `attendance_info` VALUES ('232', '210882198912121221', '2016/01/19 14:43:24', 'ad1bf071-5252-4e49-97df-9dcbae0c7bef', '2016/01/19 15:05:55');
INSERT INTO `attendance_info` VALUES ('233', '350211199205123014', '2016/01/19 14:43:00', 'ad1bf071-5252-4e49-97df-9dcbae0c7bef', '2016/01/19 15:12:01');
INSERT INTO `attendance_info` VALUES ('234', '350425198901180068', '2016/01/19 14:42:53', 'ad1bf071-5252-4e49-97df-9dcbae0c7bef', '2016/01/19 15:12:01');
INSERT INTO `attendance_info` VALUES ('235', '22020419930606302X', '2016/01/19 14:42:42', 'ad1bf071-5252-4e49-97df-9dcbae0c7bef', '2016/01/19 15:12:01');
INSERT INTO `attendance_info` VALUES ('236', '152801198906140626', '2016/01/19 14:42:31', 'ad1bf071-5252-4e49-97df-9dcbae0c7bef', '2016/01/19 15:12:01');
INSERT INTO `attendance_info` VALUES ('237', '142621198906144726', '2016/01/19 14:42:07', 'ad1bf071-5252-4e49-97df-9dcbae0c7bef', '2016/01/19 15:12:01');
INSERT INTO `attendance_info` VALUES ('238', '220122198808230441', '2016/01/19 14:41:57', 'ad1bf071-5252-4e49-97df-9dcbae0c7bef', '2016/01/19 15:12:01');
INSERT INTO `attendance_info` VALUES ('239', '350681198702130027', '2016/01/19 14:41:50', 'ad1bf071-5252-4e49-97df-9dcbae0c7bef', '2016/01/19 15:12:01');
INSERT INTO `attendance_info` VALUES ('240', '350628198809022040', '2016/01/19 14:41:43', 'ad1bf071-5252-4e49-97df-9dcbae0c7bef', '2016/01/19 15:12:01');
INSERT INTO `attendance_info` VALUES ('241', '350628197510290046', '2016/01/19 14:41:36', 'ad1bf071-5252-4e49-97df-9dcbae0c7bef', '2016/01/19 15:12:01');
INSERT INTO `attendance_info` VALUES ('242', '350500197208201565', '2016/01/19 14:42:13', 'ad1bf071-5252-4e49-97df-9dcbae0c7bef', '2016/01/19 15:12:01');
INSERT INTO `attendance_info` VALUES ('243', '350205199101291040', '2016/01/19 14:40:19', 'ad1bf071-5252-4e49-97df-9dcbae0c7bef', '2016/01/19 15:12:14');
INSERT INTO `attendance_info` VALUES ('244', '352227198910201821', '2016/01/19 14:40:14', 'ad1bf071-5252-4e49-97df-9dcbae0c7bef', '2016/01/19 15:12:14');
INSERT INTO `attendance_info` VALUES ('245', '350403199004200045', '2016/01/19 14:39:45', 'ad1bf071-5252-4e49-97df-9dcbae0c7bef', '2016/01/19 15:12:14');
INSERT INTO `attendance_info` VALUES ('246', '352230199210062149', '2016/01/19 14:39:41', 'ad1bf071-5252-4e49-97df-9dcbae0c7bef', '2016/01/19 15:12:14');
INSERT INTO `attendance_info` VALUES ('247', '352230199210062149', '2016/01/19 14:39:38', 'ad1bf071-5252-4e49-97df-9dcbae0c7bef', '2016/01/19 15:12:14');
INSERT INTO `attendance_info` VALUES ('248', '350783198812200223', '2016/01/19 14:39:22', 'ad1bf071-5252-4e49-97df-9dcbae0c7bef', '2016/01/19 15:12:14');
INSERT INTO `attendance_info` VALUES ('249', '350430198902051541', '2016/01/19 14:39:19', 'ad1bf071-5252-4e49-97df-9dcbae0c7bef', '2016/01/19 15:12:14');
INSERT INTO `attendance_info` VALUES ('250', '421102199008250505', '2016/01/19 14:39:13', 'ad1bf071-5252-4e49-97df-9dcbae0c7bef', '2016/01/19 15:12:14');
INSERT INTO `attendance_info` VALUES ('251', '362331198805133929', '2016/01/19 14:39:09', 'ad1bf071-5252-4e49-97df-9dcbae0c7bef', '2016/01/19 15:12:14');
INSERT INTO `attendance_info` VALUES ('252', '350622199208030025', '2016/01/19 14:39:00', 'ad1bf071-5252-4e49-97df-9dcbae0c7bef', '2016/01/19 15:12:14');
INSERT INTO `attendance_info` VALUES ('253', '350523197504261321', '2016/01/19 14:37:04', 'ad1bf071-5252-4e49-97df-9dcbae0c7bef', '2016/01/19 15:12:23');
INSERT INTO `attendance_info` VALUES ('254', '350622199105150067', '2016/01/19 14:36:58', 'ad1bf071-5252-4e49-97df-9dcbae0c7bef', '2016/01/19 15:12:23');
INSERT INTO `attendance_info` VALUES ('255', '350123198803080320', '2016/01/19 14:36:56', 'ad1bf071-5252-4e49-97df-9dcbae0c7bef', '2016/01/19 15:12:23');
INSERT INTO `attendance_info` VALUES ('256', '350123198803080320', '2016/01/19 14:36:53', 'ad1bf071-5252-4e49-97df-9dcbae0c7bef', '2016/01/19 15:12:23');
INSERT INTO `attendance_info` VALUES ('257', '35068119861122102X', '2016/01/19 14:36:39', 'ad1bf071-5252-4e49-97df-9dcbae0c7bef', '2016/01/19 15:12:23');
INSERT INTO `attendance_info` VALUES ('258', '350600197905030525', '2016/01/19 14:36:34', 'ad1bf071-5252-4e49-97df-9dcbae0c7bef', '2016/01/19 15:12:23');
INSERT INTO `attendance_info` VALUES ('259', '35092419930607002X', '2016/01/19 14:36:30', 'ad1bf071-5252-4e49-97df-9dcbae0c7bef', '2016/01/19 15:12:23');
INSERT INTO `attendance_info` VALUES ('260', '350322197811145120', '2016/01/19 14:36:03', 'ad1bf071-5252-4e49-97df-9dcbae0c7bef', '2016/01/19 15:12:23');
INSERT INTO `attendance_info` VALUES ('261', '420922199106140041', '2016/01/19 14:35:48', 'ad1bf071-5252-4e49-97df-9dcbae0c7bef', '2016/01/19 15:12:23');
INSERT INTO `attendance_info` VALUES ('262', '350722199404180026', '2016/01/19 14:35:42', 'ad1bf071-5252-4e49-97df-9dcbae0c7bef', '2016/01/19 15:12:23');
INSERT INTO `attendance_info` VALUES ('263', '352230199204100022', '2016/01/19 14:35:36', 'ad1bf071-5252-4e49-97df-9dcbae0c7bef', '2016/01/19 15:12:40');
INSERT INTO `attendance_info` VALUES ('264', '350211199109053028', '2016/01/19 14:35:31', 'ad1bf071-5252-4e49-97df-9dcbae0c7bef', '2016/01/19 15:12:40');
INSERT INTO `attendance_info` VALUES ('265', '420221197007260028', '2016/01/19 14:35:20', 'ad1bf071-5252-4e49-97df-9dcbae0c7bef', '2016/01/19 15:12:40');
INSERT INTO `attendance_info` VALUES ('266', '420221197007260028', '2016/01/19 14:35:18', 'ad1bf071-5252-4e49-97df-9dcbae0c7bef', '2016/01/19 15:12:40');
INSERT INTO `attendance_info` VALUES ('267', '350681199208281107', '2016/01/19 14:34:34', 'ad1bf071-5252-4e49-97df-9dcbae0c7bef', '2016/01/19 15:12:40');
INSERT INTO `attendance_info` VALUES ('268', '350205199203013041', '2016/01/19 14:34:29', 'ad1bf071-5252-4e49-97df-9dcbae0c7bef', '2016/01/19 15:12:40');
INSERT INTO `attendance_info` VALUES ('269', '350128199210085528', '2016/01/19 14:34:26', 'ad1bf071-5252-4e49-97df-9dcbae0c7bef', '2016/01/19 15:12:40');
INSERT INTO `attendance_info` VALUES ('270', '350623198207161025', '2016/01/19 14:33:58', 'ad1bf071-5252-4e49-97df-9dcbae0c7bef', '2016/01/19 15:12:40');
INSERT INTO `attendance_info` VALUES ('271', '350627199301113521', '2016/01/19 14:33:52', 'ad1bf071-5252-4e49-97df-9dcbae0c7bef', '2016/01/19 15:12:40');
INSERT INTO `attendance_info` VALUES ('272', '350725199107214014', '2016/01/19 14:33:47', 'ad1bf071-5252-4e49-97df-9dcbae0c7bef', '2016/01/19 15:12:40');
INSERT INTO `attendance_info` VALUES ('273', '350221197708056021', '2016/01/19 14:33:44', 'ad1bf071-5252-4e49-97df-9dcbae0c7bef', '2016/01/19 15:17:59');
INSERT INTO `attendance_info` VALUES ('274', '350521198210087585', '2016/01/19 14:33:40', 'ad1bf071-5252-4e49-97df-9dcbae0c7bef', '2016/01/19 15:17:59');
INSERT INTO `attendance_info` VALUES ('275', '350205198509182521', '2016/01/19 14:33:36', 'ad1bf071-5252-4e49-97df-9dcbae0c7bef', '2016/01/19 15:17:59');
INSERT INTO `attendance_info` VALUES ('276', '350205199302233525', '2016/01/19 14:32:48', 'ad1bf071-5252-4e49-97df-9dcbae0c7bef', '2016/01/19 15:17:59');
INSERT INTO `attendance_info` VALUES ('277', '350205199211012022', '2016/01/19 14:32:46', 'ad1bf071-5252-4e49-97df-9dcbae0c7bef', '2016/01/19 15:17:59');
INSERT INTO `attendance_info` VALUES ('278', '350205199211012022', '2016/01/19 14:32:43', 'ad1bf071-5252-4e49-97df-9dcbae0c7bef', '2016/01/19 15:17:59');
INSERT INTO `attendance_info` VALUES ('279', '350625197706030028', '2016/01/19 14:32:01', 'ad1bf071-5252-4e49-97df-9dcbae0c7bef', '2016/01/19 15:17:59');
INSERT INTO `attendance_info` VALUES ('280', '350427198903050024', '2016/01/19 14:31:37', 'ad1bf071-5252-4e49-97df-9dcbae0c7bef', '2016/01/19 15:17:59');
INSERT INTO `attendance_info` VALUES ('281', '350204199303122046', '2016/01/19 14:30:39', 'ad1bf071-5252-4e49-97df-9dcbae0c7bef', '2016/01/19 15:17:59');
INSERT INTO `attendance_info` VALUES ('282', '230405199110170623', '2016/01/19 14:30:35', 'ad1bf071-5252-4e49-97df-9dcbae0c7bef', '2016/01/19 15:17:59');
INSERT INTO `attendance_info` VALUES ('283', '352202199305050129', '2016/01/19 14:27:06', 'ad1bf071-5252-4e49-97df-9dcbae0c7bef', '2016/01/19 15:19:04');
INSERT INTO `attendance_info` VALUES ('284', '511302198303160041', '2016/01/19 14:26:55', 'ad1bf071-5252-4e49-97df-9dcbae0c7bef', '2016/01/19 15:19:04');
INSERT INTO `attendance_info` VALUES ('285', '350322198709130023', '2016/01/19 14:26:52', 'ad1bf071-5252-4e49-97df-9dcbae0c7bef', '2016/01/19 15:19:04');
INSERT INTO `attendance_info` VALUES ('286', '352123197312115020', '2016/01/19 14:26:47', 'ad1bf071-5252-4e49-97df-9dcbae0c7bef', '2016/01/19 15:19:04');
INSERT INTO `attendance_info` VALUES ('287', '220581199309061205', '2016/01/19 14:25:41', 'ad1bf071-5252-4e49-97df-9dcbae0c7bef', '2016/01/19 15:19:04');
INSERT INTO `attendance_info` VALUES ('288', '350524198912203068', '2016/01/19 14:25:34', 'ad1bf071-5252-4e49-97df-9dcbae0c7bef', '2016/01/19 15:19:04');
INSERT INTO `attendance_info` VALUES ('289', '350783199010180229', '2016/01/19 14:25:12', 'ad1bf071-5252-4e49-97df-9dcbae0c7bef', '2016/01/19 15:19:04');
INSERT INTO `attendance_info` VALUES ('290', '350628199211223512', '2016/01/19 14:24:01', 'ad1bf071-5252-4e49-97df-9dcbae0c7bef', '2016/01/19 15:19:04');
INSERT INTO `attendance_info` VALUES ('291', '350205199306121029', '2016/01/19 14:23:38', 'ad1bf071-5252-4e49-97df-9dcbae0c7bef', '2016/01/19 15:19:04');
INSERT INTO `attendance_info` VALUES ('292', '350629198005041023', '2016/01/19 14:23:29', 'ad1bf071-5252-4e49-97df-9dcbae0c7bef', '2016/01/19 15:19:04');
INSERT INTO `attendance_info` VALUES ('293', '350205199308190028', '2016/01/19 14:23:22', 'ad1bf071-5252-4e49-97df-9dcbae0c7bef', '2016/01/19 15:28:01');
INSERT INTO `attendance_info` VALUES ('294', '330325198210120446', '2016/01/19 14:23:11', 'ad1bf071-5252-4e49-97df-9dcbae0c7bef', '2016/01/19 15:28:01');
INSERT INTO `attendance_info` VALUES ('295', '340828199003243921', '2016/01/19 14:20:32', 'ad1bf071-5252-4e49-97df-9dcbae0c7bef', '2016/01/19 15:28:01');
INSERT INTO `attendance_info` VALUES ('296', '350681199101031108', '2016/01/19 14:15:59', 'ad1bf071-5252-4e49-97df-9dcbae0c7bef', '2016/01/19 15:28:01');
INSERT INTO `attendance_info` VALUES ('297', '350681199101031108', '2016/01/19 14:15:15', 'ad1bf071-5252-4e49-97df-9dcbae0c7bef', '2016/01/19 15:28:01');
INSERT INTO `attendance_info` VALUES ('298', '350681199101031108', '2016/01/19 14:14:44', 'ad1bf071-5252-4e49-97df-9dcbae0c7bef', '2016/01/19 15:28:01');
INSERT INTO `attendance_info` VALUES ('299', '350425198901180068', '2016/01/19 08:35:05', 'ad1bf071-5252-4e49-97df-9dcbae0c7bef', '2016/01/19 15:28:01');
INSERT INTO `attendance_info` VALUES ('300', '511302198303160041', '2016/01/19 08:35:00', 'ad1bf071-5252-4e49-97df-9dcbae0c7bef', '2016/01/19 15:28:01');
INSERT INTO `attendance_info` VALUES ('301', '350524198912203068', '2016/01/19 08:33:21', 'ad1bf071-5252-4e49-97df-9dcbae0c7bef', '2016/01/19 15:28:01');
INSERT INTO `attendance_info` VALUES ('302', '350623198207161025', '2016/01/19 08:33:14', 'ad1bf071-5252-4e49-97df-9dcbae0c7bef', '2016/01/19 15:28:01');
INSERT INTO `attendance_info` VALUES ('312', '359001197605190529', '2016/01/20 08:35:13', '6be0754e-fbd6-4e28-a73e-8a09cd04a606', '2016/01/20 10:37:21');
INSERT INTO `attendance_info` VALUES ('313', '350206198910072018', '2016/01/20 08:33:19', '6be0754e-fbd6-4e28-a73e-8a09cd04a606', '2016/01/20 10:37:21');
INSERT INTO `attendance_info` VALUES ('314', '362423199111040621', '2016/01/20 08:31:23', '6be0754e-fbd6-4e28-a73e-8a09cd04a606', '2016/01/20 10:37:21');
INSERT INTO `attendance_info` VALUES ('315', '420116199203050063', '2016/01/20 08:31:19', '6be0754e-fbd6-4e28-a73e-8a09cd04a606', '2016/01/20 10:37:21');
INSERT INTO `attendance_info` VALUES ('316', '35058319910720891X', '2016/01/20 08:30:59', '6be0754e-fbd6-4e28-a73e-8a09cd04a606', '2016/01/20 10:37:21');
INSERT INTO `attendance_info` VALUES ('317', '350481199212250521', '2016/01/20 08:30:37', '6be0754e-fbd6-4e28-a73e-8a09cd04a606', '2016/01/20 10:37:21');
INSERT INTO `attendance_info` VALUES ('318', '350427198903050024', '2016/01/20 08:30:31', '6be0754e-fbd6-4e28-a73e-8a09cd04a606', '2016/01/20 10:37:21');
INSERT INTO `attendance_info` VALUES ('319', '350628198809022040', '2016/01/20 08:30:11', '6be0754e-fbd6-4e28-a73e-8a09cd04a606', '2016/01/20 10:37:21');
INSERT INTO `attendance_info` VALUES ('320', '450881198510280930', '2016/01/20 08:29:24', '6be0754e-fbd6-4e28-a73e-8a09cd04a606', '2016/01/20 10:37:21');
INSERT INTO `attendance_info` VALUES ('321', '350203199107023028', '2016/01/20 08:29:21', '6be0754e-fbd6-4e28-a73e-8a09cd04a606', '2016/01/20 10:37:21');
INSERT INTO `attendance_info` VALUES ('322', '350824199002240047', '2016/01/20 08:29:18', '6be0754e-fbd6-4e28-a73e-8a09cd04a606', '2016/01/20 10:37:21');
INSERT INTO `attendance_info` VALUES ('323', '350628199211223512', '2016/01/20 08:29:08', '6be0754e-fbd6-4e28-a73e-8a09cd04a606', '2016/01/20 10:37:21');
INSERT INTO `attendance_info` VALUES ('324', '210882198912121221', '2016/01/20 08:29:03', '6be0754e-fbd6-4e28-a73e-8a09cd04a606', '2016/01/20 10:37:21');
INSERT INTO `attendance_info` VALUES ('325', '350211199205123014', '2016/01/20 08:28:59', '6be0754e-fbd6-4e28-a73e-8a09cd04a606', '2016/01/20 10:37:21');
INSERT INTO `attendance_info` VALUES ('326', '370782198901093076', '2016/01/20 08:28:55', '6be0754e-fbd6-4e28-a73e-8a09cd04a606', '2016/01/20 10:37:21');
INSERT INTO `attendance_info` VALUES ('327', '350681198702130027', '2016/01/20 08:28:48', '6be0754e-fbd6-4e28-a73e-8a09cd04a606', '2016/01/20 10:37:21');
INSERT INTO `attendance_info` VALUES ('328', '220581199309061205', '2016/01/20 08:28:08', '6be0754e-fbd6-4e28-a73e-8a09cd04a606', '2016/01/20 10:37:21');
INSERT INTO `attendance_info` VALUES ('329', '220122198808230441', '2016/01/20 08:27:54', '6be0754e-fbd6-4e28-a73e-8a09cd04a606', '2016/01/20 10:37:21');
INSERT INTO `attendance_info` VALUES ('330', '142621198906144726', '2016/01/20 08:27:49', '6be0754e-fbd6-4e28-a73e-8a09cd04a606', '2016/01/20 10:37:21');
INSERT INTO `attendance_info` VALUES ('331', '350211199109053028', '2016/01/20 08:27:36', '6be0754e-fbd6-4e28-a73e-8a09cd04a606', '2016/01/20 10:37:21');
INSERT INTO `attendance_info` VALUES ('332', '352230199204100022', '2016/01/20 08:27:32', '6be0754e-fbd6-4e28-a73e-8a09cd04a606', '2016/01/20 10:37:21');
INSERT INTO `attendance_info` VALUES ('333', '350722199404180026', '2016/01/20 08:27:28', '6be0754e-fbd6-4e28-a73e-8a09cd04a606', '2016/01/20 10:37:21');
INSERT INTO `attendance_info` VALUES ('334', '352227198910201821', '2016/01/20 08:27:16', '6be0754e-fbd6-4e28-a73e-8a09cd04a606', '2016/01/20 10:37:21');
INSERT INTO `attendance_info` VALUES ('335', '340828199003243921', '2016/01/20 08:27:13', '6be0754e-fbd6-4e28-a73e-8a09cd04a606', '2016/01/20 10:37:21');
INSERT INTO `attendance_info` VALUES ('336', '350205199101291040', '2016/01/20 08:27:08', '6be0754e-fbd6-4e28-a73e-8a09cd04a606', '2016/01/20 10:37:21');
INSERT INTO `attendance_info` VALUES ('337', '350783198812200223', '2016/01/20 08:27:03', '6be0754e-fbd6-4e28-a73e-8a09cd04a606', '2016/01/20 10:37:21');
INSERT INTO `attendance_info` VALUES ('338', '350783199010180229', '2016/01/20 08:26:59', '6be0754e-fbd6-4e28-a73e-8a09cd04a606', '2016/01/20 10:37:21');
INSERT INTO `attendance_info` VALUES ('339', '350523197504261321', '2016/01/20 08:26:47', '6be0754e-fbd6-4e28-a73e-8a09cd04a606', '2016/01/20 10:37:21');
INSERT INTO `attendance_info` VALUES ('340', '350625197706030028', '2016/01/20 08:26:41', '6be0754e-fbd6-4e28-a73e-8a09cd04a606', '2016/01/20 10:37:21');
INSERT INTO `attendance_info` VALUES ('341', '350622199105150067', '2016/01/20 08:26:36', '6be0754e-fbd6-4e28-a73e-8a09cd04a606', '2016/01/20 10:37:21');
INSERT INTO `attendance_info` VALUES ('342', '350322197811145120', '2016/01/20 08:26:32', '6be0754e-fbd6-4e28-a73e-8a09cd04a606', '2016/01/20 10:37:21');
INSERT INTO `attendance_info` VALUES ('343', '350430198902051541', '2016/01/20 08:26:27', '6be0754e-fbd6-4e28-a73e-8a09cd04a606', '2016/01/20 10:37:21');
INSERT INTO `attendance_info` VALUES ('344', '22020419930606302X', '2016/01/20 08:26:23', '6be0754e-fbd6-4e28-a73e-8a09cd04a606', '2016/01/20 10:37:21');
INSERT INTO `attendance_info` VALUES ('345', '350425198901180068', '2016/01/20 08:26:18', '6be0754e-fbd6-4e28-a73e-8a09cd04a606', '2016/01/20 10:37:21');
INSERT INTO `attendance_info` VALUES ('346', '420221197007260028', '2016/01/20 08:26:14', '6be0754e-fbd6-4e28-a73e-8a09cd04a606', '2016/01/20 10:37:21');
INSERT INTO `attendance_info` VALUES ('347', '330325198210120446', '2016/01/20 08:26:10', '6be0754e-fbd6-4e28-a73e-8a09cd04a606', '2016/01/20 10:37:21');
INSERT INTO `attendance_info` VALUES ('348', '350128199210085528', '2016/01/20 08:26:06', '6be0754e-fbd6-4e28-a73e-8a09cd04a606', '2016/01/20 10:37:21');
INSERT INTO `attendance_info` VALUES ('349', '152801198906140626', '2016/01/20 08:26:02', '6be0754e-fbd6-4e28-a73e-8a09cd04a606', '2016/01/20 10:37:21');
INSERT INTO `attendance_info` VALUES ('350', '350205199203013041', '2016/01/20 08:25:57', '6be0754e-fbd6-4e28-a73e-8a09cd04a606', '2016/01/20 10:37:21');
INSERT INTO `attendance_info` VALUES ('351', '352123197312115020', '2016/01/20 08:25:52', '6be0754e-fbd6-4e28-a73e-8a09cd04a606', '2016/01/20 10:37:21');
INSERT INTO `attendance_info` VALUES ('352', '511302198303160041', '2016/01/20 08:25:47', '6be0754e-fbd6-4e28-a73e-8a09cd04a606', '2016/01/20 10:37:21');
INSERT INTO `attendance_info` VALUES ('353', '350629198005041023', '2016/01/20 08:25:42', '6be0754e-fbd6-4e28-a73e-8a09cd04a606', '2016/01/20 10:37:21');
INSERT INTO `attendance_info` VALUES ('354', '350824199108290026', '2016/01/20 08:24:47', '6be0754e-fbd6-4e28-a73e-8a09cd04a606', '2016/01/20 10:37:21');
INSERT INTO `attendance_info` VALUES ('355', '350123198803080320', '2016/01/20 08:24:36', '6be0754e-fbd6-4e28-a73e-8a09cd04a606', '2016/01/20 10:37:21');
INSERT INTO `attendance_info` VALUES ('356', '35068119861122102X', '2016/01/20 08:24:32', '6be0754e-fbd6-4e28-a73e-8a09cd04a606', '2016/01/20 10:37:21');
INSERT INTO `attendance_info` VALUES ('357', '350600197905030525', '2016/01/20 08:24:27', '6be0754e-fbd6-4e28-a73e-8a09cd04a606', '2016/01/20 10:37:21');
INSERT INTO `attendance_info` VALUES ('358', '350205199211012022', '2016/01/20 08:24:22', '6be0754e-fbd6-4e28-a73e-8a09cd04a606', '2016/01/20 10:37:21');
INSERT INTO `attendance_info` VALUES ('359', '350205199302233525', '2016/01/20 08:24:18', '6be0754e-fbd6-4e28-a73e-8a09cd04a606', '2016/01/20 10:37:21');
INSERT INTO `attendance_info` VALUES ('360', '350628197510290046', '2016/01/20 08:24:13', '6be0754e-fbd6-4e28-a73e-8a09cd04a606', '2016/01/20 10:37:21');
INSERT INTO `attendance_info` VALUES ('361', '350500197208201565', '2016/01/20 08:24:09', '6be0754e-fbd6-4e28-a73e-8a09cd04a606', '2016/01/20 10:37:21');
INSERT INTO `attendance_info` VALUES ('362', '350623198207161025', '2016/01/20 08:24:04', '6be0754e-fbd6-4e28-a73e-8a09cd04a606', '2016/01/20 10:37:21');
INSERT INTO `attendance_info` VALUES ('363', '350205198509182521', '2016/01/20 08:24:00', '6be0754e-fbd6-4e28-a73e-8a09cd04a606', '2016/01/20 10:37:21');
INSERT INTO `attendance_info` VALUES ('364', '420922199106140041', '2016/01/20 08:23:54', '6be0754e-fbd6-4e28-a73e-8a09cd04a606', '2016/01/20 10:37:21');
INSERT INTO `attendance_info` VALUES ('365', '350322198709130023', '2016/01/20 08:23:48', '6be0754e-fbd6-4e28-a73e-8a09cd04a606', '2016/01/20 10:37:21');
INSERT INTO `attendance_info` VALUES ('366', '350521198210087585', '2016/01/20 08:23:42', '6be0754e-fbd6-4e28-a73e-8a09cd04a606', '2016/01/20 10:37:21');
INSERT INTO `attendance_info` VALUES ('367', '230405199110170623', '2016/01/20 08:22:45', '6be0754e-fbd6-4e28-a73e-8a09cd04a606', '2016/01/20 10:37:21');
INSERT INTO `attendance_info` VALUES ('368', '350204199303122046', '2016/01/20 08:22:40', '6be0754e-fbd6-4e28-a73e-8a09cd04a606', '2016/01/20 10:37:21');
INSERT INTO `attendance_info` VALUES ('369', '350681199208281107', '2016/01/20 08:22:14', '6be0754e-fbd6-4e28-a73e-8a09cd04a606', '2016/01/20 10:37:21');
INSERT INTO `attendance_info` VALUES ('370', '350627199301113521', '2016/01/20 08:22:08', '6be0754e-fbd6-4e28-a73e-8a09cd04a606', '2016/01/20 10:37:21');
INSERT INTO `attendance_info` VALUES ('371', '350823198707174923', '2016/01/20 08:22:02', '6be0754e-fbd6-4e28-a73e-8a09cd04a606', '2016/01/20 10:37:21');
INSERT INTO `attendance_info` VALUES ('372', '450111198801131524', '2016/01/20 08:21:57', '6be0754e-fbd6-4e28-a73e-8a09cd04a606', '2016/01/20 10:37:21');
INSERT INTO `attendance_info` VALUES ('373', '35092419930607002X', '2016/01/20 08:21:51', '6be0754e-fbd6-4e28-a73e-8a09cd04a606', '2016/01/20 10:37:21');
INSERT INTO `attendance_info` VALUES ('374', '350205199306121029', '2016/01/20 08:21:04', '6be0754e-fbd6-4e28-a73e-8a09cd04a606', '2016/01/20 10:37:21');
INSERT INTO `attendance_info` VALUES ('375', '352202199305050129', '2016/01/20 08:20:53', '6be0754e-fbd6-4e28-a73e-8a09cd04a606', '2016/01/20 10:37:21');
INSERT INTO `attendance_info` VALUES ('376', '350205199308190028', '2016/01/20 08:20:48', '6be0754e-fbd6-4e28-a73e-8a09cd04a606', '2016/01/20 10:37:21');
INSERT INTO `attendance_info` VALUES ('377', '350524198912203068', '2016/01/20 08:18:44', '6be0754e-fbd6-4e28-a73e-8a09cd04a606', '2016/01/20 10:37:21');
INSERT INTO `attendance_info` VALUES ('378', '421102199008250505', '2016/01/20 08:16:51', '6be0754e-fbd6-4e28-a73e-8a09cd04a606', '2016/01/20 10:37:21');
INSERT INTO `attendance_info` VALUES ('379', '362331198805133929', '2016/01/20 08:16:48', '6be0754e-fbd6-4e28-a73e-8a09cd04a606', '2016/01/20 10:37:21');
INSERT INTO `attendance_info` VALUES ('380', '362331198805133929', '2016/01/20 08:16:46', '6be0754e-fbd6-4e28-a73e-8a09cd04a606', '2016/01/20 10:37:21');
INSERT INTO `attendance_info` VALUES ('381', '350681199101031108', '2016/01/20 08:16:13', '6be0754e-fbd6-4e28-a73e-8a09cd04a606', '2016/01/20 10:37:21');
INSERT INTO `attendance_info` VALUES ('382', '350681199101031108', '2016/01/20 08:16:10', '6be0754e-fbd6-4e28-a73e-8a09cd04a606', '2016/01/20 10:37:21');
INSERT INTO `attendance_info` VALUES ('383', '350221197708056021', '2016/01/20 08:16:03', '6be0754e-fbd6-4e28-a73e-8a09cd04a606', '2016/01/20 10:37:21');
INSERT INTO `attendance_info` VALUES ('384', '350622199208030025', '2016/01/20 08:15:58', '6be0754e-fbd6-4e28-a73e-8a09cd04a606', '2016/01/20 10:37:21');
INSERT INTO `attendance_info` VALUES ('385', '350403199004200045', '2016/01/20 08:15:39', '6be0754e-fbd6-4e28-a73e-8a09cd04a606', '2016/01/20 10:37:21');
INSERT INTO `attendance_info` VALUES ('386', '352230199210062149', '2016/01/20 08:15:35', '6be0754e-fbd6-4e28-a73e-8a09cd04a606', '2016/01/20 10:37:21');
INSERT INTO `attendance_info` VALUES ('387', '350725199107214014', '2016/01/20 08:13:04', '6be0754e-fbd6-4e28-a73e-8a09cd04a606', '2016/01/20 10:37:21');
INSERT INTO `attendance_info` VALUES ('388', '35042619901106551X', '2016/01/20 08:13:25', '6be0754e-fbd6-4e28-a73e-8a09cd04a606', '2016/01/20 10:37:21');
INSERT INTO `attendance_info` VALUES ('389', '350823198707174923', '2016/01/20 14:32:28', '6be0754e-fbd6-4e28-a73e-8a09cd04a606', '2016/01/20 15:29:54');
INSERT INTO `attendance_info` VALUES ('390', '362423199111040621', '2016/01/20 14:30:13', '6be0754e-fbd6-4e28-a73e-8a09cd04a606', '2016/01/20 15:29:54');
INSERT INTO `attendance_info` VALUES ('391', '350628199211223512', '2016/01/20 14:29:51', '6be0754e-fbd6-4e28-a73e-8a09cd04a606', '2016/01/20 15:29:54');
INSERT INTO `attendance_info` VALUES ('392', '350681198702130027', '2016/01/20 14:29:47', '6be0754e-fbd6-4e28-a73e-8a09cd04a606', '2016/01/20 15:29:54');
INSERT INTO `attendance_info` VALUES ('393', '350628198809022040', '2016/01/20 14:29:41', '6be0754e-fbd6-4e28-a73e-8a09cd04a606', '2016/01/20 15:29:54');
INSERT INTO `attendance_info` VALUES ('394', '350203199107023028', '2016/01/20 14:29:38', '6be0754e-fbd6-4e28-a73e-8a09cd04a606', '2016/01/20 15:29:54');
INSERT INTO `attendance_info` VALUES ('395', '350824199002240047', '2016/01/20 14:29:34', '6be0754e-fbd6-4e28-a73e-8a09cd04a606', '2016/01/20 15:29:54');
INSERT INTO `attendance_info` VALUES ('396', '450881198510280930', '2016/01/20 14:29:02', '6be0754e-fbd6-4e28-a73e-8a09cd04a606', '2016/01/20 15:29:54');
INSERT INTO `attendance_info` VALUES ('397', '350725199107214014', '2016/01/20 14:28:51', '6be0754e-fbd6-4e28-a73e-8a09cd04a606', '2016/01/20 15:29:54');
INSERT INTO `attendance_info` VALUES ('398', '35042619901106551X', '2016/01/20 14:28:47', '6be0754e-fbd6-4e28-a73e-8a09cd04a606', '2016/01/20 15:29:54');
INSERT INTO `attendance_info` VALUES ('399', '352230199210062149', '2016/01/20 14:28:38', '6be0754e-fbd6-4e28-a73e-8a09cd04a606', '2016/01/20 15:29:54');
INSERT INTO `attendance_info` VALUES ('400', '350403199004200045', '2016/01/20 14:28:32', '6be0754e-fbd6-4e28-a73e-8a09cd04a606', '2016/01/20 15:29:54');
INSERT INTO `attendance_info` VALUES ('401', '22020419930606302X', '2016/01/20 14:28:26', '6be0754e-fbd6-4e28-a73e-8a09cd04a606', '2016/01/20 15:29:54');
INSERT INTO `attendance_info` VALUES ('402', '350425198901180068', '2016/01/20 14:28:22', '6be0754e-fbd6-4e28-a73e-8a09cd04a606', '2016/01/20 15:29:54');
INSERT INTO `attendance_info` VALUES ('403', '420116199203050063', '2016/01/20 14:28:17', '6be0754e-fbd6-4e28-a73e-8a09cd04a606', '2016/01/20 15:29:54');
INSERT INTO `attendance_info` VALUES ('404', '152801198906140626', '2016/01/20 14:27:41', '6be0754e-fbd6-4e28-a73e-8a09cd04a606', '2016/01/20 15:29:54');
INSERT INTO `attendance_info` VALUES ('405', '370782198901093076', '2016/01/20 14:27:28', '6be0754e-fbd6-4e28-a73e-8a09cd04a606', '2016/01/20 15:29:54');
INSERT INTO `attendance_info` VALUES ('406', '420922199106140041', '2016/01/20 14:27:25', '6be0754e-fbd6-4e28-a73e-8a09cd04a606', '2016/01/20 15:29:54');
INSERT INTO `attendance_info` VALUES ('407', '350427198903050024', '2016/01/20 14:27:16', '6be0754e-fbd6-4e28-a73e-8a09cd04a606', '2016/01/20 15:29:54');
INSERT INTO `attendance_info` VALUES ('408', '350600197905030525', '2016/01/20 14:27:10', '6be0754e-fbd6-4e28-a73e-8a09cd04a606', '2016/01/20 15:29:54');
INSERT INTO `attendance_info` VALUES ('409', '35068119861122102X', '2016/01/20 14:27:06', '6be0754e-fbd6-4e28-a73e-8a09cd04a606', '2016/01/20 15:29:54');
INSERT INTO `attendance_info` VALUES ('410', '350681199208281107', '2016/01/20 14:27:02', '6be0754e-fbd6-4e28-a73e-8a09cd04a606', '2016/01/20 15:29:54');
INSERT INTO `attendance_info` VALUES ('411', '350627199301113521', '2016/01/20 14:26:57', '6be0754e-fbd6-4e28-a73e-8a09cd04a606', '2016/01/20 15:29:54');
INSERT INTO `attendance_info` VALUES ('412', '350627199301113521', '2016/01/20 14:26:55', '6be0754e-fbd6-4e28-a73e-8a09cd04a606', '2016/01/20 15:29:54');
INSERT INTO `attendance_info` VALUES ('413', '352123197312115020', '2016/01/20 14:26:43', '6be0754e-fbd6-4e28-a73e-8a09cd04a606', '2016/01/20 15:29:54');
INSERT INTO `attendance_info` VALUES ('414', '511302198303160041', '2016/01/20 14:26:36', '6be0754e-fbd6-4e28-a73e-8a09cd04a606', '2016/01/20 15:29:54');
INSERT INTO `attendance_info` VALUES ('415', '35058319910720891X', '2016/01/20 14:26:31', '6be0754e-fbd6-4e28-a73e-8a09cd04a606', '2016/01/20 15:29:54');
INSERT INTO `attendance_info` VALUES ('416', '359001197605190529', '2016/01/20 14:25:21', '6be0754e-fbd6-4e28-a73e-8a09cd04a606', '2016/01/20 15:29:54');
INSERT INTO `attendance_info` VALUES ('417', '359001197605190529', '2016/01/20 14:25:19', '6be0754e-fbd6-4e28-a73e-8a09cd04a606', '2016/01/20 15:29:54');
INSERT INTO `attendance_info` VALUES ('418', '350211199109053028', '2016/01/20 14:25:06', '6be0754e-fbd6-4e28-a73e-8a09cd04a606', '2016/01/20 15:29:54');
INSERT INTO `attendance_info` VALUES ('419', '350722199404180026', '2016/01/20 14:25:02', '6be0754e-fbd6-4e28-a73e-8a09cd04a606', '2016/01/20 15:29:54');
INSERT INTO `attendance_info` VALUES ('420', '350500197208201565', '2016/01/20 14:24:53', '6be0754e-fbd6-4e28-a73e-8a09cd04a606', '2016/01/20 15:29:54');
INSERT INTO `attendance_info` VALUES ('421', '352230199204100022', '2016/01/20 14:24:48', '6be0754e-fbd6-4e28-a73e-8a09cd04a606', '2016/01/20 15:29:54');
INSERT INTO `attendance_info` VALUES ('422', '220581199309061205', '2016/01/20 14:24:42', '6be0754e-fbd6-4e28-a73e-8a09cd04a606', '2016/01/20 15:29:54');
INSERT INTO `attendance_info` VALUES ('423', '340828199003243921', '2016/01/20 14:24:39', '6be0754e-fbd6-4e28-a73e-8a09cd04a606', '2016/01/20 15:29:54');
INSERT INTO `attendance_info` VALUES ('424', '350628197510290046', '2016/01/20 14:24:35', '6be0754e-fbd6-4e28-a73e-8a09cd04a606', '2016/01/20 15:29:54');
INSERT INTO `attendance_info` VALUES ('425', '350205199203013041', '2016/01/20 14:24:33', '6be0754e-fbd6-4e28-a73e-8a09cd04a606', '2016/01/20 15:29:54');
INSERT INTO `attendance_info` VALUES ('426', '350128199210085528', '2016/01/20 14:24:29', '6be0754e-fbd6-4e28-a73e-8a09cd04a606', '2016/01/20 15:29:54');
INSERT INTO `attendance_info` VALUES ('427', '352202199305050129', '2016/01/20 14:24:22', '6be0754e-fbd6-4e28-a73e-8a09cd04a606', '2016/01/20 15:29:54');
INSERT INTO `attendance_info` VALUES ('428', '350523197504261321', '2016/01/20 14:24:16', '6be0754e-fbd6-4e28-a73e-8a09cd04a606', '2016/01/20 15:29:54');
INSERT INTO `attendance_info` VALUES ('429', '350322198709130023', '2016/01/20 14:23:52', '6be0754e-fbd6-4e28-a73e-8a09cd04a606', '2016/01/20 15:29:54');
INSERT INTO `attendance_info` VALUES ('430', '350783199010180229', '2016/01/20 14:23:48', '6be0754e-fbd6-4e28-a73e-8a09cd04a606', '2016/01/20 15:29:54');
INSERT INTO `attendance_info` VALUES ('431', '350430198902051541', '2016/01/20 14:23:41', '6be0754e-fbd6-4e28-a73e-8a09cd04a606', '2016/01/20 15:29:54');
INSERT INTO `attendance_info` VALUES ('432', '350783198812200223', '2016/01/20 14:23:38', '6be0754e-fbd6-4e28-a73e-8a09cd04a606', '2016/01/20 15:29:54');
INSERT INTO `attendance_info` VALUES ('433', '350205199302233525', '2016/01/20 14:23:34', '6be0754e-fbd6-4e28-a73e-8a09cd04a606', '2016/01/20 15:29:54');
INSERT INTO `attendance_info` VALUES ('434', '350205199211012022', '2016/01/20 14:23:31', '6be0754e-fbd6-4e28-a73e-8a09cd04a606', '2016/01/20 15:29:54');
INSERT INTO `attendance_info` VALUES ('435', '450111198801131524', '2016/01/20 14:23:25', '6be0754e-fbd6-4e28-a73e-8a09cd04a606', '2016/01/20 15:29:54');
INSERT INTO `attendance_info` VALUES ('436', '350521198210087585', '2016/01/20 14:23:17', '6be0754e-fbd6-4e28-a73e-8a09cd04a606', '2016/01/20 15:29:54');
INSERT INTO `attendance_info` VALUES ('437', '350221197708056021', '2016/01/20 14:23:13', '6be0754e-fbd6-4e28-a73e-8a09cd04a606', '2016/01/20 15:29:54');
INSERT INTO `attendance_info` VALUES ('438', '420221197007260028', '2016/01/20 14:22:53', '6be0754e-fbd6-4e28-a73e-8a09cd04a606', '2016/01/20 15:29:54');
INSERT INTO `attendance_info` VALUES ('439', '350322197811145120', '2016/01/20 14:22:48', '6be0754e-fbd6-4e28-a73e-8a09cd04a606', '2016/01/20 15:29:54');
INSERT INTO `attendance_info` VALUES ('440', '350625197706030028', '2016/01/20 14:22:40', '6be0754e-fbd6-4e28-a73e-8a09cd04a606', '2016/01/20 15:29:54');
INSERT INTO `attendance_info` VALUES ('441', '350481199212250521', '2016/01/20 14:22:34', '6be0754e-fbd6-4e28-a73e-8a09cd04a606', '2016/01/20 15:29:54');
INSERT INTO `attendance_info` VALUES ('442', '142621198906144726', '2016/01/20 14:21:39', '6be0754e-fbd6-4e28-a73e-8a09cd04a606', '2016/01/20 15:29:54');
INSERT INTO `attendance_info` VALUES ('443', '350622199105150067', '2016/01/20 14:21:14', '6be0754e-fbd6-4e28-a73e-8a09cd04a606', '2016/01/20 15:29:54');
INSERT INTO `attendance_info` VALUES ('444', '350824199108290026', '2016/01/20 14:20:42', '6be0754e-fbd6-4e28-a73e-8a09cd04a606', '2016/01/20 15:29:54');
INSERT INTO `attendance_info` VALUES ('445', '220122198808230441', '2016/01/20 14:19:19', '6be0754e-fbd6-4e28-a73e-8a09cd04a606', '2016/01/20 15:29:54');
INSERT INTO `attendance_info` VALUES ('446', '421102199008250505', '2016/01/20 14:19:16', '6be0754e-fbd6-4e28-a73e-8a09cd04a606', '2016/01/20 15:29:54');
INSERT INTO `attendance_info` VALUES ('447', '421102199008250505', '2016/01/20 14:19:13', '6be0754e-fbd6-4e28-a73e-8a09cd04a606', '2016/01/20 15:29:54');
INSERT INTO `attendance_info` VALUES ('448', '350206198910072018', '2016/01/20 14:18:35', '6be0754e-fbd6-4e28-a73e-8a09cd04a606', '2016/01/20 15:29:54');
INSERT INTO `attendance_info` VALUES ('449', '350211199205123014', '2016/01/20 14:18:22', '6be0754e-fbd6-4e28-a73e-8a09cd04a606', '2016/01/20 15:29:54');
INSERT INTO `attendance_info` VALUES ('450', '350211199205123014', '2016/01/20 14:18:20', '6be0754e-fbd6-4e28-a73e-8a09cd04a606', '2016/01/20 15:29:54');
INSERT INTO `attendance_info` VALUES ('451', '350622199208030025', '2016/01/20 14:18:16', '6be0754e-fbd6-4e28-a73e-8a09cd04a606', '2016/01/20 15:29:54');
INSERT INTO `attendance_info` VALUES ('452', '352227198910201821', '2016/01/20 14:18:06', '6be0754e-fbd6-4e28-a73e-8a09cd04a606', '2016/01/20 15:29:54');
INSERT INTO `attendance_info` VALUES ('453', '350205199101291040', '2016/01/20 14:18:01', '6be0754e-fbd6-4e28-a73e-8a09cd04a606', '2016/01/20 15:29:54');
INSERT INTO `attendance_info` VALUES ('454', '230405199110170623', '2016/01/20 14:17:57', '6be0754e-fbd6-4e28-a73e-8a09cd04a606', '2016/01/20 15:29:54');
INSERT INTO `attendance_info` VALUES ('455', '350204199303122046', '2016/01/20 14:17:54', '6be0754e-fbd6-4e28-a73e-8a09cd04a606', '2016/01/20 15:29:54');
INSERT INTO `attendance_info` VALUES ('456', '35092419930607002X', '2016/01/20 14:17:13', '6be0754e-fbd6-4e28-a73e-8a09cd04a606', '2016/01/20 15:29:54');
INSERT INTO `attendance_info` VALUES ('457', '35092419930607002X', '2016/01/20 14:17:11', '6be0754e-fbd6-4e28-a73e-8a09cd04a606', '2016/01/20 15:29:54');
INSERT INTO `attendance_info` VALUES ('458', '350123198803080320', '2016/01/20 14:17:07', '6be0754e-fbd6-4e28-a73e-8a09cd04a606', '2016/01/20 15:29:54');
INSERT INTO `attendance_info` VALUES ('459', '350123198803080320', '2016/01/20 14:17:05', '6be0754e-fbd6-4e28-a73e-8a09cd04a606', '2016/01/20 15:29:54');
INSERT INTO `attendance_info` VALUES ('460', '350623198207161025', '2016/01/20 14:16:40', '6be0754e-fbd6-4e28-a73e-8a09cd04a606', '2016/01/20 15:29:54');
INSERT INTO `attendance_info` VALUES ('461', '350205198509182521', '2016/01/20 14:16:35', '6be0754e-fbd6-4e28-a73e-8a09cd04a606', '2016/01/20 15:29:54');
INSERT INTO `attendance_info` VALUES ('462', '350681199101031108', '2016/01/20 14:16:07', '6be0754e-fbd6-4e28-a73e-8a09cd04a606', '2016/01/20 15:29:54');
INSERT INTO `attendance_info` VALUES ('463', '350629198005041023', '2016/01/20 14:14:54', '6be0754e-fbd6-4e28-a73e-8a09cd04a606', '2016/01/20 15:29:54');
INSERT INTO `attendance_info` VALUES ('464', '350629198005041023', '2016/01/20 14:14:52', '6be0754e-fbd6-4e28-a73e-8a09cd04a606', '2016/01/20 15:29:54');
INSERT INTO `attendance_info` VALUES ('465', '362331198805133929', '2016/01/20 14:13:39', '6be0754e-fbd6-4e28-a73e-8a09cd04a606', '2016/01/20 15:29:54');
INSERT INTO `attendance_info` VALUES ('466', '330325198210120446', '2016/01/20 14:11:59', '6be0754e-fbd6-4e28-a73e-8a09cd04a606', '2016/01/20 15:29:54');
INSERT INTO `attendance_info` VALUES ('467', '350205199306121029', '2016/01/20 14:11:40', '6be0754e-fbd6-4e28-a73e-8a09cd04a606', '2016/01/20 15:29:54');
INSERT INTO `attendance_info` VALUES ('468', '350205199308190028', '2016/01/20 14:11:35', '6be0754e-fbd6-4e28-a73e-8a09cd04a606', '2016/01/20 15:29:54');
INSERT INTO `attendance_info` VALUES ('469', '350524198912203068', '2016/01/20 14:11:31', '6be0754e-fbd6-4e28-a73e-8a09cd04a606', '2016/01/20 15:29:54');
INSERT INTO `attendance_info` VALUES ('470', '420116199203050063', '2016/01/21 08:47:29', '6be0754e-fbd6-4e28-a73e-8a09cd04a606', '2016/01/21 09:27:21');
INSERT INTO `attendance_info` VALUES ('471', '420116199203050063', '2016/01/21 08:47:26', '6be0754e-fbd6-4e28-a73e-8a09cd04a606', '2016/01/21 09:27:21');
INSERT INTO `attendance_info` VALUES ('472', '362423199111040621', '2016/01/21 08:47:04', '6be0754e-fbd6-4e28-a73e-8a09cd04a606', '2016/01/21 09:27:21');
INSERT INTO `attendance_info` VALUES ('473', '22020419930606302X', '2016/01/21 08:42:05', '6be0754e-fbd6-4e28-a73e-8a09cd04a606', '2016/01/21 09:27:21');
INSERT INTO `attendance_info` VALUES ('474', '350725199107214014', '2016/01/21 08:37:32', '6be0754e-fbd6-4e28-a73e-8a09cd04a606', '2016/01/21 09:27:21');
INSERT INTO `attendance_info` VALUES ('475', '35042619901106551X', '2016/01/21 08:37:28', '6be0754e-fbd6-4e28-a73e-8a09cd04a606', '2016/01/21 09:27:21');
INSERT INTO `attendance_info` VALUES ('476', '350427198903050024', '2016/01/21 08:34:19', '6be0754e-fbd6-4e28-a73e-8a09cd04a606', '2016/01/21 09:27:21');
INSERT INTO `attendance_info` VALUES ('477', '359001197605190529', '2016/01/21 08:33:10', '6be0754e-fbd6-4e28-a73e-8a09cd04a606', '2016/01/21 09:27:21');
INSERT INTO `attendance_info` VALUES ('478', '152801198906140626', '2016/01/21 08:32:54', '6be0754e-fbd6-4e28-a73e-8a09cd04a606', '2016/01/21 09:27:21');
INSERT INTO `attendance_info` VALUES ('479', '350628199211223512', '2016/01/21 08:31:36', '6be0754e-fbd6-4e28-a73e-8a09cd04a606', '2016/01/21 09:27:21');
INSERT INTO `attendance_info` VALUES ('480', '350625197706030028', '2016/01/21 08:31:14', '6be0754e-fbd6-4e28-a73e-8a09cd04a606', '2016/01/21 09:27:21');
INSERT INTO `attendance_info` VALUES ('481', '350481199212250521', '2016/01/21 08:31:09', '6be0754e-fbd6-4e28-a73e-8a09cd04a606', '2016/01/21 09:27:21');
INSERT INTO `attendance_info` VALUES ('482', '350425198901180068', '2016/01/21 08:30:51', '6be0754e-fbd6-4e28-a73e-8a09cd04a606', '2016/01/21 09:27:21');
INSERT INTO `attendance_info` VALUES ('483', '340828199003243921', '2016/01/21 08:30:48', '6be0754e-fbd6-4e28-a73e-8a09cd04a606', '2016/01/21 09:27:21');
INSERT INTO `attendance_info` VALUES ('484', '220581199309061205', '2016/01/21 08:30:44', '6be0754e-fbd6-4e28-a73e-8a09cd04a606', '2016/01/21 09:27:21');
INSERT INTO `attendance_info` VALUES ('485', '420922199106140041', '2016/01/21 08:30:40', '6be0754e-fbd6-4e28-a73e-8a09cd04a606', '2016/01/21 09:27:21');
INSERT INTO `attendance_info` VALUES ('486', '370782198901093076', '2016/01/21 08:30:36', '6be0754e-fbd6-4e28-a73e-8a09cd04a606', '2016/01/21 09:27:21');
INSERT INTO `attendance_info` VALUES ('487', '350203199107023028', '2016/01/21 08:29:17', '6be0754e-fbd6-4e28-a73e-8a09cd04a606', '2016/01/21 09:27:21');
INSERT INTO `attendance_info` VALUES ('488', '350628198809022040', '2016/01/21 08:28:56', '6be0754e-fbd6-4e28-a73e-8a09cd04a606', '2016/01/21 09:27:21');
INSERT INTO `attendance_info` VALUES ('489', '350824199002240047', '2016/01/21 08:28:53', '6be0754e-fbd6-4e28-a73e-8a09cd04a606', '2016/01/21 09:27:21');
INSERT INTO `attendance_info` VALUES ('490', '350205199101291040', '2016/01/21 08:28:38', '6be0754e-fbd6-4e28-a73e-8a09cd04a606', '2016/01/21 09:27:21');
INSERT INTO `attendance_info` VALUES ('491', '352227198910201821', '2016/01/21 08:28:34', '6be0754e-fbd6-4e28-a73e-8a09cd04a606', '2016/01/21 09:27:21');
INSERT INTO `attendance_info` VALUES ('492', '350205199306121029', '2016/01/21 08:28:30', '6be0754e-fbd6-4e28-a73e-8a09cd04a606', '2016/01/21 09:27:21');
INSERT INTO `attendance_info` VALUES ('493', '350205199308190028', '2016/01/21 08:28:26', '6be0754e-fbd6-4e28-a73e-8a09cd04a606', '2016/01/21 09:27:21');
INSERT INTO `attendance_info` VALUES ('494', '350824199108290026', '2016/01/21 08:28:23', '6be0754e-fbd6-4e28-a73e-8a09cd04a606', '2016/01/21 09:27:21');
INSERT INTO `attendance_info` VALUES ('495', '350681198702130027', '2016/01/21 08:28:16', '6be0754e-fbd6-4e28-a73e-8a09cd04a606', '2016/01/21 09:27:21');
INSERT INTO `attendance_info` VALUES ('496', '350322198709130023', '2016/01/21 08:28:12', '6be0754e-fbd6-4e28-a73e-8a09cd04a606', '2016/01/21 09:27:21');
INSERT INTO `attendance_info` VALUES ('497', '350823198707174923', '2016/01/21 08:28:09', '6be0754e-fbd6-4e28-a73e-8a09cd04a606', '2016/01/21 09:27:21');
INSERT INTO `attendance_info` VALUES ('498', '350783198812200223', '2016/01/21 08:28:03', '6be0754e-fbd6-4e28-a73e-8a09cd04a606', '2016/01/21 09:27:21');
INSERT INTO `attendance_info` VALUES ('499', '350430198902051541', '2016/01/21 08:28:01', '6be0754e-fbd6-4e28-a73e-8a09cd04a606', '2016/01/21 09:27:21');
INSERT INTO `attendance_info` VALUES ('500', '350211199109053028', '2016/01/21 08:27:57', '6be0754e-fbd6-4e28-a73e-8a09cd04a606', '2016/01/21 09:27:21');
INSERT INTO `attendance_info` VALUES ('501', '350722199404180026', '2016/01/21 08:27:52', '6be0754e-fbd6-4e28-a73e-8a09cd04a606', '2016/01/21 09:27:21');
INSERT INTO `attendance_info` VALUES ('502', '352230199204100022', '2016/01/21 08:27:46', '6be0754e-fbd6-4e28-a73e-8a09cd04a606', '2016/01/21 09:27:21');
INSERT INTO `attendance_info` VALUES ('503', '352202199305050129', '2016/01/21 08:27:39', '6be0754e-fbd6-4e28-a73e-8a09cd04a606', '2016/01/21 09:27:21');
INSERT INTO `attendance_info` VALUES ('504', '350205199302233525', '2016/01/21 08:27:06', '6be0754e-fbd6-4e28-a73e-8a09cd04a606', '2016/01/21 09:27:21');
INSERT INTO `attendance_info` VALUES ('505', '350205199211012022', '2016/01/21 08:27:04', '6be0754e-fbd6-4e28-a73e-8a09cd04a606', '2016/01/21 09:27:21');
INSERT INTO `attendance_info` VALUES ('506', '350205199211012022', '2016/01/21 08:27:02', '6be0754e-fbd6-4e28-a73e-8a09cd04a606', '2016/01/21 09:27:21');
INSERT INTO `attendance_info` VALUES ('507', '450111198801131524', '2016/01/21 08:26:56', '6be0754e-fbd6-4e28-a73e-8a09cd04a606', '2016/01/21 09:27:21');
INSERT INTO `attendance_info` VALUES ('508', '35058319910720891X', '2016/01/21 08:26:33', '6be0754e-fbd6-4e28-a73e-8a09cd04a606', '2016/01/21 09:27:21');
INSERT INTO `attendance_info` VALUES ('509', '350221197708056021', '2016/01/21 08:24:48', '6be0754e-fbd6-4e28-a73e-8a09cd04a606', '2016/01/21 09:27:21');
INSERT INTO `attendance_info` VALUES ('510', '350205199203013041', '2016/01/21 08:24:42', '6be0754e-fbd6-4e28-a73e-8a09cd04a606', '2016/01/21 09:27:21');
INSERT INTO `attendance_info` VALUES ('511', '350211199205123014', '2016/01/21 08:24:37', '6be0754e-fbd6-4e28-a73e-8a09cd04a606', '2016/01/21 09:27:21');
INSERT INTO `attendance_info` VALUES ('512', '350206198910072018', '2016/01/21 08:24:33', '6be0754e-fbd6-4e28-a73e-8a09cd04a606', '2016/01/21 09:27:21');
INSERT INTO `attendance_info` VALUES ('513', '350623198207161025', '2016/01/21 08:24:25', '6be0754e-fbd6-4e28-a73e-8a09cd04a606', '2016/01/21 09:27:21');
INSERT INTO `attendance_info` VALUES ('514', '350521198210087585', '2016/01/21 08:24:14', '6be0754e-fbd6-4e28-a73e-8a09cd04a606', '2016/01/21 09:27:21');
INSERT INTO `attendance_info` VALUES ('515', '350205198509182521', '2016/01/21 08:24:09', '6be0754e-fbd6-4e28-a73e-8a09cd04a606', '2016/01/21 09:27:21');
INSERT INTO `attendance_info` VALUES ('516', '350128199210085528', '2016/01/21 08:23:58', '6be0754e-fbd6-4e28-a73e-8a09cd04a606', '2016/01/21 09:27:21');
INSERT INTO `attendance_info` VALUES ('517', '350681199208281107', '2016/01/21 08:23:54', '6be0754e-fbd6-4e28-a73e-8a09cd04a606', '2016/01/21 09:27:21');
INSERT INTO `attendance_info` VALUES ('518', '420221197007260028', '2016/01/21 08:23:49', '6be0754e-fbd6-4e28-a73e-8a09cd04a606', '2016/01/21 09:27:21');
INSERT INTO `attendance_info` VALUES ('519', '350322197811145120', '2016/01/21 08:23:44', '6be0754e-fbd6-4e28-a73e-8a09cd04a606', '2016/01/21 09:27:21');
INSERT INTO `attendance_info` VALUES ('520', '350627199301113521', '2016/01/21 08:23:36', '6be0754e-fbd6-4e28-a73e-8a09cd04a606', '2016/01/21 09:27:21');
INSERT INTO `attendance_info` VALUES ('521', '350403199004200045', '2016/01/21 08:23:08', '6be0754e-fbd6-4e28-a73e-8a09cd04a606', '2016/01/21 09:27:21');
INSERT INTO `attendance_info` VALUES ('522', '352230199210062149', '2016/01/21 08:23:04', '6be0754e-fbd6-4e28-a73e-8a09cd04a606', '2016/01/21 09:27:21');
INSERT INTO `attendance_info` VALUES ('523', '35092419930607002X', '2016/01/21 08:23:00', '6be0754e-fbd6-4e28-a73e-8a09cd04a606', '2016/01/21 09:27:21');
INSERT INTO `attendance_info` VALUES ('524', '350123198803080320', '2016/01/21 08:22:56', '6be0754e-fbd6-4e28-a73e-8a09cd04a606', '2016/01/21 09:27:21');
INSERT INTO `attendance_info` VALUES ('525', '330325198210120446', '2016/01/21 08:22:05', '6be0754e-fbd6-4e28-a73e-8a09cd04a606', '2016/01/21 09:27:21');
INSERT INTO `attendance_info` VALUES ('526', '350783199010180229', '2016/01/21 08:21:41', '6be0754e-fbd6-4e28-a73e-8a09cd04a606', '2016/01/21 09:27:21');
INSERT INTO `attendance_info` VALUES ('527', '350629198005041023', '2016/01/21 08:21:09', '6be0754e-fbd6-4e28-a73e-8a09cd04a606', '2016/01/21 09:27:21');
INSERT INTO `attendance_info` VALUES ('528', '350500197208201565', '2016/01/21 08:17:20', '6be0754e-fbd6-4e28-a73e-8a09cd04a606', '2016/01/21 09:27:21');
INSERT INTO `attendance_info` VALUES ('529', '35068119861122102X', '2016/01/21 08:17:12', '6be0754e-fbd6-4e28-a73e-8a09cd04a606', '2016/01/21 09:27:21');
INSERT INTO `attendance_info` VALUES ('530', '350600197905030525', '2016/01/21 08:17:08', '6be0754e-fbd6-4e28-a73e-8a09cd04a606', '2016/01/21 09:27:21');
INSERT INTO `attendance_info` VALUES ('531', '350524198912203068', '2016/01/21 08:16:33', '6be0754e-fbd6-4e28-a73e-8a09cd04a606', '2016/01/21 09:27:21');
INSERT INTO `attendance_info` VALUES ('532', '350622199208030025', '2016/01/21 08:16:26', '6be0754e-fbd6-4e28-a73e-8a09cd04a606', '2016/01/21 09:27:21');
INSERT INTO `attendance_info` VALUES ('533', '350681199101031108', '2016/01/21 08:16:21', '6be0754e-fbd6-4e28-a73e-8a09cd04a606', '2016/01/21 09:27:21');
INSERT INTO `attendance_info` VALUES ('534', '450881198510280930', '2016/01/21 08:15:04', '6be0754e-fbd6-4e28-a73e-8a09cd04a606', '2016/01/21 09:27:21');
INSERT INTO `attendance_info` VALUES ('535', '350628197510290046', '2016/01/21 08:12:55', '6be0754e-fbd6-4e28-a73e-8a09cd04a606', '2016/01/21 09:27:21');
INSERT INTO `attendance_info` VALUES ('536', '350204199303122046', '2016/01/21 08:12:45', '6be0754e-fbd6-4e28-a73e-8a09cd04a606', '2016/01/21 09:27:21');
INSERT INTO `attendance_info` VALUES ('537', '230405199110170623', '2016/01/21 08:12:33', '6be0754e-fbd6-4e28-a73e-8a09cd04a606', '2016/01/21 09:27:21');
INSERT INTO `attendance_info` VALUES ('538', '352123197312115020', '2016/01/21 08:11:56', '6be0754e-fbd6-4e28-a73e-8a09cd04a606', '2016/01/21 09:27:21');
INSERT INTO `attendance_info` VALUES ('539', '350622199105150067', '2016/01/21 08:11:52', '6be0754e-fbd6-4e28-a73e-8a09cd04a606', '2016/01/21 09:27:21');
INSERT INTO `attendance_info` VALUES ('540', '350523197504261321', '2016/01/21 08:11:44', '6be0754e-fbd6-4e28-a73e-8a09cd04a606', '2016/01/21 09:27:21');
INSERT INTO `attendance_info` VALUES ('541', '511302198303160041', '2016/01/21 08:11:39', '6be0754e-fbd6-4e28-a73e-8a09cd04a606', '2016/01/21 09:27:21');
INSERT INTO `attendance_info` VALUES ('542', '220122198808230441', '2016/01/21 08:08:23', '6be0754e-fbd6-4e28-a73e-8a09cd04a606', '2016/01/21 09:27:21');
INSERT INTO `attendance_info` VALUES ('543', '421102199008250505', '2016/01/21 08:08:13', '6be0754e-fbd6-4e28-a73e-8a09cd04a606', '2016/01/21 09:27:21');
INSERT INTO `attendance_info` VALUES ('544', '142621198906144726', '2016/01/21 08:08:09', '6be0754e-fbd6-4e28-a73e-8a09cd04a606', '2016/01/21 09:27:21');
INSERT INTO `attendance_info` VALUES ('545', '350524198912203068', '2016/01/21 14:12:51', '6be0754e-fbd6-4e28-a73e-8a09cd04a606', '2016/01/21 14:29:30');
INSERT INTO `attendance_info` VALUES ('546', '350427198903050024', '2016/01/21 14:12:48', '6be0754e-fbd6-4e28-a73e-8a09cd04a606', '2016/01/21 14:29:30');
INSERT INTO `attendance_info` VALUES ('547', '340828199003243921', '2016/01/21 14:09:01', '6be0754e-fbd6-4e28-a73e-8a09cd04a606', '2016/01/21 14:29:30');
INSERT INTO `attendance_info` VALUES ('548', '350725199107214014', '2016/01/21 14:03:46', '6be0754e-fbd6-4e28-a73e-8a09cd04a606', '2016/01/21 14:29:30');
INSERT INTO `attendance_info` VALUES ('549', '350725199107214014', '2016/01/21 14:03:44', '6be0754e-fbd6-4e28-a73e-8a09cd04a606', '2016/01/21 14:29:30');
INSERT INTO `attendance_info` VALUES ('550', '35042619901106551X', '2016/01/21 14:03:42', '6be0754e-fbd6-4e28-a73e-8a09cd04a606', '2016/01/21 14:29:30');
INSERT INTO `attendance_info` VALUES ('551', '35042619901106551X', '2016/01/21 14:03:40', '6be0754e-fbd6-4e28-a73e-8a09cd04a606', '2016/01/21 14:29:30');
INSERT INTO `attendance_info` VALUES ('552', '362423199111040621', '2016/01/21 14:03:04', '6be0754e-fbd6-4e28-a73e-8a09cd04a606', '2016/01/21 14:29:30');
INSERT INTO `attendance_info` VALUES ('553', '350625197706030028', '2016/01/21 14:03:00', '6be0754e-fbd6-4e28-a73e-8a09cd04a606', '2016/01/21 14:29:30');
INSERT INTO `attendance_info` VALUES ('554', '350403199004200045', '2016/01/21 14:01:20', '6be0754e-fbd6-4e28-a73e-8a09cd04a606', '2016/01/21 14:29:30');
INSERT INTO `attendance_info` VALUES ('555', '352230199210062149', '2016/01/21 14:01:16', '6be0754e-fbd6-4e28-a73e-8a09cd04a606', '2016/01/21 14:29:30');
INSERT INTO `attendance_info` VALUES ('556', '350628198809022040', '2016/01/21 13:58:17', '6be0754e-fbd6-4e28-a73e-8a09cd04a606', '2016/01/21 14:29:30');
INSERT INTO `attendance_info` VALUES ('557', '350681198702130027', '2016/01/21 13:58:12', '6be0754e-fbd6-4e28-a73e-8a09cd04a606', '2016/01/21 14:29:30');
INSERT INTO `attendance_info` VALUES ('558', '350628199211223512', '2016/01/21 13:58:08', '6be0754e-fbd6-4e28-a73e-8a09cd04a606', '2016/01/21 14:29:30');
INSERT INTO `attendance_info` VALUES ('559', '350824199108290026', '2016/01/21 13:57:57', '6be0754e-fbd6-4e28-a73e-8a09cd04a606', '2016/01/21 14:29:30');
INSERT INTO `attendance_info` VALUES ('560', '350211199109053028', '2016/01/21 13:56:47', '6be0754e-fbd6-4e28-a73e-8a09cd04a606', '2016/01/21 14:29:30');
INSERT INTO `attendance_info` VALUES ('561', '421102199008250505', '2016/01/21 13:56:12', '6be0754e-fbd6-4e28-a73e-8a09cd04a606', '2016/01/21 14:29:30');
INSERT INTO `attendance_info` VALUES ('562', '220122198808230441', '2016/01/21 13:56:05', '6be0754e-fbd6-4e28-a73e-8a09cd04a606', '2016/01/21 14:29:30');
INSERT INTO `attendance_info` VALUES ('563', '220122198808230441', '2016/01/21 13:56:02', '6be0754e-fbd6-4e28-a73e-8a09cd04a606', '2016/01/21 14:29:30');
INSERT INTO `attendance_info` VALUES ('564', '350783198812200223', '2016/01/21 13:55:56', '6be0754e-fbd6-4e28-a73e-8a09cd04a606', '2016/01/21 14:29:30');
INSERT INTO `attendance_info` VALUES ('565', '142621198906144726', '2016/01/21 13:55:51', '6be0754e-fbd6-4e28-a73e-8a09cd04a606', '2016/01/21 14:29:30');
INSERT INTO `attendance_info` VALUES ('566', '350824199002240047', '2016/01/21 13:55:09', '6be0754e-fbd6-4e28-a73e-8a09cd04a606', '2016/01/21 14:29:30');
INSERT INTO `attendance_info` VALUES ('567', '350203199107023028', '2016/01/21 13:54:51', '6be0754e-fbd6-4e28-a73e-8a09cd04a606', '2016/01/21 14:29:30');
INSERT INTO `attendance_info` VALUES ('568', '350722199404180026', '2016/01/21 13:54:31', '6be0754e-fbd6-4e28-a73e-8a09cd04a606', '2016/01/21 14:29:30');
INSERT INTO `attendance_info` VALUES ('569', '350128199210085528', '2016/01/21 13:54:28', '6be0754e-fbd6-4e28-a73e-8a09cd04a606', '2016/01/21 14:29:30');
INSERT INTO `attendance_info` VALUES ('570', '350823198707174923', '2016/01/21 13:54:11', '6be0754e-fbd6-4e28-a73e-8a09cd04a606', '2016/01/21 14:29:30');
INSERT INTO `attendance_info` VALUES ('571', '350205199203013041', '2016/01/21 13:53:57', '6be0754e-fbd6-4e28-a73e-8a09cd04a606', '2016/01/21 14:29:30');
INSERT INTO `attendance_info` VALUES ('572', '352230199204100022', '2016/01/21 13:53:49', '6be0754e-fbd6-4e28-a73e-8a09cd04a606', '2016/01/21 14:29:30');
INSERT INTO `attendance_info` VALUES ('573', '350322198709130023', '2016/01/21 13:53:12', '6be0754e-fbd6-4e28-a73e-8a09cd04a606', '2016/01/21 14:29:30');
INSERT INTO `attendance_info` VALUES ('574', '350322198709130023', '2016/01/21 13:53:09', '6be0754e-fbd6-4e28-a73e-8a09cd04a606', '2016/01/21 14:29:30');
INSERT INTO `attendance_info` VALUES ('575', '350783199010180229', '2016/01/21 13:53:06', '6be0754e-fbd6-4e28-a73e-8a09cd04a606', '2016/01/21 14:29:30');
INSERT INTO `attendance_info` VALUES ('576', '152801198906140626', '2016/01/21 13:52:50', '6be0754e-fbd6-4e28-a73e-8a09cd04a606', '2016/01/21 14:29:30');
INSERT INTO `attendance_info` VALUES ('577', '350204199303122046', '2016/01/21 13:52:09', '6be0754e-fbd6-4e28-a73e-8a09cd04a606', '2016/01/21 14:29:30');
INSERT INTO `attendance_info` VALUES ('578', '230405199110170623', '2016/01/21 13:52:05', '6be0754e-fbd6-4e28-a73e-8a09cd04a606', '2016/01/21 14:29:30');
INSERT INTO `attendance_info` VALUES ('579', '350123198803080320', '2016/01/21 13:51:50', '6be0754e-fbd6-4e28-a73e-8a09cd04a606', '2016/01/21 14:29:30');
INSERT INTO `attendance_info` VALUES ('580', '35092419930607002X', '2016/01/21 13:51:46', '6be0754e-fbd6-4e28-a73e-8a09cd04a606', '2016/01/21 14:29:30');
INSERT INTO `attendance_info` VALUES ('581', '352123197312115020', '2016/01/21 13:51:23', '6be0754e-fbd6-4e28-a73e-8a09cd04a606', '2016/01/21 14:29:30');
INSERT INTO `attendance_info` VALUES ('582', '370782198901093076', '2016/01/21 13:51:19', '6be0754e-fbd6-4e28-a73e-8a09cd04a606', '2016/01/21 14:29:30');
INSERT INTO `attendance_info` VALUES ('583', '511302198303160041', '2016/01/21 13:51:13', '6be0754e-fbd6-4e28-a73e-8a09cd04a606', '2016/01/21 14:29:30');
INSERT INTO `attendance_info` VALUES ('584', '420221197007260028', '2016/01/21 13:51:06', '6be0754e-fbd6-4e28-a73e-8a09cd04a606', '2016/01/21 14:29:30');
INSERT INTO `attendance_info` VALUES ('585', '420221197007260028', '2016/01/21 13:51:04', '6be0754e-fbd6-4e28-a73e-8a09cd04a606', '2016/01/21 14:29:30');
INSERT INTO `attendance_info` VALUES ('586', '350205199306121029', '2016/01/21 13:50:59', '6be0754e-fbd6-4e28-a73e-8a09cd04a606', '2016/01/21 14:29:30');
INSERT INTO `attendance_info` VALUES ('587', '350205199306121029', '2016/01/21 13:50:57', '6be0754e-fbd6-4e28-a73e-8a09cd04a606', '2016/01/21 14:29:30');
INSERT INTO `attendance_info` VALUES ('588', '350205199308190028', '2016/01/21 13:50:54', '6be0754e-fbd6-4e28-a73e-8a09cd04a606', '2016/01/21 14:29:30');
INSERT INTO `attendance_info` VALUES ('589', '350430198902051541', '2016/01/21 13:50:48', '6be0754e-fbd6-4e28-a73e-8a09cd04a606', '2016/01/21 14:29:30');
INSERT INTO `attendance_info` VALUES ('590', '350322197811145120', '2016/01/21 13:50:42', '6be0754e-fbd6-4e28-a73e-8a09cd04a606', '2016/01/21 14:29:30');
INSERT INTO `attendance_info` VALUES ('591', '210882198912121221', '2016/01/21 13:50:38', '6be0754e-fbd6-4e28-a73e-8a09cd04a606', '2016/01/21 14:29:30');
INSERT INTO `attendance_info` VALUES ('592', '350205199211012022', '2016/01/21 13:50:28', '6be0754e-fbd6-4e28-a73e-8a09cd04a606', '2016/01/21 14:29:30');
INSERT INTO `attendance_info` VALUES ('593', '450111198801131524', '2016/01/21 13:50:18', '6be0754e-fbd6-4e28-a73e-8a09cd04a606', '2016/01/21 14:29:30');
INSERT INTO `attendance_info` VALUES ('594', '350205199302233525', '2016/01/21 13:50:13', '6be0754e-fbd6-4e28-a73e-8a09cd04a606', '2016/01/21 14:29:30');
INSERT INTO `attendance_info` VALUES ('595', '420116199203050063', '2016/01/21 13:49:59', '6be0754e-fbd6-4e28-a73e-8a09cd04a606', '2016/01/21 14:29:30');
INSERT INTO `attendance_info` VALUES ('596', '350500197208201565', '2016/01/21 13:49:52', '6be0754e-fbd6-4e28-a73e-8a09cd04a606', '2016/01/21 14:29:30');
INSERT INTO `attendance_info` VALUES ('597', '350205199101291040', '2016/01/21 13:49:44', '6be0754e-fbd6-4e28-a73e-8a09cd04a606', '2016/01/21 14:29:30');
INSERT INTO `attendance_info` VALUES ('598', '350622199208030025', '2016/01/21 13:49:41', '6be0754e-fbd6-4e28-a73e-8a09cd04a606', '2016/01/21 14:29:30');
INSERT INTO `attendance_info` VALUES ('599', '350481199212250521', '2016/01/21 13:49:35', '6be0754e-fbd6-4e28-a73e-8a09cd04a606', '2016/01/21 14:29:30');
INSERT INTO `attendance_info` VALUES ('600', '350628197510290046', '2016/01/21 13:49:32', '6be0754e-fbd6-4e28-a73e-8a09cd04a606', '2016/01/21 14:29:30');
INSERT INTO `attendance_info` VALUES ('601', '420922199106140041', '2016/01/21 13:49:20', '6be0754e-fbd6-4e28-a73e-8a09cd04a606', '2016/01/21 14:29:30');
INSERT INTO `attendance_info` VALUES ('602', '35058319910720891X', '2016/01/21 13:49:13', '6be0754e-fbd6-4e28-a73e-8a09cd04a606', '2016/01/21 14:29:30');
INSERT INTO `attendance_info` VALUES ('603', '350523197504261321', '2016/01/21 13:49:03', '6be0754e-fbd6-4e28-a73e-8a09cd04a606', '2016/01/21 14:29:30');
INSERT INTO `attendance_info` VALUES ('604', '350623198207161025', '2016/01/21 13:48:18', '6be0754e-fbd6-4e28-a73e-8a09cd04a606', '2016/01/21 14:29:30');
INSERT INTO `attendance_info` VALUES ('605', '350521198210087585', '2016/01/21 13:48:14', '6be0754e-fbd6-4e28-a73e-8a09cd04a606', '2016/01/21 14:29:30');
INSERT INTO `attendance_info` VALUES ('606', '350205198509182521', '2016/01/21 13:48:11', '6be0754e-fbd6-4e28-a73e-8a09cd04a606', '2016/01/21 14:29:30');
INSERT INTO `attendance_info` VALUES ('607', '350221197708056021', '2016/01/21 13:48:04', '6be0754e-fbd6-4e28-a73e-8a09cd04a606', '2016/01/21 14:29:30');
INSERT INTO `attendance_info` VALUES ('608', '35068119861122102X', '2016/01/21 13:46:29', '6be0754e-fbd6-4e28-a73e-8a09cd04a606', '2016/01/21 14:29:30');
INSERT INTO `attendance_info` VALUES ('609', '350627199301113521', '2016/01/21 13:45:39', '6be0754e-fbd6-4e28-a73e-8a09cd04a606', '2016/01/21 14:29:30');
INSERT INTO `attendance_info` VALUES ('610', '350681199208281107', '2016/01/21 13:45:22', '6be0754e-fbd6-4e28-a73e-8a09cd04a606', '2016/01/21 14:29:30');
INSERT INTO `attendance_info` VALUES ('611', '350600197905030525', '2016/01/21 13:45:16', '6be0754e-fbd6-4e28-a73e-8a09cd04a606', '2016/01/21 14:29:30');
INSERT INTO `attendance_info` VALUES ('612', '350681199101031108', '2016/01/21 13:44:48', '6be0754e-fbd6-4e28-a73e-8a09cd04a606', '2016/01/21 14:29:30');
INSERT INTO `attendance_info` VALUES ('613', '350206198910072018', '2016/01/21 13:44:43', '6be0754e-fbd6-4e28-a73e-8a09cd04a606', '2016/01/21 14:29:30');
INSERT INTO `attendance_info` VALUES ('614', '352202199305050129', '2016/01/21 13:44:39', '6be0754e-fbd6-4e28-a73e-8a09cd04a606', '2016/01/21 14:29:30');
INSERT INTO `attendance_info` VALUES ('615', '350211199205123014', '2016/01/21 13:44:34', '6be0754e-fbd6-4e28-a73e-8a09cd04a606', '2016/01/21 14:29:30');
INSERT INTO `attendance_info` VALUES ('616', '350622199105150067', '2016/01/21 13:44:30', '6be0754e-fbd6-4e28-a73e-8a09cd04a606', '2016/01/21 14:29:30');
INSERT INTO `attendance_info` VALUES ('617', '350629198005041023', '2016/01/21 13:44:25', '6be0754e-fbd6-4e28-a73e-8a09cd04a606', '2016/01/21 14:29:30');
INSERT INTO `attendance_info` VALUES ('618', '352227198910201821', '2016/01/21 13:44:18', '6be0754e-fbd6-4e28-a73e-8a09cd04a606', '2016/01/21 14:29:30');
INSERT INTO `attendance_info` VALUES ('619', '22020419930606302X', '2016/01/21 13:44:13', '6be0754e-fbd6-4e28-a73e-8a09cd04a606', '2016/01/21 14:29:30');
INSERT INTO `attendance_info` VALUES ('620', '350425198901180068', '2016/01/21 13:44:08', '6be0754e-fbd6-4e28-a73e-8a09cd04a606', '2016/01/21 14:29:30');
INSERT INTO `attendance_info` VALUES ('621', '450881198510280930', '2016/01/21 13:43:31', '6be0754e-fbd6-4e28-a73e-8a09cd04a606', '2016/01/21 14:29:30');
INSERT INTO `attendance_info` VALUES ('622', '359001197605190529', '2016/01/21 14:36:58', '6be0754e-fbd6-4e28-a73e-8a09cd04a606', '2016/01/21 14:36:26');
INSERT INTO `attendance_info` VALUES ('623', '359001197605190529', '2016/01/21 14:36:58', '6be0754e-fbd6-4e28-a73e-8a09cd04a606', '2016/01/21 14:39:53');
INSERT INTO `attendance_info` VALUES ('624', '350322198702200543', '2016/01/23 09:12:34', '6be0754e-fbd6-4e28-a73e-8a09cd04a606', '2016/01/23 09:44:53');
INSERT INTO `attendance_info` VALUES ('625', '350600198601190524', '2016/01/23 09:06:32', '6be0754e-fbd6-4e28-a73e-8a09cd04a606', '2016/01/23 09:44:53');
INSERT INTO `attendance_info` VALUES ('626', '350600198601190524', '2016/01/23 09:06:29', '6be0754e-fbd6-4e28-a73e-8a09cd04a606', '2016/01/23 09:44:53');
INSERT INTO `attendance_info` VALUES ('627', '350204199307036022', '2016/01/23 08:59:39', '6be0754e-fbd6-4e28-a73e-8a09cd04a606', '2016/01/23 09:44:53');
INSERT INTO `attendance_info` VALUES ('628', '350212198808032025', '2016/01/23 08:59:35', '6be0754e-fbd6-4e28-a73e-8a09cd04a606', '2016/01/23 09:44:53');
INSERT INTO `attendance_info` VALUES ('629', '350425198912212424', '2016/01/23 08:58:47', '6be0754e-fbd6-4e28-a73e-8a09cd04a606', '2016/01/23 09:44:53');
INSERT INTO `attendance_info` VALUES ('630', '350723198908050040', '2016/01/23 08:58:44', '6be0754e-fbd6-4e28-a73e-8a09cd04a606', '2016/01/23 09:44:53');
INSERT INTO `attendance_info` VALUES ('631', '35020519910926301X', '2016/01/23 08:58:38', '6be0754e-fbd6-4e28-a73e-8a09cd04a606', '2016/01/23 09:44:53');
INSERT INTO `attendance_info` VALUES ('632', '220323199005250467', '2016/01/23 08:58:33', '6be0754e-fbd6-4e28-a73e-8a09cd04a606', '2016/01/23 09:44:53');
INSERT INTO `attendance_info` VALUES ('633', '350721198910290024', '2016/01/23 08:57:12', '6be0754e-fbd6-4e28-a73e-8a09cd04a606', '2016/01/23 09:44:53');
INSERT INTO `attendance_info` VALUES ('634', '350211198905253587', '2016/01/23 08:57:07', '6be0754e-fbd6-4e28-a73e-8a09cd04a606', '2016/01/23 09:44:53');
INSERT INTO `attendance_info` VALUES ('635', '350211199002103515', '2016/01/23 08:57:01', '6be0754e-fbd6-4e28-a73e-8a09cd04a606', '2016/01/23 09:44:53');
INSERT INTO `attendance_info` VALUES ('636', '350881198209180769', '2016/01/23 08:54:56', '6be0754e-fbd6-4e28-a73e-8a09cd04a606', '2016/01/23 09:44:53');
INSERT INTO `attendance_info` VALUES ('637', '35020519920919252X', '2016/01/23 08:54:51', '6be0754e-fbd6-4e28-a73e-8a09cd04a606', '2016/01/23 09:44:53');
INSERT INTO `attendance_info` VALUES ('638', '350823198904010020', '2016/01/23 08:54:47', '6be0754e-fbd6-4e28-a73e-8a09cd04a606', '2016/01/23 09:44:53');
INSERT INTO `attendance_info` VALUES ('639', '350802199307211521', '2016/01/23 08:54:42', '6be0754e-fbd6-4e28-a73e-8a09cd04a606', '2016/01/23 09:44:53');
INSERT INTO `attendance_info` VALUES ('640', '350204199201296520', '2016/01/23 08:54:31', '6be0754e-fbd6-4e28-a73e-8a09cd04a606', '2016/01/23 09:44:53');
INSERT INTO `attendance_info` VALUES ('641', '350205199111042048', '2016/01/23 08:54:25', '6be0754e-fbd6-4e28-a73e-8a09cd04a606', '2016/01/23 09:44:53');
INSERT INTO `attendance_info` VALUES ('642', '350202199010170025', '2016/01/23 08:54:21', '6be0754e-fbd6-4e28-a73e-8a09cd04a606', '2016/01/23 09:44:53');
INSERT INTO `attendance_info` VALUES ('643', '140123198908057048', '2016/01/23 08:54:17', '6be0754e-fbd6-4e28-a73e-8a09cd04a606', '2016/01/23 09:44:53');
INSERT INTO `attendance_info` VALUES ('644', '35062219910911002X', '2016/01/23 08:52:29', '6be0754e-fbd6-4e28-a73e-8a09cd04a606', '2016/01/23 09:44:53');
INSERT INTO `attendance_info` VALUES ('645', '350622199202130041', '2016/01/23 08:52:23', '6be0754e-fbd6-4e28-a73e-8a09cd04a606', '2016/01/23 09:44:53');
INSERT INTO `attendance_info` VALUES ('646', '350622199303290036', '2016/01/23 08:52:13', '6be0754e-fbd6-4e28-a73e-8a09cd04a606', '2016/01/23 09:44:53');
INSERT INTO `attendance_info` VALUES ('647', '350204199210161011', '2016/01/23 08:52:11', '6be0754e-fbd6-4e28-a73e-8a09cd04a606', '2016/01/23 09:44:53');
INSERT INTO `attendance_info` VALUES ('648', '350204199210161011', '2016/01/23 08:52:08', '6be0754e-fbd6-4e28-a73e-8a09cd04a606', '2016/01/23 09:44:53');
INSERT INTO `attendance_info` VALUES ('649', '350623199008133421', '2016/01/23 08:51:34', '6be0754e-fbd6-4e28-a73e-8a09cd04a606', '2016/01/23 09:44:53');
INSERT INTO `attendance_info` VALUES ('650', '350430199301030029', '2016/01/23 08:51:07', '6be0754e-fbd6-4e28-a73e-8a09cd04a606', '2016/01/23 09:44:53');
INSERT INTO `attendance_info` VALUES ('651', '350521198511047827', '2016/01/23 08:50:20', '6be0754e-fbd6-4e28-a73e-8a09cd04a606', '2016/01/23 09:44:53');
INSERT INTO `attendance_info` VALUES ('652', '350205199208181028', '2016/01/23 08:50:15', '6be0754e-fbd6-4e28-a73e-8a09cd04a606', '2016/01/23 09:44:53');
INSERT INTO `attendance_info` VALUES ('653', '350202198902011025', '2016/01/23 08:50:09', '6be0754e-fbd6-4e28-a73e-8a09cd04a606', '2016/01/23 09:44:53');
INSERT INTO `attendance_info` VALUES ('654', '431224199104278845', '2016/01/23 08:49:59', '6be0754e-fbd6-4e28-a73e-8a09cd04a606', '2016/01/23 09:44:53');
INSERT INTO `attendance_info` VALUES ('655', '350205199407071024', '2016/01/23 08:49:54', '6be0754e-fbd6-4e28-a73e-8a09cd04a606', '2016/01/23 09:44:53');
INSERT INTO `attendance_info` VALUES ('656', '350521198702286564', '2016/01/23 08:49:50', '6be0754e-fbd6-4e28-a73e-8a09cd04a606', '2016/01/23 09:44:53');
INSERT INTO `attendance_info` VALUES ('657', '350583199205130087', '2016/01/23 08:49:45', '6be0754e-fbd6-4e28-a73e-8a09cd04a606', '2016/01/23 09:44:53');
INSERT INTO `attendance_info` VALUES ('658', '35021219871118003X', '2016/01/23 08:49:40', '6be0754e-fbd6-4e28-a73e-8a09cd04a606', '2016/01/23 09:44:53');
INSERT INTO `attendance_info` VALUES ('659', '350627198908210569', '2016/01/23 08:49:35', '6be0754e-fbd6-4e28-a73e-8a09cd04a606', '2016/01/23 09:44:53');
INSERT INTO `attendance_info` VALUES ('660', '350627198607022054', '2016/01/23 08:49:32', '6be0754e-fbd6-4e28-a73e-8a09cd04a606', '2016/01/23 09:44:53');
INSERT INTO `attendance_info` VALUES ('661', '350205199212243527', '2016/01/23 08:49:26', '6be0754e-fbd6-4e28-a73e-8a09cd04a606', '2016/01/23 09:44:53');
INSERT INTO `attendance_info` VALUES ('662', '130303198906092142', '2016/01/23 08:49:23', '6be0754e-fbd6-4e28-a73e-8a09cd04a606', '2016/01/23 09:44:53');
INSERT INTO `attendance_info` VALUES ('663', '350702198809091320', '2016/01/23 08:47:20', '6be0754e-fbd6-4e28-a73e-8a09cd04a606', '2016/01/23 09:44:53');
INSERT INTO `attendance_info` VALUES ('664', '350424198708130521', '2016/01/23 08:47:12', '6be0754e-fbd6-4e28-a73e-8a09cd04a606', '2016/01/23 09:44:53');
INSERT INTO `attendance_info` VALUES ('665', '350205199306131024', '2016/01/23 08:46:29', '6be0754e-fbd6-4e28-a73e-8a09cd04a606', '2016/01/23 09:44:53');
INSERT INTO `attendance_info` VALUES ('666', '350204199308031020', '2016/01/23 08:46:26', '6be0754e-fbd6-4e28-a73e-8a09cd04a606', '2016/01/23 09:44:53');
INSERT INTO `attendance_info` VALUES ('667', '350625199112020040', '2016/01/23 08:45:26', '6be0754e-fbd6-4e28-a73e-8a09cd04a606', '2016/01/23 09:44:53');
INSERT INTO `attendance_info` VALUES ('668', '350212199112294523', '2016/01/23 08:45:19', '6be0754e-fbd6-4e28-a73e-8a09cd04a606', '2016/01/23 09:44:53');
INSERT INTO `attendance_info` VALUES ('669', '350212199011050554', '2016/01/23 08:45:14', '6be0754e-fbd6-4e28-a73e-8a09cd04a606', '2016/01/23 09:44:53');
INSERT INTO `attendance_info` VALUES ('670', '35021219910717253X', '2016/01/23 08:45:07', '6be0754e-fbd6-4e28-a73e-8a09cd04a606', '2016/01/23 09:44:53');
INSERT INTO `attendance_info` VALUES ('671', '350629197312060035', '2016/01/23 08:45:03', '6be0754e-fbd6-4e28-a73e-8a09cd04a606', '2016/01/23 09:44:53');
INSERT INTO `attendance_info` VALUES ('672', '350629197312060035', '2016/01/23 08:45:01', '6be0754e-fbd6-4e28-a73e-8a09cd04a606', '2016/01/23 09:44:53');
INSERT INTO `attendance_info` VALUES ('673', '362425198602173611', '2016/01/23 08:44:47', '6be0754e-fbd6-4e28-a73e-8a09cd04a606', '2016/01/23 09:44:53');
INSERT INTO `attendance_info` VALUES ('674', '350212198701304545', '2016/01/23 08:44:20', '6be0754e-fbd6-4e28-a73e-8a09cd04a606', '2016/01/23 09:44:53');
INSERT INTO `attendance_info` VALUES ('675', '350212198701304545', '2016/01/23 08:44:18', '6be0754e-fbd6-4e28-a73e-8a09cd04a606', '2016/01/23 09:44:53');
INSERT INTO `attendance_info` VALUES ('676', '431223199311193821', '2016/01/23 08:43:59', '6be0754e-fbd6-4e28-a73e-8a09cd04a606', '2016/01/23 09:44:53');
INSERT INTO `attendance_info` VALUES ('677', '431223199311193821', '2016/01/23 08:43:57', '6be0754e-fbd6-4e28-a73e-8a09cd04a606', '2016/01/23 09:44:53');
INSERT INTO `attendance_info` VALUES ('678', '350402199111096021', '2016/01/23 08:43:22', '6be0754e-fbd6-4e28-a73e-8a09cd04a606', '2016/01/23 09:44:53');
INSERT INTO `attendance_info` VALUES ('679', '350402199111096021', '2016/01/23 08:43:20', '6be0754e-fbd6-4e28-a73e-8a09cd04a606', '2016/01/23 09:44:53');
INSERT INTO `attendance_info` VALUES ('680', '350524198906131088', '2016/01/23 08:43:12', '6be0754e-fbd6-4e28-a73e-8a09cd04a606', '2016/01/23 09:44:53');
INSERT INTO `attendance_info` VALUES ('681', '350524198906131088', '2016/01/23 08:43:10', '6be0754e-fbd6-4e28-a73e-8a09cd04a606', '2016/01/23 09:44:53');
INSERT INTO `attendance_info` VALUES ('682', '350205199208203012', '2016/01/23 08:42:00', '6be0754e-fbd6-4e28-a73e-8a09cd04a606', '2016/01/23 09:44:53');
INSERT INTO `attendance_info` VALUES ('683', '350205199008191045', '2016/01/23 08:41:14', '6be0754e-fbd6-4e28-a73e-8a09cd04a606', '2016/01/23 09:44:53');
INSERT INTO `attendance_info` VALUES ('684', '350629198111145520', '2016/01/23 08:40:47', '6be0754e-fbd6-4e28-a73e-8a09cd04a606', '2016/01/23 09:44:53');
INSERT INTO `attendance_info` VALUES ('685', '350205199004262547', '2016/01/23 08:38:39', '6be0754e-fbd6-4e28-a73e-8a09cd04a606', '2016/01/23 09:44:53');
INSERT INTO `attendance_info` VALUES ('686', '350205199004262547', '2016/01/23 08:38:37', '6be0754e-fbd6-4e28-a73e-8a09cd04a606', '2016/01/23 09:44:53');
INSERT INTO `attendance_info` VALUES ('687', '350205199203263016', '2016/01/23 08:38:31', '6be0754e-fbd6-4e28-a73e-8a09cd04a606', '2016/01/23 09:44:53');
INSERT INTO `attendance_info` VALUES ('688', '350205198508261068', '2016/01/23 08:38:14', '6be0754e-fbd6-4e28-a73e-8a09cd04a606', '2016/01/23 09:44:53');
INSERT INTO `attendance_info` VALUES ('689', '350211199109203516', '2016/01/23 08:37:40', '6be0754e-fbd6-4e28-a73e-8a09cd04a606', '2016/01/23 09:44:53');
INSERT INTO `attendance_info` VALUES ('690', '352622197609164916', '2016/01/23 08:37:36', '6be0754e-fbd6-4e28-a73e-8a09cd04a606', '2016/01/23 09:44:53');
INSERT INTO `attendance_info` VALUES ('691', '350205198912150028', '2016/01/23 08:37:32', '6be0754e-fbd6-4e28-a73e-8a09cd04a606', '2016/01/23 09:44:53');
INSERT INTO `attendance_info` VALUES ('692', '350421199209214021', '2016/01/23 08:37:28', '6be0754e-fbd6-4e28-a73e-8a09cd04a606', '2016/01/23 09:44:53');
INSERT INTO `attendance_info` VALUES ('693', '350205199205122049', '2016/01/23 08:37:24', '6be0754e-fbd6-4e28-a73e-8a09cd04a606', '2016/01/23 09:44:53');
INSERT INTO `attendance_info` VALUES ('694', '350702198303116527', '2016/01/23 08:37:21', '6be0754e-fbd6-4e28-a73e-8a09cd04a606', '2016/01/23 09:44:53');
INSERT INTO `attendance_info` VALUES ('695', '350623198804255142', '2016/01/23 08:37:17', '6be0754e-fbd6-4e28-a73e-8a09cd04a606', '2016/01/23 09:44:53');
INSERT INTO `attendance_info` VALUES ('696', '352623197706200049', '2016/01/23 08:37:14', '6be0754e-fbd6-4e28-a73e-8a09cd04a606', '2016/01/23 09:44:53');
INSERT INTO `attendance_info` VALUES ('697', '350205199112282027', '2016/01/23 08:36:46', '6be0754e-fbd6-4e28-a73e-8a09cd04a606', '2016/01/23 09:44:53');
INSERT INTO `attendance_info` VALUES ('698', '350205199205152029', '2016/01/23 08:36:41', '6be0754e-fbd6-4e28-a73e-8a09cd04a606', '2016/01/23 09:44:53');
INSERT INTO `attendance_info` VALUES ('699', '350524199101157226', '2016/01/23 08:36:36', '6be0754e-fbd6-4e28-a73e-8a09cd04a606', '2016/01/23 09:44:53');
INSERT INTO `attendance_info` VALUES ('700', '352201199211010023', '2016/01/23 08:36:32', '6be0754e-fbd6-4e28-a73e-8a09cd04a606', '2016/01/23 09:44:53');
INSERT INTO `attendance_info` VALUES ('701', '352201199211010023', '2016/01/23 08:36:29', '6be0754e-fbd6-4e28-a73e-8a09cd04a606', '2016/01/23 09:44:53');
INSERT INTO `attendance_info` VALUES ('702', '350524198808303042', '2016/01/23 08:36:05', '6be0754e-fbd6-4e28-a73e-8a09cd04a606', '2016/01/23 09:44:53');
INSERT INTO `attendance_info` VALUES ('703', '350204199207246524', '2016/01/23 08:35:46', '6be0754e-fbd6-4e28-a73e-8a09cd04a606', '2016/01/23 09:44:53');
INSERT INTO `attendance_info` VALUES ('704', '35020519900323101X', '2016/01/23 08:33:51', '6be0754e-fbd6-4e28-a73e-8a09cd04a606', '2016/01/23 09:44:53');
INSERT INTO `attendance_info` VALUES ('705', '350205198909242028', '2016/01/23 08:33:47', '6be0754e-fbd6-4e28-a73e-8a09cd04a606', '2016/01/23 09:44:53');
INSERT INTO `attendance_info` VALUES ('706', '350205198909242028', '2016/01/23 08:33:44', '6be0754e-fbd6-4e28-a73e-8a09cd04a606', '2016/01/23 09:44:53');
INSERT INTO `attendance_info` VALUES ('707', '350205198912201024', '2016/01/23 08:33:39', '6be0754e-fbd6-4e28-a73e-8a09cd04a606', '2016/01/23 09:44:53');
INSERT INTO `attendance_info` VALUES ('708', '350525199011144532', '2016/01/23 08:32:14', '6be0754e-fbd6-4e28-a73e-8a09cd04a606', '2016/01/23 09:44:53');
INSERT INTO `attendance_info` VALUES ('709', '35021219910209152X', '2016/01/23 08:59:18', '6be0754e-fbd6-4e28-a73e-8a09cd04a606', '2016/01/23 09:44:53');
INSERT INTO `attendance_info` VALUES ('710', '330481198509284441', '2016/01/23 08:52:48', '6be0754e-fbd6-4e28-a73e-8a09cd04a606', '2016/01/23 09:44:53');
INSERT INTO `attendance_info` VALUES ('711', '35021219910524152X', '2016/01/23 08:52:48', '6be0754e-fbd6-4e28-a73e-8a09cd04a606', '2016/01/23 09:44:53');
INSERT INTO `attendance_info` VALUES ('712', '35021219910524152X', '2016/01/23 08:52:48', '6be0754e-fbd6-4e28-a73e-8a09cd04a606', '2016/01/23 09:44:53');
INSERT INTO `attendance_info` VALUES ('713', '350723199011032125', '2016/01/23 08:43:24', '6be0754e-fbd6-4e28-a73e-8a09cd04a606', '2016/01/23 09:44:53');
INSERT INTO `attendance_info` VALUES ('714', '359001197605190529', '2016/01/21 14:36:58', '6be0754e-fbd6-4e28-a73e-8a09cd04a606', '2016/01/23 09:44:53');
INSERT INTO `attendance_info` VALUES ('715', '350204199307036022', '2016/01/23 14:25:34', '6be0754e-fbd6-4e28-a73e-8a09cd04a606', '2016/01/23 14:36:39');
INSERT INTO `attendance_info` VALUES ('716', '350212198808032025', '2016/01/23 14:25:29', '6be0754e-fbd6-4e28-a73e-8a09cd04a606', '2016/01/23 14:36:39');
INSERT INTO `attendance_info` VALUES ('717', '350600198601190524', '2016/01/23 14:25:15', '6be0754e-fbd6-4e28-a73e-8a09cd04a606', '2016/01/23 14:36:39');
INSERT INTO `attendance_info` VALUES ('718', '350424198708130521', '2016/01/23 14:25:05', '6be0754e-fbd6-4e28-a73e-8a09cd04a606', '2016/01/23 14:36:39');
INSERT INTO `attendance_info` VALUES ('719', '350721198910290024', '2016/01/23 14:24:59', '6be0754e-fbd6-4e28-a73e-8a09cd04a606', '2016/01/23 14:36:39');
INSERT INTO `attendance_info` VALUES ('720', '350211198905253587', '2016/01/23 14:24:54', '6be0754e-fbd6-4e28-a73e-8a09cd04a606', '2016/01/23 14:36:39');
INSERT INTO `attendance_info` VALUES ('721', '350600198601190524', '2016/01/23 14:24:47', '6be0754e-fbd6-4e28-a73e-8a09cd04a606', '2016/01/23 14:36:39');
INSERT INTO `attendance_info` VALUES ('722', '350205198912150028', '2016/01/23 14:22:26', '6be0754e-fbd6-4e28-a73e-8a09cd04a606', '2016/01/23 14:36:39');
INSERT INTO `attendance_info` VALUES ('723', '350205199205122049', '2016/01/23 14:22:23', '6be0754e-fbd6-4e28-a73e-8a09cd04a606', '2016/01/23 14:36:39');
INSERT INTO `attendance_info` VALUES ('724', '35021219910524152X', '2016/01/23 14:22:17', '6be0754e-fbd6-4e28-a73e-8a09cd04a606', '2016/01/23 14:36:39');
INSERT INTO `attendance_info` VALUES ('725', '350402199111096021', '2016/01/23 14:22:13', '6be0754e-fbd6-4e28-a73e-8a09cd04a606', '2016/01/23 14:36:39');
INSERT INTO `attendance_info` VALUES ('726', '35021219910209152X', '2016/01/23 14:21:58', '6be0754e-fbd6-4e28-a73e-8a09cd04a606', '2016/01/23 14:36:39');
INSERT INTO `attendance_info` VALUES ('727', '350202199010170025', '2016/01/23 14:21:10', '6be0754e-fbd6-4e28-a73e-8a09cd04a606', '2016/01/23 14:36:39');
INSERT INTO `attendance_info` VALUES ('728', '350204199308031020', '2016/01/23 14:21:05', '6be0754e-fbd6-4e28-a73e-8a09cd04a606', '2016/01/23 14:36:39');
INSERT INTO `attendance_info` VALUES ('729', '350524198808303042', '2016/01/23 14:20:58', '6be0754e-fbd6-4e28-a73e-8a09cd04a606', '2016/01/23 14:36:39');
INSERT INTO `attendance_info` VALUES ('730', '350211199109203516', '2016/01/23 14:20:42', '6be0754e-fbd6-4e28-a73e-8a09cd04a606', '2016/01/23 14:36:39');
INSERT INTO `attendance_info` VALUES ('731', '35021219910717253X', '2016/01/23 14:20:38', '6be0754e-fbd6-4e28-a73e-8a09cd04a606', '2016/01/23 14:36:39');
INSERT INTO `attendance_info` VALUES ('732', '350212199011050554', '2016/01/23 14:20:34', '6be0754e-fbd6-4e28-a73e-8a09cd04a606', '2016/01/23 14:36:39');
INSERT INTO `attendance_info` VALUES ('733', '350723198908050040', '2016/01/23 14:20:28', '6be0754e-fbd6-4e28-a73e-8a09cd04a606', '2016/01/23 14:36:39');
INSERT INTO `attendance_info` VALUES ('734', '350425198912212424', '2016/01/23 14:20:25', '6be0754e-fbd6-4e28-a73e-8a09cd04a606', '2016/01/23 14:36:39');
INSERT INTO `attendance_info` VALUES ('735', '352622197609164916', '2016/01/23 14:20:20', '6be0754e-fbd6-4e28-a73e-8a09cd04a606', '2016/01/23 14:36:39');
INSERT INTO `attendance_info` VALUES ('736', '350204199210161011', '2016/01/23 14:20:15', '6be0754e-fbd6-4e28-a73e-8a09cd04a606', '2016/01/23 14:36:39');
INSERT INTO `attendance_info` VALUES ('737', '350205199112282027', '2016/01/23 14:20:11', '6be0754e-fbd6-4e28-a73e-8a09cd04a606', '2016/01/23 14:36:39');
INSERT INTO `attendance_info` VALUES ('738', '350205199004262547', '2016/01/23 14:20:06', '6be0754e-fbd6-4e28-a73e-8a09cd04a606', '2016/01/23 14:36:39');
INSERT INTO `attendance_info` VALUES ('739', '350204199207246524', '2016/01/23 14:19:59', '6be0754e-fbd6-4e28-a73e-8a09cd04a606', '2016/01/23 14:36:39');
INSERT INTO `attendance_info` VALUES ('740', '35062219910911002X', '2016/01/23 14:19:15', '6be0754e-fbd6-4e28-a73e-8a09cd04a606', '2016/01/23 14:36:39');
INSERT INTO `attendance_info` VALUES ('741', '350205199205152029', '2016/01/23 14:19:12', '6be0754e-fbd6-4e28-a73e-8a09cd04a606', '2016/01/23 14:36:39');
INSERT INTO `attendance_info` VALUES ('742', '130303198906092142', '2016/01/23 14:18:49', '6be0754e-fbd6-4e28-a73e-8a09cd04a606', '2016/01/23 14:36:39');
INSERT INTO `attendance_info` VALUES ('743', '350623199008133421', '2016/01/23 14:18:36', '6be0754e-fbd6-4e28-a73e-8a09cd04a606', '2016/01/23 14:36:39');
INSERT INTO `attendance_info` VALUES ('744', '350421199209214021', '2016/01/23 14:18:33', '6be0754e-fbd6-4e28-a73e-8a09cd04a606', '2016/01/23 14:36:39');
INSERT INTO `attendance_info` VALUES ('745', '350421199209214021', '2016/01/23 14:18:30', '6be0754e-fbd6-4e28-a73e-8a09cd04a606', '2016/01/23 14:36:39');
INSERT INTO `attendance_info` VALUES ('746', '431224199104278845', '2016/01/23 14:18:12', '6be0754e-fbd6-4e28-a73e-8a09cd04a606', '2016/01/23 14:36:39');
INSERT INTO `attendance_info` VALUES ('747', '350625199112020040', '2016/01/23 14:18:02', '6be0754e-fbd6-4e28-a73e-8a09cd04a606', '2016/01/23 14:36:39');
INSERT INTO `attendance_info` VALUES ('748', '350521198702286564', '2016/01/23 14:17:58', '6be0754e-fbd6-4e28-a73e-8a09cd04a606', '2016/01/23 14:36:39');
INSERT INTO `attendance_info` VALUES ('749', '350583199205130087', '2016/01/23 14:17:54', '6be0754e-fbd6-4e28-a73e-8a09cd04a606', '2016/01/23 14:36:39');
INSERT INTO `attendance_info` VALUES ('750', '350622199202130041', '2016/01/23 14:17:48', '6be0754e-fbd6-4e28-a73e-8a09cd04a606', '2016/01/23 14:36:39');
INSERT INTO `attendance_info` VALUES ('751', '350430199301030029', '2016/01/23 14:17:45', '6be0754e-fbd6-4e28-a73e-8a09cd04a606', '2016/01/23 14:36:39');
INSERT INTO `attendance_info` VALUES ('752', '350524198906131088', '2016/01/23 14:17:42', '6be0754e-fbd6-4e28-a73e-8a09cd04a606', '2016/01/23 14:36:39');
INSERT INTO `attendance_info` VALUES ('753', '350524198906131088', '2016/01/23 14:17:40', '6be0754e-fbd6-4e28-a73e-8a09cd04a606', '2016/01/23 14:36:39');
INSERT INTO `attendance_info` VALUES ('754', '350212199112294523', '2016/01/23 14:17:31', '6be0754e-fbd6-4e28-a73e-8a09cd04a606', '2016/01/23 14:36:39');
INSERT INTO `attendance_info` VALUES ('755', '350205198508261068', '2016/01/23 14:17:04', '6be0754e-fbd6-4e28-a73e-8a09cd04a606', '2016/01/23 14:36:39');
INSERT INTO `attendance_info` VALUES ('756', '431223199311193821', '2016/01/23 14:17:00', '6be0754e-fbd6-4e28-a73e-8a09cd04a606', '2016/01/23 14:36:39');
INSERT INTO `attendance_info` VALUES ('757', '350524199101157226', '2016/01/23 14:16:39', '6be0754e-fbd6-4e28-a73e-8a09cd04a606', '2016/01/23 14:36:39');
INSERT INTO `attendance_info` VALUES ('758', '350205199212243527', '2016/01/23 14:16:26', '6be0754e-fbd6-4e28-a73e-8a09cd04a606', '2016/01/23 14:36:39');
INSERT INTO `attendance_info` VALUES ('759', '350205199407071024', '2016/01/23 14:16:15', '6be0754e-fbd6-4e28-a73e-8a09cd04a606', '2016/01/23 14:36:39');
INSERT INTO `attendance_info` VALUES ('760', '220323199005250467', '2016/01/23 14:15:58', '6be0754e-fbd6-4e28-a73e-8a09cd04a606', '2016/01/23 14:36:39');
INSERT INTO `attendance_info` VALUES ('761', '140123198908057048', '2016/01/23 14:15:46', '6be0754e-fbd6-4e28-a73e-8a09cd04a606', '2016/01/23 14:36:39');
INSERT INTO `attendance_info` VALUES ('762', '350627198908210569', '2016/01/23 14:15:41', '6be0754e-fbd6-4e28-a73e-8a09cd04a606', '2016/01/23 14:36:39');
INSERT INTO `attendance_info` VALUES ('763', '350205199111042048', '2016/01/23 14:15:24', '6be0754e-fbd6-4e28-a73e-8a09cd04a606', '2016/01/23 14:36:39');
INSERT INTO `attendance_info` VALUES ('764', '350204199201296520', '2016/01/23 14:15:19', '6be0754e-fbd6-4e28-a73e-8a09cd04a606', '2016/01/23 14:36:39');
INSERT INTO `attendance_info` VALUES ('765', '352201199211010023', '2016/01/23 14:15:16', '6be0754e-fbd6-4e28-a73e-8a09cd04a606', '2016/01/23 14:36:39');
INSERT INTO `attendance_info` VALUES ('766', '352201199211010023', '2016/01/23 14:15:14', '6be0754e-fbd6-4e28-a73e-8a09cd04a606', '2016/01/23 14:36:39');
INSERT INTO `attendance_info` VALUES ('767', '35020519910926301X', '2016/01/23 14:14:13', '6be0754e-fbd6-4e28-a73e-8a09cd04a606', '2016/01/23 14:36:39');
INSERT INTO `attendance_info` VALUES ('768', '350212198701304545', '2016/01/23 14:13:26', '6be0754e-fbd6-4e28-a73e-8a09cd04a606', '2016/01/23 14:36:39');
INSERT INTO `attendance_info` VALUES ('769', '350212198701304545', '2016/01/23 14:13:24', '6be0754e-fbd6-4e28-a73e-8a09cd04a606', '2016/01/23 14:36:39');
INSERT INTO `attendance_info` VALUES ('770', '330481198509284441', '2016/01/23 14:13:19', '6be0754e-fbd6-4e28-a73e-8a09cd04a606', '2016/01/23 14:36:39');
INSERT INTO `attendance_info` VALUES ('771', '350211199002103515', '2016/01/23 14:13:14', '6be0754e-fbd6-4e28-a73e-8a09cd04a606', '2016/01/23 14:36:39');
INSERT INTO `attendance_info` VALUES ('772', '350627198607022054', '2016/01/23 14:13:10', '6be0754e-fbd6-4e28-a73e-8a09cd04a606', '2016/01/23 14:36:39');
INSERT INTO `attendance_info` VALUES ('773', '350205199208181028', '2016/01/23 14:12:46', '6be0754e-fbd6-4e28-a73e-8a09cd04a606', '2016/01/23 14:36:39');
INSERT INTO `attendance_info` VALUES ('774', '350525199011144532', '2016/01/23 14:12:40', '6be0754e-fbd6-4e28-a73e-8a09cd04a606', '2016/01/23 14:36:39');
INSERT INTO `attendance_info` VALUES ('775', '350802199307211521', '2016/01/23 14:12:18', '6be0754e-fbd6-4e28-a73e-8a09cd04a606', '2016/01/23 14:36:39');
INSERT INTO `attendance_info` VALUES ('776', '350823198904010020', '2016/01/23 14:12:11', '6be0754e-fbd6-4e28-a73e-8a09cd04a606', '2016/01/23 14:36:39');
INSERT INTO `attendance_info` VALUES ('777', '35020519920919252X', '2016/01/23 14:12:05', '6be0754e-fbd6-4e28-a73e-8a09cd04a606', '2016/01/23 14:36:39');
INSERT INTO `attendance_info` VALUES ('778', '350622199303290036', '2016/01/23 14:11:59', '6be0754e-fbd6-4e28-a73e-8a09cd04a606', '2016/01/23 14:36:39');
INSERT INTO `attendance_info` VALUES ('779', '352623197706200049', '2016/01/23 14:11:54', '6be0754e-fbd6-4e28-a73e-8a09cd04a606', '2016/01/23 14:36:39');
INSERT INTO `attendance_info` VALUES ('780', '350702198303116527', '2016/01/23 14:11:48', '6be0754e-fbd6-4e28-a73e-8a09cd04a606', '2016/01/23 14:36:39');
INSERT INTO `attendance_info` VALUES ('781', '350881198209180769', '2016/01/23 14:11:29', '6be0754e-fbd6-4e28-a73e-8a09cd04a606', '2016/01/23 14:36:39');
INSERT INTO `attendance_info` VALUES ('782', '350629198111145520', '2016/01/23 14:11:18', '6be0754e-fbd6-4e28-a73e-8a09cd04a606', '2016/01/23 14:36:39');
INSERT INTO `attendance_info` VALUES ('783', '350205199208203012', '2016/01/23 14:11:15', '6be0754e-fbd6-4e28-a73e-8a09cd04a606', '2016/01/23 14:36:39');
INSERT INTO `attendance_info` VALUES ('784', '350205199008191045', '2016/01/23 14:11:12', '6be0754e-fbd6-4e28-a73e-8a09cd04a606', '2016/01/23 14:36:39');
INSERT INTO `attendance_info` VALUES ('785', '350205199203263016', '2016/01/23 14:11:07', '6be0754e-fbd6-4e28-a73e-8a09cd04a606', '2016/01/23 14:36:39');
INSERT INTO `attendance_info` VALUES ('786', '350322198702200543', '2016/01/23 14:09:37', '6be0754e-fbd6-4e28-a73e-8a09cd04a606', '2016/01/23 14:36:39');
INSERT INTO `attendance_info` VALUES ('787', '35021219871118003X', '2016/01/23 14:09:33', '6be0754e-fbd6-4e28-a73e-8a09cd04a606', '2016/01/23 14:36:39');
INSERT INTO `attendance_info` VALUES ('788', '362425198602173611', '2016/01/23 14:09:25', '6be0754e-fbd6-4e28-a73e-8a09cd04a606', '2016/01/23 14:36:39');
INSERT INTO `attendance_info` VALUES ('789', '350623198804255142', '2016/01/23 14:09:18', '6be0754e-fbd6-4e28-a73e-8a09cd04a606', '2016/01/23 14:36:39');
INSERT INTO `attendance_info` VALUES ('790', '350205199306131024', '2016/01/23 14:09:13', '6be0754e-fbd6-4e28-a73e-8a09cd04a606', '2016/01/23 14:36:39');
INSERT INTO `attendance_info` VALUES ('791', '350521198511047827', '2016/01/23 14:09:07', '6be0754e-fbd6-4e28-a73e-8a09cd04a606', '2016/01/23 14:36:39');
INSERT INTO `attendance_info` VALUES ('792', '350202198902011025', '2016/01/23 14:08:59', '6be0754e-fbd6-4e28-a73e-8a09cd04a606', '2016/01/23 14:36:39');
INSERT INTO `attendance_info` VALUES ('793', '350202198902011025', '2016/01/23 14:08:56', '6be0754e-fbd6-4e28-a73e-8a09cd04a606', '2016/01/23 14:36:39');
INSERT INTO `attendance_info` VALUES ('794', '350205198909242028', '2016/01/23 14:08:52', '6be0754e-fbd6-4e28-a73e-8a09cd04a606', '2016/01/23 14:36:39');
INSERT INTO `attendance_info` VALUES ('795', '350205198912201024', '2016/01/23 14:08:47', '6be0754e-fbd6-4e28-a73e-8a09cd04a606', '2016/01/23 14:36:39');
INSERT INTO `attendance_info` VALUES ('796', '350702198809091320', '2016/01/23 14:08:25', '6be0754e-fbd6-4e28-a73e-8a09cd04a606', '2016/01/23 14:36:39');
INSERT INTO `attendance_info` VALUES ('797', '350702198809091320', '2016/01/23 14:08:22', '6be0754e-fbd6-4e28-a73e-8a09cd04a606', '2016/01/23 14:36:39');
INSERT INTO `attendance_info` VALUES ('798', '35020519900323101X', '2016/01/23 14:08:17', '6be0754e-fbd6-4e28-a73e-8a09cd04a606', '2016/01/23 14:36:39');
INSERT INTO `attendance_info` VALUES ('799', '350629197312060035', '2016/01/23 14:08:12', '6be0754e-fbd6-4e28-a73e-8a09cd04a606', '2016/01/23 14:36:39');
INSERT INTO `attendance_info` VALUES ('800', '350723199011032125', '2016/01/23 14:18:58', '6be0754e-fbd6-4e28-a73e-8a09cd04a606', '2016/01/23 14:36:39');
INSERT INTO `attendance_info` VALUES ('801', '350424198708130521', '2016/01/24 08:37:04', '6be0754e-fbd6-4e28-a73e-8a09cd04a606', '2016/01/24 08:44:32');
INSERT INTO `attendance_info` VALUES ('802', '350600198601190524', '2016/01/24 08:28:14', '6be0754e-fbd6-4e28-a73e-8a09cd04a606', '2016/01/24 08:44:32');
INSERT INTO `attendance_info` VALUES ('803', '330481198509284441', '2016/01/24 08:27:30', '6be0754e-fbd6-4e28-a73e-8a09cd04a606', '2016/01/24 08:44:32');
INSERT INTO `attendance_info` VALUES ('804', '350723199011032125', '2016/01/24 08:27:14', '6be0754e-fbd6-4e28-a73e-8a09cd04a606', '2016/01/24 08:44:32');
INSERT INTO `attendance_info` VALUES ('805', '350421199209214021', '2016/01/24 08:27:10', '6be0754e-fbd6-4e28-a73e-8a09cd04a606', '2016/01/24 08:44:32');
INSERT INTO `attendance_info` VALUES ('806', '350205199212243527', '2016/01/24 08:26:10', '6be0754e-fbd6-4e28-a73e-8a09cd04a606', '2016/01/24 08:44:32');
INSERT INTO `attendance_info` VALUES ('807', '350623199008133421', '2016/01/24 08:26:07', '6be0754e-fbd6-4e28-a73e-8a09cd04a606', '2016/01/24 08:44:32');
INSERT INTO `attendance_info` VALUES ('808', '350205199407071024', '2016/01/24 08:26:03', '6be0754e-fbd6-4e28-a73e-8a09cd04a606', '2016/01/24 08:44:32');
INSERT INTO `attendance_info` VALUES ('809', '350205199208181028', '2016/01/24 08:26:00', '6be0754e-fbd6-4e28-a73e-8a09cd04a606', '2016/01/24 08:44:32');
INSERT INTO `attendance_info` VALUES ('810', '350205198912150028', '2016/01/24 08:25:12', '6be0754e-fbd6-4e28-a73e-8a09cd04a606', '2016/01/24 08:44:32');
INSERT INTO `attendance_info` VALUES ('811', '350205199205122049', '2016/01/24 08:25:03', '6be0754e-fbd6-4e28-a73e-8a09cd04a606', '2016/01/24 08:44:32');
INSERT INTO `attendance_info` VALUES ('812', '350204199307036022', '2016/01/24 08:24:59', '6be0754e-fbd6-4e28-a73e-8a09cd04a606', '2016/01/24 08:44:32');
INSERT INTO `attendance_info` VALUES ('813', '350322198702200543', '2016/01/24 08:24:56', '6be0754e-fbd6-4e28-a73e-8a09cd04a606', '2016/01/24 08:44:32');
INSERT INTO `attendance_info` VALUES ('814', '350212198808032025', '2016/01/24 08:24:51', '6be0754e-fbd6-4e28-a73e-8a09cd04a606', '2016/01/24 08:44:32');
INSERT INTO `attendance_info` VALUES ('815', '350205198508261068', '2016/01/24 08:24:23', '6be0754e-fbd6-4e28-a73e-8a09cd04a606', '2016/01/24 08:44:32');
INSERT INTO `attendance_info` VALUES ('816', '350212198701304545', '2016/01/24 08:24:20', '6be0754e-fbd6-4e28-a73e-8a09cd04a606', '2016/01/24 08:44:32');
INSERT INTO `attendance_info` VALUES ('817', '350212198701304545', '2016/01/24 08:24:18', '6be0754e-fbd6-4e28-a73e-8a09cd04a606', '2016/01/24 08:44:32');
INSERT INTO `attendance_info` VALUES ('818', '352201199211010023', '2016/01/24 08:24:13', '6be0754e-fbd6-4e28-a73e-8a09cd04a606', '2016/01/24 08:44:32');
INSERT INTO `attendance_info` VALUES ('819', '350205198912201024', '2016/01/24 08:24:10', '6be0754e-fbd6-4e28-a73e-8a09cd04a606', '2016/01/24 08:44:32');
INSERT INTO `attendance_info` VALUES ('820', '350204199201296520', '2016/01/24 08:24:06', '6be0754e-fbd6-4e28-a73e-8a09cd04a606', '2016/01/24 08:44:32');
INSERT INTO `attendance_info` VALUES ('821', '350625199112020040', '2016/01/24 08:24:03', '6be0754e-fbd6-4e28-a73e-8a09cd04a606', '2016/01/24 08:44:32');
INSERT INTO `attendance_info` VALUES ('822', '350524199101157226', '2016/01/24 08:24:01', '6be0754e-fbd6-4e28-a73e-8a09cd04a606', '2016/01/24 08:44:32');
INSERT INTO `attendance_info` VALUES ('823', '350205199111042048', '2016/01/24 08:23:51', '6be0754e-fbd6-4e28-a73e-8a09cd04a606', '2016/01/24 08:44:32');
INSERT INTO `attendance_info` VALUES ('824', '350211198905253587', '2016/01/24 08:23:48', '6be0754e-fbd6-4e28-a73e-8a09cd04a606', '2016/01/24 08:44:32');
INSERT INTO `attendance_info` VALUES ('825', '350721198910290024', '2016/01/24 08:23:44', '6be0754e-fbd6-4e28-a73e-8a09cd04a606', '2016/01/24 08:44:32');
INSERT INTO `attendance_info` VALUES ('826', '140123198908057048', '2016/01/24 08:23:34', '6be0754e-fbd6-4e28-a73e-8a09cd04a606', '2016/01/24 08:44:32');
INSERT INTO `attendance_info` VALUES ('827', '35021219910524152X', '2016/01/24 08:23:15', '6be0754e-fbd6-4e28-a73e-8a09cd04a606', '2016/01/24 08:44:32');
INSERT INTO `attendance_info` VALUES ('828', '350583199205130087', '2016/01/24 08:23:11', '6be0754e-fbd6-4e28-a73e-8a09cd04a606', '2016/01/24 08:44:32');
INSERT INTO `attendance_info` VALUES ('829', '350430199301030029', '2016/01/24 08:23:08', '6be0754e-fbd6-4e28-a73e-8a09cd04a606', '2016/01/24 08:44:32');
INSERT INTO `attendance_info` VALUES ('830', '350402199111096021', '2016/01/24 08:23:03', '6be0754e-fbd6-4e28-a73e-8a09cd04a606', '2016/01/24 08:44:32');
INSERT INTO `attendance_info` VALUES ('831', '350521198702286564', '2016/01/24 08:22:56', '6be0754e-fbd6-4e28-a73e-8a09cd04a606', '2016/01/24 08:44:32');
INSERT INTO `attendance_info` VALUES ('832', '35020519920919252X', '2016/01/24 08:22:51', '6be0754e-fbd6-4e28-a73e-8a09cd04a606', '2016/01/24 08:44:32');
INSERT INTO `attendance_info` VALUES ('833', '350622199202130041', '2016/01/24 08:22:47', '6be0754e-fbd6-4e28-a73e-8a09cd04a606', '2016/01/24 08:44:32');
INSERT INTO `attendance_info` VALUES ('834', '35021219871118003X', '2016/01/24 08:22:43', '6be0754e-fbd6-4e28-a73e-8a09cd04a606', '2016/01/24 08:44:32');
INSERT INTO `attendance_info` VALUES ('835', '350212199112294523', '2016/01/24 08:22:39', '6be0754e-fbd6-4e28-a73e-8a09cd04a606', '2016/01/24 08:44:32');
INSERT INTO `attendance_info` VALUES ('836', '350521198511047827', '2016/01/24 08:22:36', '6be0754e-fbd6-4e28-a73e-8a09cd04a606', '2016/01/24 08:44:32');
INSERT INTO `attendance_info` VALUES ('837', '350823198904010020', '2016/01/24 08:22:32', '6be0754e-fbd6-4e28-a73e-8a09cd04a606', '2016/01/24 08:44:32');
INSERT INTO `attendance_info` VALUES ('838', '350802199307211521', '2016/01/24 08:22:29', '6be0754e-fbd6-4e28-a73e-8a09cd04a606', '2016/01/24 08:44:32');
INSERT INTO `attendance_info` VALUES ('839', '350202198902011025', '2016/01/24 08:22:24', '6be0754e-fbd6-4e28-a73e-8a09cd04a606', '2016/01/24 08:44:32');
INSERT INTO `attendance_info` VALUES ('840', '350425198912212424', '2016/01/24 08:21:36', '6be0754e-fbd6-4e28-a73e-8a09cd04a606', '2016/01/24 08:44:32');
INSERT INTO `attendance_info` VALUES ('841', '350204199308031020', '2016/01/24 08:21:07', '6be0754e-fbd6-4e28-a73e-8a09cd04a606', '2016/01/24 08:44:32');
INSERT INTO `attendance_info` VALUES ('842', '350205199205152029', '2016/01/24 08:21:00', '6be0754e-fbd6-4e28-a73e-8a09cd04a606', '2016/01/24 08:44:32');
INSERT INTO `attendance_info` VALUES ('843', '350212199011050554', '2016/01/24 08:20:36', '6be0754e-fbd6-4e28-a73e-8a09cd04a606', '2016/01/24 08:44:32');
INSERT INTO `attendance_info` VALUES ('844', '350211199109203516', '2016/01/24 08:20:29', '6be0754e-fbd6-4e28-a73e-8a09cd04a606', '2016/01/24 08:44:32');
INSERT INTO `attendance_info` VALUES ('845', '350211199002103515', '2016/01/24 08:20:07', '6be0754e-fbd6-4e28-a73e-8a09cd04a606', '2016/01/24 08:44:32');
INSERT INTO `attendance_info` VALUES ('846', '350204199210161011', '2016/01/24 08:20:00', '6be0754e-fbd6-4e28-a73e-8a09cd04a606', '2016/01/24 08:44:32');
INSERT INTO `attendance_info` VALUES ('847', '35020519910926301X', '2016/01/24 08:19:48', '6be0754e-fbd6-4e28-a73e-8a09cd04a606', '2016/01/24 08:44:32');
INSERT INTO `attendance_info` VALUES ('848', '350205199004262547', '2016/01/24 08:19:43', '6be0754e-fbd6-4e28-a73e-8a09cd04a606', '2016/01/24 08:44:32');
INSERT INTO `attendance_info` VALUES ('849', '350205198909242028', '2016/01/24 08:19:38', '6be0754e-fbd6-4e28-a73e-8a09cd04a606', '2016/01/24 08:44:32');
INSERT INTO `attendance_info` VALUES ('850', '130303198906092142', '2016/01/24 08:19:34', '6be0754e-fbd6-4e28-a73e-8a09cd04a606', '2016/01/24 08:44:32');
INSERT INTO `attendance_info` VALUES ('851', '35062219910911002X', '2016/01/24 08:19:24', '6be0754e-fbd6-4e28-a73e-8a09cd04a606', '2016/01/24 08:44:32');
INSERT INTO `attendance_info` VALUES ('852', '350627198908210569', '2016/01/24 08:19:21', '6be0754e-fbd6-4e28-a73e-8a09cd04a606', '2016/01/24 08:44:32');
INSERT INTO `attendance_info` VALUES ('853', '35021219910209152X', '2016/01/24 08:19:17', '6be0754e-fbd6-4e28-a73e-8a09cd04a606', '2016/01/24 08:44:32');
INSERT INTO `attendance_info` VALUES ('854', '362425198602173611', '2016/01/24 08:18:44', '6be0754e-fbd6-4e28-a73e-8a09cd04a606', '2016/01/24 08:44:32');
INSERT INTO `attendance_info` VALUES ('855', '35021219910717253X', '2016/01/24 08:18:41', '6be0754e-fbd6-4e28-a73e-8a09cd04a606', '2016/01/24 08:44:32');
INSERT INTO `attendance_info` VALUES ('856', '350702198809091320', '2016/01/24 08:18:37', '6be0754e-fbd6-4e28-a73e-8a09cd04a606', '2016/01/24 08:44:32');
INSERT INTO `attendance_info` VALUES ('857', '352622197609164916', '2016/01/24 08:18:33', '6be0754e-fbd6-4e28-a73e-8a09cd04a606', '2016/01/24 08:44:32');
INSERT INTO `attendance_info` VALUES ('858', '350623198804255142', '2016/01/24 08:18:30', '6be0754e-fbd6-4e28-a73e-8a09cd04a606', '2016/01/24 08:44:32');
INSERT INTO `attendance_info` VALUES ('859', '350205199112282027', '2016/01/24 08:18:26', '6be0754e-fbd6-4e28-a73e-8a09cd04a606', '2016/01/24 08:44:32');
INSERT INTO `attendance_info` VALUES ('860', '350205199208203012', '2016/01/24 08:18:21', '6be0754e-fbd6-4e28-a73e-8a09cd04a606', '2016/01/24 08:44:32');
INSERT INTO `attendance_info` VALUES ('861', '350204199207246524', '2016/01/24 08:18:18', '6be0754e-fbd6-4e28-a73e-8a09cd04a606', '2016/01/24 08:44:32');
INSERT INTO `attendance_info` VALUES ('862', '35020519900323101X', '2016/01/24 08:18:12', '6be0754e-fbd6-4e28-a73e-8a09cd04a606', '2016/01/24 08:44:32');
INSERT INTO `attendance_info` VALUES ('863', '350629197312060035', '2016/01/24 08:18:08', '6be0754e-fbd6-4e28-a73e-8a09cd04a606', '2016/01/24 08:44:32');
INSERT INTO `attendance_info` VALUES ('864', '350205199203263016', '2016/01/24 08:18:04', '6be0754e-fbd6-4e28-a73e-8a09cd04a606', '2016/01/24 08:44:32');
INSERT INTO `attendance_info` VALUES ('865', '350205199203263016', '2016/01/24 08:18:02', '6be0754e-fbd6-4e28-a73e-8a09cd04a606', '2016/01/24 08:44:32');
INSERT INTO `attendance_info` VALUES ('866', '352623197706200049', '2016/01/24 08:18:00', '6be0754e-fbd6-4e28-a73e-8a09cd04a606', '2016/01/24 08:44:32');
INSERT INTO `attendance_info` VALUES ('867', '352623197706200049', '2016/01/24 08:17:58', '6be0754e-fbd6-4e28-a73e-8a09cd04a606', '2016/01/24 08:44:32');
INSERT INTO `attendance_info` VALUES ('868', '431224199104278845', '2016/01/24 08:17:53', '6be0754e-fbd6-4e28-a73e-8a09cd04a606', '2016/01/24 08:44:32');
INSERT INTO `attendance_info` VALUES ('869', '350702198303116527', '2016/01/24 08:17:49', '6be0754e-fbd6-4e28-a73e-8a09cd04a606', '2016/01/24 08:44:32');
INSERT INTO `attendance_info` VALUES ('870', '220323199005250467', '2016/01/24 08:17:46', '6be0754e-fbd6-4e28-a73e-8a09cd04a606', '2016/01/24 08:44:32');
INSERT INTO `attendance_info` VALUES ('871', '350723198908050040', '2016/01/24 08:17:42', '6be0754e-fbd6-4e28-a73e-8a09cd04a606', '2016/01/24 08:44:32');
INSERT INTO `attendance_info` VALUES ('872', '350205199008191045', '2016/01/24 08:17:38', '6be0754e-fbd6-4e28-a73e-8a09cd04a606', '2016/01/24 08:44:32');
INSERT INTO `attendance_info` VALUES ('873', '350629198111145520', '2016/01/24 08:17:34', '6be0754e-fbd6-4e28-a73e-8a09cd04a606', '2016/01/24 08:44:32');
INSERT INTO `attendance_info` VALUES ('874', '350524198808303042', '2016/01/24 08:17:29', '6be0754e-fbd6-4e28-a73e-8a09cd04a606', '2016/01/24 08:44:32');
INSERT INTO `attendance_info` VALUES ('875', '350525199011144532', '2016/01/24 08:17:25', '6be0754e-fbd6-4e28-a73e-8a09cd04a606', '2016/01/24 08:44:32');
INSERT INTO `attendance_info` VALUES ('876', '350205199306131024', '2016/01/24 08:17:22', '6be0754e-fbd6-4e28-a73e-8a09cd04a606', '2016/01/24 08:44:32');
INSERT INTO `attendance_info` VALUES ('877', '350627198607022054', '2016/01/24 08:17:18', '6be0754e-fbd6-4e28-a73e-8a09cd04a606', '2016/01/24 08:44:32');
INSERT INTO `attendance_info` VALUES ('878', '431223199311193821', '2016/01/24 08:17:14', '6be0754e-fbd6-4e28-a73e-8a09cd04a606', '2016/01/24 08:44:32');
INSERT INTO `attendance_info` VALUES ('879', '350622199303290036', '2016/01/24 08:17:09', '6be0754e-fbd6-4e28-a73e-8a09cd04a606', '2016/01/24 08:44:32');
INSERT INTO `attendance_info` VALUES ('880', '350881198209180769', '2016/01/24 08:17:02', '6be0754e-fbd6-4e28-a73e-8a09cd04a606', '2016/01/24 08:44:32');
INSERT INTO `attendance_info` VALUES ('881', '350524198906131088', '2016/01/24 08:16:49', '6be0754e-fbd6-4e28-a73e-8a09cd04a606', '2016/01/24 08:44:32');
INSERT INTO `attendance_info` VALUES ('882', '350524198906131088', '2016/01/24 08:16:47', '6be0754e-fbd6-4e28-a73e-8a09cd04a606', '2016/01/24 08:44:32');
INSERT INTO `attendance_info` VALUES ('883', '350211198905253587', '2016/01/23 18:55:57', '6be0754e-fbd6-4e28-a73e-8a09cd04a606', '2016/01/24 08:44:32');
INSERT INTO `attendance_info` VALUES ('884', '350721198910290024', '2016/01/23 18:55:53', '6be0754e-fbd6-4e28-a73e-8a09cd04a606', '2016/01/24 08:44:32');
INSERT INTO `attendance_info` VALUES ('885', '350202199010170025', '2016/01/23 18:55:49', '6be0754e-fbd6-4e28-a73e-8a09cd04a606', '2016/01/24 08:44:32');
INSERT INTO `attendance_info` VALUES ('886', '350204199201296520', '2016/01/23 18:55:45', '6be0754e-fbd6-4e28-a73e-8a09cd04a606', '2016/01/24 08:44:32');
INSERT INTO `attendance_info` VALUES ('887', '350629198111145520', '2016/01/23 18:53:03', '6be0754e-fbd6-4e28-a73e-8a09cd04a606', '2016/01/24 08:44:32');
INSERT INTO `attendance_info` VALUES ('888', '350627198607022054', '2016/01/23 18:51:22', '6be0754e-fbd6-4e28-a73e-8a09cd04a606', '2016/01/24 08:44:32');
INSERT INTO `attendance_info` VALUES ('889', '35021219910209152X', '2016/01/23 18:50:24', '6be0754e-fbd6-4e28-a73e-8a09cd04a606', '2016/01/24 08:44:32');
INSERT INTO `attendance_info` VALUES ('890', '350430199301030029', '2016/01/23 18:50:20', '6be0754e-fbd6-4e28-a73e-8a09cd04a606', '2016/01/24 08:44:32');
INSERT INTO `attendance_info` VALUES ('891', '350627198908210569', '2016/01/23 18:50:07', '6be0754e-fbd6-4e28-a73e-8a09cd04a606', '2016/01/24 08:44:32');
INSERT INTO `attendance_info` VALUES ('892', '130303198906092142', '2016/01/23 18:49:58', '6be0754e-fbd6-4e28-a73e-8a09cd04a606', '2016/01/24 08:44:32');
INSERT INTO `attendance_info` VALUES ('893', '350521198511047827', '2016/01/23 18:49:35', '6be0754e-fbd6-4e28-a73e-8a09cd04a606', '2016/01/24 08:44:32');
INSERT INTO `attendance_info` VALUES ('894', '350202198902011025', '2016/01/23 18:49:31', '6be0754e-fbd6-4e28-a73e-8a09cd04a606', '2016/01/24 08:44:32');
INSERT INTO `attendance_info` VALUES ('895', '350202198902011025', '2016/01/23 18:49:29', '6be0754e-fbd6-4e28-a73e-8a09cd04a606', '2016/01/24 08:44:32');
INSERT INTO `attendance_info` VALUES ('896', '350205199112282027', '2016/01/23 18:49:24', '6be0754e-fbd6-4e28-a73e-8a09cd04a606', '2016/01/24 08:44:32');
INSERT INTO `attendance_info` VALUES ('897', '350205199205152029', '2016/01/23 18:49:21', '6be0754e-fbd6-4e28-a73e-8a09cd04a606', '2016/01/24 08:44:32');
INSERT INTO `attendance_info` VALUES ('898', '140123198908057048', '2016/01/23 18:48:42', '6be0754e-fbd6-4e28-a73e-8a09cd04a606', '2016/01/24 08:44:32');
INSERT INTO `attendance_info` VALUES ('899', '350205199111042048', '2016/01/23 18:48:34', '6be0754e-fbd6-4e28-a73e-8a09cd04a606', '2016/01/24 08:44:32');
INSERT INTO `attendance_info` VALUES ('900', '35020519910926301X', '2016/01/23 18:48:28', '6be0754e-fbd6-4e28-a73e-8a09cd04a606', '2016/01/24 08:44:32');
INSERT INTO `attendance_info` VALUES ('901', '350212198701304545', '2016/01/23 18:48:04', '6be0754e-fbd6-4e28-a73e-8a09cd04a606', '2016/01/24 08:44:32');
INSERT INTO `attendance_info` VALUES ('902', '350702198809091320', '2016/01/23 18:47:59', '6be0754e-fbd6-4e28-a73e-8a09cd04a606', '2016/01/24 08:44:32');
INSERT INTO `attendance_info` VALUES ('903', '330481198509284441', '2016/01/23 18:47:55', '6be0754e-fbd6-4e28-a73e-8a09cd04a606', '2016/01/24 08:44:32');
INSERT INTO `attendance_info` VALUES ('904', '350205199205122049', '2016/01/23 18:47:50', '6be0754e-fbd6-4e28-a73e-8a09cd04a606', '2016/01/24 08:44:32');
INSERT INTO `attendance_info` VALUES ('905', '350702198303116527', '2016/01/23 18:47:36', '6be0754e-fbd6-4e28-a73e-8a09cd04a606', '2016/01/24 08:44:32');
INSERT INTO `attendance_info` VALUES ('906', '350625199112020040', '2016/01/23 18:47:29', '6be0754e-fbd6-4e28-a73e-8a09cd04a606', '2016/01/24 08:44:32');
INSERT INTO `attendance_info` VALUES ('907', '350802199307211521', '2016/01/23 18:47:19', '6be0754e-fbd6-4e28-a73e-8a09cd04a606', '2016/01/24 08:44:32');
INSERT INTO `attendance_info` VALUES ('908', '350204199307036022', '2016/01/23 18:47:03', '6be0754e-fbd6-4e28-a73e-8a09cd04a606', '2016/01/24 08:44:32');
INSERT INTO `attendance_info` VALUES ('909', '352623197706200049', '2016/01/23 18:46:59', '6be0754e-fbd6-4e28-a73e-8a09cd04a606', '2016/01/24 08:44:32');
INSERT INTO `attendance_info` VALUES ('910', '350823198904010020', '2016/01/23 18:46:33', '6be0754e-fbd6-4e28-a73e-8a09cd04a606', '2016/01/24 08:44:32');
INSERT INTO `attendance_info` VALUES ('911', '350212198808032025', '2016/01/23 18:46:27', '6be0754e-fbd6-4e28-a73e-8a09cd04a606', '2016/01/24 08:44:32');
INSERT INTO `attendance_info` VALUES ('912', '350205199212243527', '2016/01/23 18:46:03', '6be0754e-fbd6-4e28-a73e-8a09cd04a606', '2016/01/24 08:44:32');
INSERT INTO `attendance_info` VALUES ('913', '350623199008133421', '2016/01/23 18:45:58', '6be0754e-fbd6-4e28-a73e-8a09cd04a606', '2016/01/24 08:44:32');
INSERT INTO `attendance_info` VALUES ('914', '350204199207246524', '2016/01/23 18:45:55', '6be0754e-fbd6-4e28-a73e-8a09cd04a606', '2016/01/24 08:44:32');
INSERT INTO `attendance_info` VALUES ('915', '35020519920919252X', '2016/01/23 18:45:46', '6be0754e-fbd6-4e28-a73e-8a09cd04a606', '2016/01/24 08:44:32');
INSERT INTO `attendance_info` VALUES ('916', '350881198209180769', '2016/01/23 18:45:41', '6be0754e-fbd6-4e28-a73e-8a09cd04a606', '2016/01/24 08:44:32');
INSERT INTO `attendance_info` VALUES ('917', '350524198808303042', '2016/01/23 18:45:35', '6be0754e-fbd6-4e28-a73e-8a09cd04a606', '2016/01/24 08:44:32');
INSERT INTO `attendance_info` VALUES ('918', '431224199104278845', '2016/01/23 18:45:31', '6be0754e-fbd6-4e28-a73e-8a09cd04a606', '2016/01/24 08:44:32');
INSERT INTO `attendance_info` VALUES ('919', '350421199209214021', '2016/01/23 18:44:51', '6be0754e-fbd6-4e28-a73e-8a09cd04a606', '2016/01/24 08:44:32');
INSERT INTO `attendance_info` VALUES ('920', '350723199011032125', '2016/01/23 18:44:47', '6be0754e-fbd6-4e28-a73e-8a09cd04a606', '2016/01/24 08:44:32');
INSERT INTO `attendance_info` VALUES ('921', '350205199306131024', '2016/01/23 18:43:58', '6be0754e-fbd6-4e28-a73e-8a09cd04a606', '2016/01/24 08:44:32');
INSERT INTO `attendance_info` VALUES ('922', '350204199308031020', '2016/01/23 18:43:49', '6be0754e-fbd6-4e28-a73e-8a09cd04a606', '2016/01/24 08:44:32');
INSERT INTO `attendance_info` VALUES ('923', '350600198601190524', '2016/01/23 18:43:40', '6be0754e-fbd6-4e28-a73e-8a09cd04a606', '2016/01/24 08:44:32');
INSERT INTO `attendance_info` VALUES ('924', '350424198708130521', '2016/01/23 18:43:36', '6be0754e-fbd6-4e28-a73e-8a09cd04a606', '2016/01/24 08:44:32');
INSERT INTO `attendance_info` VALUES ('925', '362425198602173611', '2016/01/23 18:43:04', '6be0754e-fbd6-4e28-a73e-8a09cd04a606', '2016/01/24 08:44:32');
INSERT INTO `attendance_info` VALUES ('926', '350205199208203012', '2016/01/23 18:43:00', '6be0754e-fbd6-4e28-a73e-8a09cd04a606', '2016/01/24 08:44:32');
INSERT INTO `attendance_info` VALUES ('927', '350525199011144532', '2016/01/23 18:42:57', '6be0754e-fbd6-4e28-a73e-8a09cd04a606', '2016/01/24 08:44:32');
INSERT INTO `attendance_info` VALUES ('928', '35021219871118003X', '2016/01/23 18:42:50', '6be0754e-fbd6-4e28-a73e-8a09cd04a606', '2016/01/24 08:44:32');
INSERT INTO `attendance_info` VALUES ('929', '350205199203263016', '2016/01/23 18:42:46', '6be0754e-fbd6-4e28-a73e-8a09cd04a606', '2016/01/24 08:44:32');
INSERT INTO `attendance_info` VALUES ('930', '352622197609164916', '2016/01/23 18:42:40', '6be0754e-fbd6-4e28-a73e-8a09cd04a606', '2016/01/24 08:44:32');
INSERT INTO `attendance_info` VALUES ('931', '350211199109203516', '2016/01/23 18:42:36', '6be0754e-fbd6-4e28-a73e-8a09cd04a606', '2016/01/24 08:44:32');
INSERT INTO `attendance_info` VALUES ('932', '350521198702286564', '2016/01/23 18:42:33', '6be0754e-fbd6-4e28-a73e-8a09cd04a606', '2016/01/24 08:44:32');
INSERT INTO `attendance_info` VALUES ('933', '350205199208181028', '2016/01/23 18:42:29', '6be0754e-fbd6-4e28-a73e-8a09cd04a606', '2016/01/24 08:44:32');
INSERT INTO `attendance_info` VALUES ('934', '350205199407071024', '2016/01/23 18:42:25', '6be0754e-fbd6-4e28-a73e-8a09cd04a606', '2016/01/24 08:44:32');
INSERT INTO `attendance_info` VALUES ('935', '350205199004262547', '2016/01/23 18:42:12', '6be0754e-fbd6-4e28-a73e-8a09cd04a606', '2016/01/24 08:44:32');
INSERT INTO `attendance_info` VALUES ('936', '350583199205130087', '2016/01/23 18:42:07', '6be0754e-fbd6-4e28-a73e-8a09cd04a606', '2016/01/24 08:44:32');
INSERT INTO `attendance_info` VALUES ('937', '35021219910524152X', '2016/01/23 18:42:03', '6be0754e-fbd6-4e28-a73e-8a09cd04a606', '2016/01/24 08:44:32');
INSERT INTO `attendance_info` VALUES ('938', '350402199111096021', '2016/01/23 18:42:00', '6be0754e-fbd6-4e28-a73e-8a09cd04a606', '2016/01/24 08:44:32');
INSERT INTO `attendance_info` VALUES ('939', '350524198906131088', '2016/01/23 18:41:55', '6be0754e-fbd6-4e28-a73e-8a09cd04a606', '2016/01/24 08:44:32');
INSERT INTO `attendance_info` VALUES ('940', '350212199011050554', '2016/01/23 18:41:11', '6be0754e-fbd6-4e28-a73e-8a09cd04a606', '2016/01/24 08:44:32');
INSERT INTO `attendance_info` VALUES ('941', '350212199011050554', '2016/01/23 18:41:09', '6be0754e-fbd6-4e28-a73e-8a09cd04a606', '2016/01/24 08:44:32');
INSERT INTO `attendance_info` VALUES ('942', '350211199002103515', '2016/01/23 18:41:03', '6be0754e-fbd6-4e28-a73e-8a09cd04a606', '2016/01/24 08:44:32');
INSERT INTO `attendance_info` VALUES ('943', '35021219910717253X', '2016/01/23 18:40:59', '6be0754e-fbd6-4e28-a73e-8a09cd04a606', '2016/01/24 08:44:32');
INSERT INTO `attendance_info` VALUES ('944', '350723198908050040', '2016/01/23 18:40:31', '6be0754e-fbd6-4e28-a73e-8a09cd04a606', '2016/01/24 08:44:32');
INSERT INTO `attendance_info` VALUES ('945', '220323199005250467', '2016/01/23 18:40:26', '6be0754e-fbd6-4e28-a73e-8a09cd04a606', '2016/01/24 08:44:32');
INSERT INTO `attendance_info` VALUES ('946', '350322198702200543', '2016/01/23 18:40:21', '6be0754e-fbd6-4e28-a73e-8a09cd04a606', '2016/01/24 08:44:32');
INSERT INTO `attendance_info` VALUES ('947', '350425198912212424', '2016/01/23 18:40:04', '6be0754e-fbd6-4e28-a73e-8a09cd04a606', '2016/01/24 08:44:32');
INSERT INTO `attendance_info` VALUES ('948', '350629197312060035', '2016/01/23 18:38:42', '6be0754e-fbd6-4e28-a73e-8a09cd04a606', '2016/01/24 08:44:32');
INSERT INTO `attendance_info` VALUES ('949', '35020519900323101X', '2016/01/23 18:38:38', '6be0754e-fbd6-4e28-a73e-8a09cd04a606', '2016/01/24 08:44:32');
INSERT INTO `attendance_info` VALUES ('950', '350622199202130041', '2016/01/23 18:37:54', '6be0754e-fbd6-4e28-a73e-8a09cd04a606', '2016/01/24 08:44:32');
INSERT INTO `attendance_info` VALUES ('951', '350622199202130041', '2016/01/23 18:37:52', '6be0754e-fbd6-4e28-a73e-8a09cd04a606', '2016/01/24 08:44:32');
INSERT INTO `attendance_info` VALUES ('952', '350205198912150028', '2016/01/23 18:36:43', '6be0754e-fbd6-4e28-a73e-8a09cd04a606', '2016/01/24 08:44:32');
INSERT INTO `attendance_info` VALUES ('953', '350212199112294523', '2016/01/23 18:36:38', '6be0754e-fbd6-4e28-a73e-8a09cd04a606', '2016/01/24 08:44:32');
INSERT INTO `attendance_info` VALUES ('954', '350212199112294523', '2016/01/23 18:36:35', '6be0754e-fbd6-4e28-a73e-8a09cd04a606', '2016/01/24 08:44:32');
INSERT INTO `attendance_info` VALUES ('955', '350622199303290036', '2016/01/23 18:36:21', '6be0754e-fbd6-4e28-a73e-8a09cd04a606', '2016/01/24 08:44:32');
INSERT INTO `attendance_info` VALUES ('956', '35062219910911002X', '2016/01/23 18:36:18', '6be0754e-fbd6-4e28-a73e-8a09cd04a606', '2016/01/24 08:44:32');
INSERT INTO `attendance_info` VALUES ('957', '350205198909242028', '2016/01/23 18:36:13', '6be0754e-fbd6-4e28-a73e-8a09cd04a606', '2016/01/24 08:44:32');
INSERT INTO `attendance_info` VALUES ('958', '350205198912201024', '2016/01/23 18:36:08', '6be0754e-fbd6-4e28-a73e-8a09cd04a606', '2016/01/24 08:44:32');
INSERT INTO `attendance_info` VALUES ('959', '350204199210161011', '2016/01/23 18:36:04', '6be0754e-fbd6-4e28-a73e-8a09cd04a606', '2016/01/24 08:44:32');
INSERT INTO `attendance_info` VALUES ('960', '350205199008191045', '2016/01/23 18:35:53', '6be0754e-fbd6-4e28-a73e-8a09cd04a606', '2016/01/24 08:44:32');
INSERT INTO `attendance_info` VALUES ('961', '350205198508261068', '2016/01/23 18:35:24', '6be0754e-fbd6-4e28-a73e-8a09cd04a606', '2016/01/24 08:44:32');
INSERT INTO `attendance_info` VALUES ('962', '431223199311193821', '2016/01/23 18:35:21', '6be0754e-fbd6-4e28-a73e-8a09cd04a606', '2016/01/24 08:44:32');
INSERT INTO `attendance_info` VALUES ('963', '431223199311193821', '2016/01/23 18:35:19', '6be0754e-fbd6-4e28-a73e-8a09cd04a606', '2016/01/24 08:44:32');
INSERT INTO `attendance_info` VALUES ('964', '350629198111145520', '2016/01/23 18:35:14', '6be0754e-fbd6-4e28-a73e-8a09cd04a606', '2016/01/24 08:44:32');
INSERT INTO `attendance_info` VALUES ('965', '352201199211010023', '2016/01/23 18:35:10', '6be0754e-fbd6-4e28-a73e-8a09cd04a606', '2016/01/24 08:44:32');
INSERT INTO `attendance_info` VALUES ('966', '350524199101157226', '2016/01/23 18:35:02', '6be0754e-fbd6-4e28-a73e-8a09cd04a606', '2016/01/24 08:44:32');
INSERT INTO `attendance_info` VALUES ('967', '350322198702200543', '2016/01/24 14:27:09', '6be0754e-fbd6-4e28-a73e-8a09cd04a606', '2016/01/24 14:44:44');
INSERT INTO `attendance_info` VALUES ('968', '35021219910524152X', '2016/01/24 14:25:26', '6be0754e-fbd6-4e28-a73e-8a09cd04a606', '2016/01/24 14:44:44');
INSERT INTO `attendance_info` VALUES ('969', '350402199111096021', '2016/01/24 14:25:22', '6be0754e-fbd6-4e28-a73e-8a09cd04a606', '2016/01/24 14:44:44');
INSERT INTO `attendance_info` VALUES ('970', '350205199205122049', '2016/01/24 14:24:57', '6be0754e-fbd6-4e28-a73e-8a09cd04a606', '2016/01/24 14:44:44');
INSERT INTO `attendance_info` VALUES ('971', '350205198912150028', '2016/01/24 14:24:53', '6be0754e-fbd6-4e28-a73e-8a09cd04a606', '2016/01/24 14:44:44');
INSERT INTO `attendance_info` VALUES ('972', '35021219910209152X', '2016/01/24 14:24:37', '6be0754e-fbd6-4e28-a73e-8a09cd04a606', '2016/01/24 14:44:44');
INSERT INTO `attendance_info` VALUES ('973', '350204199307036022', '2016/01/24 14:23:35', '6be0754e-fbd6-4e28-a73e-8a09cd04a606', '2016/01/24 14:44:44');
INSERT INTO `attendance_info` VALUES ('974', '350204199308031020', '2016/01/24 14:23:31', '6be0754e-fbd6-4e28-a73e-8a09cd04a606', '2016/01/24 14:44:44');
INSERT INTO `attendance_info` VALUES ('975', '350212198808032025', '2016/01/24 14:23:27', '6be0754e-fbd6-4e28-a73e-8a09cd04a606', '2016/01/24 14:44:44');
INSERT INTO `attendance_info` VALUES ('976', '350723199011032125', '2016/01/24 14:22:30', '6be0754e-fbd6-4e28-a73e-8a09cd04a606', '2016/01/24 14:44:44');
INSERT INTO `attendance_info` VALUES ('977', '350212199011050554', '2016/01/24 14:22:11', '6be0754e-fbd6-4e28-a73e-8a09cd04a606', '2016/01/24 14:44:44');
INSERT INTO `attendance_info` VALUES ('978', '35021219910717253X', '2016/01/24 14:22:05', '6be0754e-fbd6-4e28-a73e-8a09cd04a606', '2016/01/24 14:44:44');
INSERT INTO `attendance_info` VALUES ('979', '350202199010170025', '2016/01/24 14:21:02', '6be0754e-fbd6-4e28-a73e-8a09cd04a606', '2016/01/24 14:44:44');
INSERT INTO `attendance_info` VALUES ('980', '350205199112282027', '2016/01/24 14:20:56', '6be0754e-fbd6-4e28-a73e-8a09cd04a606', '2016/01/24 14:44:44');
INSERT INTO `attendance_info` VALUES ('981', '350205199205152029', '2016/01/24 14:20:23', '6be0754e-fbd6-4e28-a73e-8a09cd04a606', '2016/01/24 14:44:44');
INSERT INTO `attendance_info` VALUES ('982', '350623199008133421', '2016/01/24 14:20:20', '6be0754e-fbd6-4e28-a73e-8a09cd04a606', '2016/01/24 14:44:44');
INSERT INTO `attendance_info` VALUES ('983', '350212198701304545', '2016/01/24 14:20:13', '6be0754e-fbd6-4e28-a73e-8a09cd04a606', '2016/01/24 14:44:44');
INSERT INTO `attendance_info` VALUES ('984', '350205198508261068', '2016/01/24 14:20:09', '6be0754e-fbd6-4e28-a73e-8a09cd04a606', '2016/01/24 14:44:44');
INSERT INTO `attendance_info` VALUES ('985', '431224199104278845', '2016/01/24 14:20:05', '6be0754e-fbd6-4e28-a73e-8a09cd04a606', '2016/01/24 14:44:44');
INSERT INTO `attendance_info` VALUES ('986', '350600198601190524', '2016/01/24 14:19:26', '6be0754e-fbd6-4e28-a73e-8a09cd04a606', '2016/01/24 14:44:44');
INSERT INTO `attendance_info` VALUES ('987', '350424198708130521', '2016/01/24 14:18:58', '6be0754e-fbd6-4e28-a73e-8a09cd04a606', '2016/01/24 14:44:44');
INSERT INTO `attendance_info` VALUES ('988', '350205199212243527', '2016/01/24 14:18:50', '6be0754e-fbd6-4e28-a73e-8a09cd04a606', '2016/01/24 14:44:44');
INSERT INTO `attendance_info` VALUES ('989', '350205199407071024', '2016/01/24 14:18:46', '6be0754e-fbd6-4e28-a73e-8a09cd04a606', '2016/01/24 14:44:44');
INSERT INTO `attendance_info` VALUES ('990', '35021219871118003X', '2016/01/24 14:18:42', '6be0754e-fbd6-4e28-a73e-8a09cd04a606', '2016/01/24 14:44:44');
INSERT INTO `attendance_info` VALUES ('991', '362425198602173611', '2016/01/24 14:18:38', '6be0754e-fbd6-4e28-a73e-8a09cd04a606', '2016/01/24 14:44:44');
INSERT INTO `attendance_info` VALUES ('992', '350421199209214021', '2016/01/24 14:18:32', '6be0754e-fbd6-4e28-a73e-8a09cd04a606', '2016/01/24 14:44:44');
INSERT INTO `attendance_info` VALUES ('993', '350625199112020040', '2016/01/24 14:18:28', '6be0754e-fbd6-4e28-a73e-8a09cd04a606', '2016/01/24 14:44:44');
INSERT INTO `attendance_info` VALUES ('994', '350627198607022054', '2016/01/24 14:18:25', '6be0754e-fbd6-4e28-a73e-8a09cd04a606', '2016/01/24 14:44:44');
INSERT INTO `attendance_info` VALUES ('995', '350623198804255142', '2016/01/24 14:18:20', '6be0754e-fbd6-4e28-a73e-8a09cd04a606', '2016/01/24 14:44:44');
INSERT INTO `attendance_info` VALUES ('996', '350525199011144532', '2016/01/24 14:18:15', '6be0754e-fbd6-4e28-a73e-8a09cd04a606', '2016/01/24 14:44:44');
INSERT INTO `attendance_info` VALUES ('997', '350583199205130087', '2016/01/24 14:17:12', '6be0754e-fbd6-4e28-a73e-8a09cd04a606', '2016/01/24 14:44:44');
INSERT INTO `attendance_info` VALUES ('998', '350524198906131088', '2016/01/24 14:17:05', '6be0754e-fbd6-4e28-a73e-8a09cd04a606', '2016/01/24 14:44:44');
INSERT INTO `attendance_info` VALUES ('999', '350521198702286564', '2016/01/24 14:17:02', '6be0754e-fbd6-4e28-a73e-8a09cd04a606', '2016/01/24 14:44:44');
INSERT INTO `attendance_info` VALUES ('1000', '350212199112294523', '2016/01/24 14:16:56', '6be0754e-fbd6-4e28-a73e-8a09cd04a606', '2016/01/24 14:44:44');
INSERT INTO `attendance_info` VALUES ('1001', '350204199207246524', '2016/01/24 14:16:52', '6be0754e-fbd6-4e28-a73e-8a09cd04a606', '2016/01/24 14:44:44');
INSERT INTO `attendance_info` VALUES ('1002', '350524198808303042', '2016/01/24 14:16:48', '6be0754e-fbd6-4e28-a73e-8a09cd04a606', '2016/01/24 14:44:44');
INSERT INTO `attendance_info` VALUES ('1003', '350205199208181028', '2016/01/24 14:16:44', '6be0754e-fbd6-4e28-a73e-8a09cd04a606', '2016/01/24 14:44:44');
INSERT INTO `attendance_info` VALUES ('1004', '350622199303290036', '2016/01/24 14:16:06', '6be0754e-fbd6-4e28-a73e-8a09cd04a606', '2016/01/24 14:44:44');
INSERT INTO `attendance_info` VALUES ('1005', '140123198908057048', '2016/01/24 14:16:01', '6be0754e-fbd6-4e28-a73e-8a09cd04a606', '2016/01/24 14:44:44');
INSERT INTO `attendance_info` VALUES ('1006', '350204199201296520', '2016/01/24 14:15:55', '6be0754e-fbd6-4e28-a73e-8a09cd04a606', '2016/01/24 14:44:44');
INSERT INTO `attendance_info` VALUES ('1007', '350205199111042048', '2016/01/24 14:15:50', '6be0754e-fbd6-4e28-a73e-8a09cd04a606', '2016/01/24 14:44:44');
INSERT INTO `attendance_info` VALUES ('1008', '35020519920919252X', '2016/01/24 14:15:46', '6be0754e-fbd6-4e28-a73e-8a09cd04a606', '2016/01/24 14:44:44');
INSERT INTO `attendance_info` VALUES ('1009', '130303198906092142', '2016/01/24 14:15:39', '6be0754e-fbd6-4e28-a73e-8a09cd04a606', '2016/01/24 14:44:44');
INSERT INTO `attendance_info` VALUES ('1010', '350627198908210569', '2016/01/24 14:15:35', '6be0754e-fbd6-4e28-a73e-8a09cd04a606', '2016/01/24 14:44:44');
INSERT INTO `attendance_info` VALUES ('1011', '352201199211010023', '2016/01/24 14:15:06', '6be0754e-fbd6-4e28-a73e-8a09cd04a606', '2016/01/24 14:44:44');
INSERT INTO `attendance_info` VALUES ('1012', '350524199101157226', '2016/01/24 14:15:02', '6be0754e-fbd6-4e28-a73e-8a09cd04a606', '2016/01/24 14:44:44');
INSERT INTO `attendance_info` VALUES ('1013', '350205199004262547', '2016/01/24 14:14:21', '6be0754e-fbd6-4e28-a73e-8a09cd04a606', '2016/01/24 14:44:44');
INSERT INTO `attendance_info` VALUES ('1014', '350702198809091320', '2016/01/24 14:14:18', '6be0754e-fbd6-4e28-a73e-8a09cd04a606', '2016/01/24 14:44:44');
INSERT INTO `attendance_info` VALUES ('1015', '350723198908050040', '2016/01/24 14:14:13', '6be0754e-fbd6-4e28-a73e-8a09cd04a606', '2016/01/24 14:44:44');
INSERT INTO `attendance_info` VALUES ('1016', '352622197609164916', '2016/01/24 14:14:08', '6be0754e-fbd6-4e28-a73e-8a09cd04a606', '2016/01/24 14:44:44');
INSERT INTO `attendance_info` VALUES ('1017', '352622197609164916', '2016/01/24 14:14:06', '6be0754e-fbd6-4e28-a73e-8a09cd04a606', '2016/01/24 14:44:44');
INSERT INTO `attendance_info` VALUES ('1018', '350211199109203516', '2016/01/24 14:14:03', '6be0754e-fbd6-4e28-a73e-8a09cd04a606', '2016/01/24 14:44:44');
INSERT INTO `attendance_info` VALUES ('1019', '350205199008191045', '2016/01/24 14:14:00', '6be0754e-fbd6-4e28-a73e-8a09cd04a606', '2016/01/24 14:44:44');
INSERT INTO `attendance_info` VALUES ('1020', '220323199005250467', '2016/01/24 14:13:56', '6be0754e-fbd6-4e28-a73e-8a09cd04a606', '2016/01/24 14:44:44');
INSERT INTO `attendance_info` VALUES ('1021', '350425198912212424', '2016/01/24 14:13:53', '6be0754e-fbd6-4e28-a73e-8a09cd04a606', '2016/01/24 14:44:44');
INSERT INTO `attendance_info` VALUES ('1022', '350629198111145520', '2016/01/24 14:13:28', '6be0754e-fbd6-4e28-a73e-8a09cd04a606', '2016/01/24 14:44:44');
INSERT INTO `attendance_info` VALUES ('1023', '35020519910926301X', '2016/01/24 14:13:22', '6be0754e-fbd6-4e28-a73e-8a09cd04a606', '2016/01/24 14:44:44');
INSERT INTO `attendance_info` VALUES ('1024', '350430199301030029', '2016/01/24 14:13:12', '6be0754e-fbd6-4e28-a73e-8a09cd04a606', '2016/01/24 14:44:44');
INSERT INTO `attendance_info` VALUES ('1025', '350622199202130041', '2016/01/24 14:12:58', '6be0754e-fbd6-4e28-a73e-8a09cd04a606', '2016/01/24 14:44:44');
INSERT INTO `attendance_info` VALUES ('1026', '431223199311193821', '2016/01/24 14:12:27', '6be0754e-fbd6-4e28-a73e-8a09cd04a606', '2016/01/24 14:44:44');
INSERT INTO `attendance_info` VALUES ('1027', '350205199306131024', '2016/01/24 14:12:21', '6be0754e-fbd6-4e28-a73e-8a09cd04a606', '2016/01/24 14:44:44');
INSERT INTO `attendance_info` VALUES ('1028', '330481198509284441', '2016/01/24 14:12:11', '6be0754e-fbd6-4e28-a73e-8a09cd04a606', '2016/01/24 14:44:44');
INSERT INTO `attendance_info` VALUES ('1029', '350521198511047827', '2016/01/24 14:12:07', '6be0754e-fbd6-4e28-a73e-8a09cd04a606', '2016/01/24 14:44:44');
INSERT INTO `attendance_info` VALUES ('1030', '350521198511047827', '2016/01/24 14:12:04', '6be0754e-fbd6-4e28-a73e-8a09cd04a606', '2016/01/24 14:44:44');
INSERT INTO `attendance_info` VALUES ('1031', '350202198902011025', '2016/01/24 14:11:59', '6be0754e-fbd6-4e28-a73e-8a09cd04a606', '2016/01/24 14:44:44');
INSERT INTO `attendance_info` VALUES ('1032', '350823198904010020', '2016/01/24 14:11:52', '6be0754e-fbd6-4e28-a73e-8a09cd04a606', '2016/01/24 14:44:44');
INSERT INTO `attendance_info` VALUES ('1033', '350823198904010020', '2016/01/24 14:11:38', '6be0754e-fbd6-4e28-a73e-8a09cd04a606', '2016/01/24 14:44:44');
INSERT INTO `attendance_info` VALUES ('1034', '350802199307211521', '2016/01/24 14:11:34', '6be0754e-fbd6-4e28-a73e-8a09cd04a606', '2016/01/24 14:44:44');
INSERT INTO `attendance_info` VALUES ('1035', '35020519900323101X', '2016/01/24 14:11:27', '6be0754e-fbd6-4e28-a73e-8a09cd04a606', '2016/01/24 14:44:44');
INSERT INTO `attendance_info` VALUES ('1036', '350702198303116527', '2016/01/24 14:11:23', '6be0754e-fbd6-4e28-a73e-8a09cd04a606', '2016/01/24 14:44:44');
INSERT INTO `attendance_info` VALUES ('1037', '350205199203263016', '2016/01/24 14:11:19', '6be0754e-fbd6-4e28-a73e-8a09cd04a606', '2016/01/24 14:44:44');
INSERT INTO `attendance_info` VALUES ('1038', '352623197706200049', '2016/01/24 14:11:15', '6be0754e-fbd6-4e28-a73e-8a09cd04a606', '2016/01/24 14:44:44');
INSERT INTO `attendance_info` VALUES ('1039', '350881198209180769', '2016/01/24 14:11:12', '6be0754e-fbd6-4e28-a73e-8a09cd04a606', '2016/01/24 14:44:44');
INSERT INTO `attendance_info` VALUES ('1040', '35062219910911002X', '2016/01/24 14:11:09', '6be0754e-fbd6-4e28-a73e-8a09cd04a606', '2016/01/24 14:44:44');
INSERT INTO `attendance_info` VALUES ('1041', '350629197312060035', '2016/01/24 14:11:05', '6be0754e-fbd6-4e28-a73e-8a09cd04a606', '2016/01/24 14:44:44');
INSERT INTO `attendance_info` VALUES ('1042', '350204199210161011', '2016/01/24 14:11:02', '6be0754e-fbd6-4e28-a73e-8a09cd04a606', '2016/01/24 14:44:44');
INSERT INTO `attendance_info` VALUES ('1043', '350721198910290024', '2016/01/24 14:10:57', '6be0754e-fbd6-4e28-a73e-8a09cd04a606', '2016/01/24 14:44:44');
INSERT INTO `attendance_info` VALUES ('1044', '350211198905253587', '2016/01/24 14:10:54', '6be0754e-fbd6-4e28-a73e-8a09cd04a606', '2016/01/24 14:44:44');
INSERT INTO `attendance_info` VALUES ('1045', '350205199208203012', '2016/01/24 14:10:51', '6be0754e-fbd6-4e28-a73e-8a09cd04a606', '2016/01/24 14:44:44');
INSERT INTO `attendance_info` VALUES ('1046', '350205199208203012', '2016/01/24 14:10:49', '6be0754e-fbd6-4e28-a73e-8a09cd04a606', '2016/01/24 14:44:44');
INSERT INTO `attendance_info` VALUES ('1047', '350205198909242028', '2016/01/24 14:10:46', '6be0754e-fbd6-4e28-a73e-8a09cd04a606', '2016/01/24 14:44:44');
INSERT INTO `attendance_info` VALUES ('1048', '350211199002103515', '2016/01/24 14:10:42', '6be0754e-fbd6-4e28-a73e-8a09cd04a606', '2016/01/24 14:44:44');
INSERT INTO `attendance_info` VALUES ('1049', '350205198912201024', '2016/01/24 14:10:39', '6be0754e-fbd6-4e28-a73e-8a09cd04a606', '2016/01/24 14:44:44');
INSERT INTO `attendance_info` VALUES ('1050', '350212198808032025', '2016/01/25 08:26:23', '6be0754e-fbd6-4e28-a73e-8a09cd04a606', '2016/01/25 08:48:01');
INSERT INTO `attendance_info` VALUES ('1051', '350204199307036022', '2016/01/25 08:26:19', '6be0754e-fbd6-4e28-a73e-8a09cd04a606', '2016/01/25 08:48:01');
INSERT INTO `attendance_info` VALUES ('1052', '350802199307211521', '2016/01/25 08:26:14', '6be0754e-fbd6-4e28-a73e-8a09cd04a606', '2016/01/25 08:48:01');
INSERT INTO `attendance_info` VALUES ('1053', '330481198509284441', '2016/01/25 08:26:09', '6be0754e-fbd6-4e28-a73e-8a09cd04a606', '2016/01/25 08:48:01');
INSERT INTO `attendance_info` VALUES ('1054', '350823198904010020', '2016/01/25 08:26:06', '6be0754e-fbd6-4e28-a73e-8a09cd04a606', '2016/01/25 08:48:01');
INSERT INTO `attendance_info` VALUES ('1055', '350205199205122049', '2016/01/25 08:26:02', '6be0754e-fbd6-4e28-a73e-8a09cd04a606', '2016/01/25 08:48:01');
INSERT INTO `attendance_info` VALUES ('1056', '350205198912150028', '2016/01/25 08:25:57', '6be0754e-fbd6-4e28-a73e-8a09cd04a606', '2016/01/25 08:48:01');
INSERT INTO `attendance_info` VALUES ('1057', '35020519910926301X', '2016/01/25 08:25:42', '6be0754e-fbd6-4e28-a73e-8a09cd04a606', '2016/01/25 08:48:01');
INSERT INTO `attendance_info` VALUES ('1058', '35021219910209152X', '2016/01/25 08:25:06', '6be0754e-fbd6-4e28-a73e-8a09cd04a606', '2016/01/25 08:48:01');
INSERT INTO `attendance_info` VALUES ('1059', '431224199104278845', '2016/01/25 08:25:01', '6be0754e-fbd6-4e28-a73e-8a09cd04a606', '2016/01/25 08:48:01');
INSERT INTO `attendance_info` VALUES ('1060', '350723199011032125', '2016/01/25 08:24:59', '6be0754e-fbd6-4e28-a73e-8a09cd04a606', '2016/01/25 08:48:01');
INSERT INTO `attendance_info` VALUES ('1061', '350623199008133421', '2016/01/25 08:24:51', '6be0754e-fbd6-4e28-a73e-8a09cd04a606', '2016/01/25 08:48:01');
INSERT INTO `attendance_info` VALUES ('1062', '350322198702200543', '2016/01/25 08:24:45', '6be0754e-fbd6-4e28-a73e-8a09cd04a606', '2016/01/25 08:48:01');
INSERT INTO `attendance_info` VALUES ('1063', '350211199002103515', '2016/01/25 08:24:40', '6be0754e-fbd6-4e28-a73e-8a09cd04a606', '2016/01/25 08:48:01');
INSERT INTO `attendance_info` VALUES ('1064', '350625199112020040', '2016/01/25 08:24:37', '6be0754e-fbd6-4e28-a73e-8a09cd04a606', '2016/01/25 08:48:01');
INSERT INTO `attendance_info` VALUES ('1065', '130303198906092142', '2016/01/25 08:24:27', '6be0754e-fbd6-4e28-a73e-8a09cd04a606', '2016/01/25 08:48:01');
INSERT INTO `attendance_info` VALUES ('1066', '350627198908210569', '2016/01/25 08:24:21', '6be0754e-fbd6-4e28-a73e-8a09cd04a606', '2016/01/25 08:48:01');
INSERT INTO `attendance_info` VALUES ('1067', '350721198910290024', '2016/01/25 08:24:17', '6be0754e-fbd6-4e28-a73e-8a09cd04a606', '2016/01/25 08:48:01');
INSERT INTO `attendance_info` VALUES ('1068', '350205198912201024', '2016/01/25 08:24:14', '6be0754e-fbd6-4e28-a73e-8a09cd04a606', '2016/01/25 08:48:01');
INSERT INTO `attendance_info` VALUES ('1069', '350211198905253587', '2016/01/25 08:24:11', '6be0754e-fbd6-4e28-a73e-8a09cd04a606', '2016/01/25 08:48:01');
INSERT INTO `attendance_info` VALUES ('1070', '350211199109203516', '2016/01/25 08:24:04', '6be0754e-fbd6-4e28-a73e-8a09cd04a606', '2016/01/25 08:48:01');
INSERT INTO `attendance_info` VALUES ('1071', '350521198511047827', '2016/01/25 08:23:47', '6be0754e-fbd6-4e28-a73e-8a09cd04a606', '2016/01/25 08:48:01');
INSERT INTO `attendance_info` VALUES ('1072', '350521198702286564', '2016/01/25 08:23:43', '6be0754e-fbd6-4e28-a73e-8a09cd04a606', '2016/01/25 08:48:01');
INSERT INTO `attendance_info` VALUES ('1073', '350402199111096021', '2016/01/25 08:23:34', '6be0754e-fbd6-4e28-a73e-8a09cd04a606', '2016/01/25 08:48:01');
INSERT INTO `attendance_info` VALUES ('1074', '350402199111096021', '2016/01/25 08:23:32', '6be0754e-fbd6-4e28-a73e-8a09cd04a606', '2016/01/25 08:48:01');
INSERT INTO `attendance_info` VALUES ('1075', '350583199205130087', '2016/01/25 08:23:28', '6be0754e-fbd6-4e28-a73e-8a09cd04a606', '2016/01/25 08:48:01');
INSERT INTO `attendance_info` VALUES ('1076', '350524198808303042', '2016/01/25 08:23:21', '6be0754e-fbd6-4e28-a73e-8a09cd04a606', '2016/01/25 08:48:01');
INSERT INTO `attendance_info` VALUES ('1077', '350204199207246524', '2016/01/25 08:23:11', '6be0754e-fbd6-4e28-a73e-8a09cd04a606', '2016/01/25 08:48:01');
INSERT INTO `attendance_info` VALUES ('1078', '35021219871118003X', '2016/01/25 08:23:06', '6be0754e-fbd6-4e28-a73e-8a09cd04a606', '2016/01/25 08:48:01');
INSERT INTO `attendance_info` VALUES ('1079', '350524198906131088', '2016/01/25 08:23:02', '6be0754e-fbd6-4e28-a73e-8a09cd04a606', '2016/01/25 08:48:01');
INSERT INTO `attendance_info` VALUES ('1080', '350212198701304545', '2016/01/25 08:22:57', '6be0754e-fbd6-4e28-a73e-8a09cd04a606', '2016/01/25 08:48:01');
INSERT INTO `attendance_info` VALUES ('1081', '350202198902011025', '2016/01/25 08:22:44', '6be0754e-fbd6-4e28-a73e-8a09cd04a606', '2016/01/25 08:48:01');
INSERT INTO `attendance_info` VALUES ('1082', '350202198902011025', '2016/01/25 08:22:42', '6be0754e-fbd6-4e28-a73e-8a09cd04a606', '2016/01/25 08:48:01');
INSERT INTO `attendance_info` VALUES ('1083', '350212199112294523', '2016/01/25 08:22:39', '6be0754e-fbd6-4e28-a73e-8a09cd04a606', '2016/01/25 08:48:01');
INSERT INTO `attendance_info` VALUES ('1084', '350212199112294523', '2016/01/25 08:22:37', '6be0754e-fbd6-4e28-a73e-8a09cd04a606', '2016/01/25 08:48:01');
INSERT INTO `attendance_info` VALUES ('1085', '350723198908050040', '2016/01/25 08:22:32', '6be0754e-fbd6-4e28-a73e-8a09cd04a606', '2016/01/25 08:48:01');
INSERT INTO `attendance_info` VALUES ('1086', '220323199005250467', '2016/01/25 08:22:26', '6be0754e-fbd6-4e28-a73e-8a09cd04a606', '2016/01/25 08:48:01');
INSERT INTO `attendance_info` VALUES ('1087', '350425198912212424', '2016/01/25 08:22:23', '6be0754e-fbd6-4e28-a73e-8a09cd04a606', '2016/01/25 08:48:01');
INSERT INTO `attendance_info` VALUES ('1088', '35020519920919252X', '2016/01/25 08:20:57', '6be0754e-fbd6-4e28-a73e-8a09cd04a606', '2016/01/25 08:48:01');
INSERT INTO `attendance_info` VALUES ('1089', '350205199212243527', '2016/01/25 08:20:54', '6be0754e-fbd6-4e28-a73e-8a09cd04a606', '2016/01/25 08:48:01');
INSERT INTO `attendance_info` VALUES ('1090', '350622199303290036', '2016/01/25 08:20:49', '6be0754e-fbd6-4e28-a73e-8a09cd04a606', '2016/01/25 08:48:01');
INSERT INTO `attendance_info` VALUES ('1091', '350204199308031020', '2016/01/25 08:20:36', '6be0754e-fbd6-4e28-a73e-8a09cd04a606', '2016/01/25 08:48:01');
INSERT INTO `attendance_info` VALUES ('1092', '350430199301030029', '2016/01/25 08:20:15', '6be0754e-fbd6-4e28-a73e-8a09cd04a606', '2016/01/25 08:48:01');
INSERT INTO `attendance_info` VALUES ('1093', '350622199202130041', '2016/01/25 08:19:50', '6be0754e-fbd6-4e28-a73e-8a09cd04a606', '2016/01/25 08:48:01');
INSERT INTO `attendance_info` VALUES ('1094', '35062219910911002X', '2016/01/25 08:19:37', '6be0754e-fbd6-4e28-a73e-8a09cd04a606', '2016/01/25 08:48:01');
INSERT INTO `attendance_info` VALUES ('1095', '350205199205152029', '2016/01/25 08:19:12', '6be0754e-fbd6-4e28-a73e-8a09cd04a606', '2016/01/25 08:48:01');
INSERT INTO `attendance_info` VALUES ('1096', '350205199205152029', '2016/01/25 08:19:10', '6be0754e-fbd6-4e28-a73e-8a09cd04a606', '2016/01/25 08:48:01');
INSERT INTO `attendance_info` VALUES ('1097', '350205199112282027', '2016/01/25 08:19:07', '6be0754e-fbd6-4e28-a73e-8a09cd04a606', '2016/01/25 08:48:01');
INSERT INTO `attendance_info` VALUES ('1098', '350205199112282027', '2016/01/25 08:19:05', '6be0754e-fbd6-4e28-a73e-8a09cd04a606', '2016/01/25 08:48:01');
INSERT INTO `attendance_info` VALUES ('1099', '350424198708130521', '2016/01/25 08:18:59', '6be0754e-fbd6-4e28-a73e-8a09cd04a606', '2016/01/25 08:48:01');
INSERT INTO `attendance_info` VALUES ('1100', '350424198708130521', '2016/01/25 08:18:56', '6be0754e-fbd6-4e28-a73e-8a09cd04a606', '2016/01/25 08:48:01');
INSERT INTO `attendance_info` VALUES ('1101', '350600198601190524', '2016/01/25 08:18:51', '6be0754e-fbd6-4e28-a73e-8a09cd04a606', '2016/01/25 08:48:01');
INSERT INTO `attendance_info` VALUES ('1102', '352622197609164916', '2016/01/25 08:17:36', '6be0754e-fbd6-4e28-a73e-8a09cd04a606', '2016/01/25 08:48:01');
INSERT INTO `attendance_info` VALUES ('1103', '350205199306131024', '2016/01/25 08:17:17', '6be0754e-fbd6-4e28-a73e-8a09cd04a606', '2016/01/25 08:48:01');
INSERT INTO `attendance_info` VALUES ('1104', '350629197312060035', '2016/01/25 08:16:59', '6be0754e-fbd6-4e28-a73e-8a09cd04a606', '2016/01/25 08:48:01');
INSERT INTO `attendance_info` VALUES ('1105', '350212199011050554', '2016/01/25 08:16:49', '6be0754e-fbd6-4e28-a73e-8a09cd04a606', '2016/01/25 08:48:01');
INSERT INTO `attendance_info` VALUES ('1106', '362425198602173611', '2016/01/25 08:14:30', '6be0754e-fbd6-4e28-a73e-8a09cd04a606', '2016/01/25 08:48:01');
INSERT INTO `attendance_info` VALUES ('1107', '350202199010170025', '2016/01/25 08:13:25', '6be0754e-fbd6-4e28-a73e-8a09cd04a606', '2016/01/25 08:48:01');
INSERT INTO `attendance_info` VALUES ('1108', '350702198303116527', '2016/01/25 08:13:14', '6be0754e-fbd6-4e28-a73e-8a09cd04a606', '2016/01/25 08:48:01');
INSERT INTO `attendance_info` VALUES ('1109', '35021219910717253X', '2016/01/25 08:13:08', '6be0754e-fbd6-4e28-a73e-8a09cd04a606', '2016/01/25 08:48:01');
INSERT INTO `attendance_info` VALUES ('1110', '350205199407071024', '2016/01/25 08:13:05', '6be0754e-fbd6-4e28-a73e-8a09cd04a606', '2016/01/25 08:48:01');
INSERT INTO `attendance_info` VALUES ('1111', '352623197706200049', '2016/01/25 08:13:01', '6be0754e-fbd6-4e28-a73e-8a09cd04a606', '2016/01/25 08:48:01');
INSERT INTO `attendance_info` VALUES ('1112', '350205199208181028', '2016/01/25 08:12:57', '6be0754e-fbd6-4e28-a73e-8a09cd04a606', '2016/01/25 08:48:01');
INSERT INTO `attendance_info` VALUES ('1113', '350881198209180769', '2016/01/25 08:12:53', '6be0754e-fbd6-4e28-a73e-8a09cd04a606', '2016/01/25 08:48:01');
INSERT INTO `attendance_info` VALUES ('1114', '350205199208203012', '2016/01/25 08:12:49', '6be0754e-fbd6-4e28-a73e-8a09cd04a606', '2016/01/25 08:48:01');
INSERT INTO `attendance_info` VALUES ('1115', '350205199203263016', '2016/01/25 08:12:44', '6be0754e-fbd6-4e28-a73e-8a09cd04a606', '2016/01/25 08:48:01');
INSERT INTO `attendance_info` VALUES ('1116', '35020519900323101X', '2016/01/25 08:12:40', '6be0754e-fbd6-4e28-a73e-8a09cd04a606', '2016/01/25 08:48:01');
INSERT INTO `attendance_info` VALUES ('1117', '350524199101157226', '2016/01/25 08:12:27', '6be0754e-fbd6-4e28-a73e-8a09cd04a606', '2016/01/25 08:48:01');
INSERT INTO `attendance_info` VALUES ('1118', '350627198607022054', '2016/01/25 08:12:20', '6be0754e-fbd6-4e28-a73e-8a09cd04a606', '2016/01/25 08:48:01');
INSERT INTO `attendance_info` VALUES ('1119', '350525199011144532', '2016/01/25 08:12:15', '6be0754e-fbd6-4e28-a73e-8a09cd04a606', '2016/01/25 08:48:01');
INSERT INTO `attendance_info` VALUES ('1120', '350204199210161011', '2016/01/25 08:11:54', '6be0754e-fbd6-4e28-a73e-8a09cd04a606', '2016/01/25 08:48:01');
INSERT INTO `attendance_info` VALUES ('1121', '350205199004262547', '2016/01/25 08:11:50', '6be0754e-fbd6-4e28-a73e-8a09cd04a606', '2016/01/25 08:48:01');
INSERT INTO `attendance_info` VALUES ('1122', '350421199209214021', '2016/01/25 08:11:46', '6be0754e-fbd6-4e28-a73e-8a09cd04a606', '2016/01/25 08:48:01');
INSERT INTO `attendance_info` VALUES ('1123', '431223199311193821', '2016/01/25 08:11:43', '6be0754e-fbd6-4e28-a73e-8a09cd04a606', '2016/01/25 08:48:01');
INSERT INTO `attendance_info` VALUES ('1124', '431223199311193821', '2016/01/25 08:11:40', '6be0754e-fbd6-4e28-a73e-8a09cd04a606', '2016/01/25 08:48:01');
INSERT INTO `attendance_info` VALUES ('1125', '350205198909242028', '2016/01/25 08:11:37', '6be0754e-fbd6-4e28-a73e-8a09cd04a606', '2016/01/25 08:48:01');
INSERT INTO `attendance_info` VALUES ('1126', '350702198809091320', '2016/01/25 08:11:33', '6be0754e-fbd6-4e28-a73e-8a09cd04a606', '2016/01/25 08:48:01');
INSERT INTO `attendance_info` VALUES ('1127', '350205198508261068', '2016/01/25 08:11:27', '6be0754e-fbd6-4e28-a73e-8a09cd04a606', '2016/01/25 08:48:01');
INSERT INTO `attendance_info` VALUES ('1128', '350205199008191045', '2016/01/25 08:11:24', '6be0754e-fbd6-4e28-a73e-8a09cd04a606', '2016/01/25 08:48:01');
INSERT INTO `attendance_info` VALUES ('1129', '352201199211010023', '2016/01/25 08:11:20', '6be0754e-fbd6-4e28-a73e-8a09cd04a606', '2016/01/25 08:48:01');
INSERT INTO `attendance_info` VALUES ('1130', '350623198804255142', '2016/01/25 08:11:17', '6be0754e-fbd6-4e28-a73e-8a09cd04a606', '2016/01/25 08:48:01');
INSERT INTO `attendance_info` VALUES ('1131', '350629198111145520', '2016/01/25 08:11:13', '6be0754e-fbd6-4e28-a73e-8a09cd04a606', '2016/01/25 08:48:01');
INSERT INTO `attendance_info` VALUES ('1132', '350205199111042048', '2016/01/25 08:11:06', '6be0754e-fbd6-4e28-a73e-8a09cd04a606', '2016/01/25 08:48:01');
INSERT INTO `attendance_info` VALUES ('1133', '140123198908057048', '2016/01/25 08:11:02', '6be0754e-fbd6-4e28-a73e-8a09cd04a606', '2016/01/25 08:48:01');
INSERT INTO `attendance_info` VALUES ('1134', '350204199201296520', '2016/01/25 08:10:59', '6be0754e-fbd6-4e28-a73e-8a09cd04a606', '2016/01/25 08:48:01');

-- ----------------------------
-- Table structure for `attendance_time`
-- ----------------------------
DROP TABLE IF EXISTS `attendance_time`;
CREATE TABLE `attendance_time` (
  `id` varchar(100) NOT NULL,
  `classTimeId` varchar(100) default NULL,
  `attendanceTime` varchar(23) default NULL,
  `creator` varchar(100) default NULL,
  `createdate` varchar(23) default NULL,
  `type` char(1) default NULL,
  `beforeAttendance` int(11) default NULL,
  `absenteeism` int(11) default NULL,
  `afterAttendance` int(11) default NULL,
  PRIMARY KEY  (`id`)
) ENGINE=InnoDB DEFAULT CHARSET=utf8;

-- ----------------------------
-- Records of attendance_time
-- ----------------------------
INSERT INTO `attendance_time` VALUES ('11335aff1c9f4f3983bfcc157436cdef', 'b74f1ca2862c45fbb8dc57d13d491824', '2016-01-19 14:55:00', 'f0eca1c920d04a78bc330957cf71a5d9', '2016-01-19 16:15:33', '1', '40', '30', '5');
INSERT INTO `attendance_time` VALUES ('32535c631a574471afbe11d88c011443', '23ce6657d4674b93addb01aa26223ef8', '2015-08-14 12:08:21', '4b1e47c16aca4e919109d0a6a2fd4d9b', '2015-09-25 14:08:33', '2', '20', '30', '5');
INSERT INTO `attendance_time` VALUES ('67468f87108e422588f3a8fe67e08d59', '23ce6657d4674b93addb01aa26223ef8', '2015-08-14 08:08:02', '4b1e47c16aca4e919109d0a6a2fd4d9b', '2015-09-25 14:08:17', '1', '25', '30', '5');
INSERT INTO `attendance_time` VALUES ('b94fb6b3641e4608bfcf8825615e9566', 'b74f1ca2862c45fbb8dc57d13d491824', '2016-01-19 09:00:00', 'f0eca1c920d04a78bc330957cf71a5d9', '2016-01-19 16:15:05', '1', '40', '30', '5');
INSERT INTO `attendance_time` VALUES ('cb03c1bf1ea445a4b8b7a0c4df8d759f', '23ce6657d4674b93addb01aa26223ef8', '2015-08-14 16:10:14', '4b1e47c16aca4e919109d0a6a2fd4d9b', '2015-09-25 08:52:24', '1', '15', '20', '5');

-- ----------------------------
-- Table structure for `class_info`
-- ----------------------------
DROP TABLE IF EXISTS `class_info`;
CREATE TABLE `class_info` (
  `id` varchar(100) NOT NULL,
  `name` varchar(50) default NULL,
  `classTeacher` varchar(100) default NULL,
  `categoryId` varchar(100) default NULL,
  `creator` varchar(100) default NULL,
  `createdate` varchar(23) default NULL,
  `isDeleted` char(1) default NULL,
  `introduction` text,
  `courseId` varchar(100) default NULL,
  PRIMARY KEY  (`id`)
) ENGINE=InnoDB DEFAULT CHARSET=utf8;

-- ----------------------------
-- Records of class_info
-- ----------------------------
INSERT INTO `class_info` VALUES ('ba659c72908945479d8a7b469b1637ff', '()', 'fe5f848664c2407ba4dd18185fbe87bb', '13f93084f85144d980147764651bf69c', '4b1e47c16aca4e919109d0a6a2fd4d9b', '2016-01-15 09:30:42', '0', null, '50030dff568448f58bbed5536e588eef');
INSERT INTO `class_info` VALUES ('c192cb2ec8a746f1b82a9ee1be5053bb', '()', 'fe5f848664c2407ba4dd18185fbe87bb', '13f93084f85144d980147764651bf69c', '4b1e47c16aca4e919109d0a6a2fd4d9b', '2016-01-15 09:29:59', '0', null, '50030dff568448f58bbed5536e588eef');

-- ----------------------------
-- Table structure for `class_student`
-- ----------------------------
DROP TABLE IF EXISTS `class_student`;
CREATE TABLE `class_student` (
  `id` varchar(100) NOT NULL,
  `classId` varchar(100) default NULL,
  `studentId` varchar(100) default NULL,
  `scores` varchar(20) default NULL,
  `isPass` char(1) default NULL,
  PRIMARY KEY  (`id`)
) ENGINE=InnoDB DEFAULT CHARSET=utf8;

-- ----------------------------
-- Records of class_student
-- ----------------------------
INSERT INTO `class_student` VALUES ('002a334cbab44d35936dd9902bb28567', 'c192cb2ec8a746f1b82a9ee1be5053bb', 'dbde107e72464faf9c5eb87a229d060e', null, null);
INSERT INTO `class_student` VALUES ('007f10f7172d46849ffc2ce9e4c0728b', 'c192cb2ec8a746f1b82a9ee1be5053bb', '61976ac863594373ba0746f513c858d2', null, null);
INSERT INTO `class_student` VALUES ('013cdccd7a43408bb7dc67f7102c8b79', 'ba659c72908945479d8a7b469b1637ff', '614e65664b224bdcb2096225aa9cc275', null, null);
INSERT INTO `class_student` VALUES ('04e2b12c4c3b4a1bab9d8cd7755382de', 'ba659c72908945479d8a7b469b1637ff', 'a64c68000b814643a2e3536dd026602d', null, null);
INSERT INTO `class_student` VALUES ('0578cc65853742328c9466c7321c90f0', 'ba659c72908945479d8a7b469b1637ff', '5f85e5b6021645788b4faacf80fe2aef', null, null);
INSERT INTO `class_student` VALUES ('06b03906af2e45d59dbfd47088422487', 'c192cb2ec8a746f1b82a9ee1be5053bb', '6a65a2f693a94b758d98d0fbbf545597', null, null);
INSERT INTO `class_student` VALUES ('06c859feacc645d69c4329e62afb8b68', 'c192cb2ec8a746f1b82a9ee1be5053bb', '8845bbdd64ad487fa61dbf1f72774981', null, null);
INSERT INTO `class_student` VALUES ('06e3fe6ff64b4a5a8c00e84140ed728d', 'c192cb2ec8a746f1b82a9ee1be5053bb', '81bcefe6accd48e1a2f9ea96d4687244', null, null);
INSERT INTO `class_student` VALUES ('07e133ae24234fc8999b0d6ff48b745d', 'c192cb2ec8a746f1b82a9ee1be5053bb', '61a505e9ec1b4c3a92a31aea6aba4ac7', null, null);
INSERT INTO `class_student` VALUES ('096c4a0411c8451ab383bd812a09075c', 'c192cb2ec8a746f1b82a9ee1be5053bb', '8dfd992418924e87a2559fea0900547c', null, null);
INSERT INTO `class_student` VALUES ('0abdabe27ce948018fbb650aa92d6118', 'c192cb2ec8a746f1b82a9ee1be5053bb', '9d38fe06359342f48bef018db72b7f54', null, null);
INSERT INTO `class_student` VALUES ('0ce69b6360b548a39fdad95d60590af0', 'c192cb2ec8a746f1b82a9ee1be5053bb', '015538f2daa2403098a0f8c3371202b0', null, null);
INSERT INTO `class_student` VALUES ('1084de757f8b4162afd38ae07a7e2ed0', 'ba659c72908945479d8a7b469b1637ff', '8b974d2f55e5465e9cb641f66011f2ae', null, null);
INSERT INTO `class_student` VALUES ('10c591ede2764d0ea75b8353407a9370', 'c192cb2ec8a746f1b82a9ee1be5053bb', 'e62454d7c1364687a359c61467cad575', null, null);
INSERT INTO `class_student` VALUES ('13e356abe1be4c14aed3e26a0c0c840f', 'c192cb2ec8a746f1b82a9ee1be5053bb', '58302b4afc6544c1be8b6a636cb36cfc', null, null);
INSERT INTO `class_student` VALUES ('1426a06e5dc34b3290fc5ca1f966d7cc', 'c192cb2ec8a746f1b82a9ee1be5053bb', 'a361846973824cc99bad1fe4e3cc9808', null, null);
INSERT INTO `class_student` VALUES ('180ef9b17df849109b31b89af9a8e1be', 'ba659c72908945479d8a7b469b1637ff', '720835dfc1084c579d7d78399ec80e0b', null, null);
INSERT INTO `class_student` VALUES ('1b8317aaafd64c2f9f2fa1d960453bcb', 'ba659c72908945479d8a7b469b1637ff', '6c9eee3e0b9747298c626e032e7f921f', null, null);
INSERT INTO `class_student` VALUES ('1ef1ac3514fd4f5488ff565f35f0e162', 'c192cb2ec8a746f1b82a9ee1be5053bb', '9d37e71c9823459b9206fbb6f6c598d8', null, null);
INSERT INTO `class_student` VALUES ('1fa5f12d193043a09b2b761632871be8', 'c192cb2ec8a746f1b82a9ee1be5053bb', '94f7a3891b784fcea0f57b962958a598', null, null);
INSERT INTO `class_student` VALUES ('1fae5998a40e49419bacb387b21dbf24', 'c192cb2ec8a746f1b82a9ee1be5053bb', '77aab57958ad407bb9be8c4af9817a01', null, null);
INSERT INTO `class_student` VALUES ('200188cb65084adc92c08f39b8179498', 'ba659c72908945479d8a7b469b1637ff', '4c276cf100f9425bbb7b8fbac6848029', null, null);
INSERT INTO `class_student` VALUES ('20169985bedd4973af508bebc9c6eaab', 'c192cb2ec8a746f1b82a9ee1be5053bb', '0eff6353f18c4d2eb720839f5365eb5b', null, null);
INSERT INTO `class_student` VALUES ('215abf16bd4940a8a3d1a80d1764ffbd', 'c192cb2ec8a746f1b82a9ee1be5053bb', '6fbb811756a14d83b494e9e1325acedf', null, null);
INSERT INTO `class_student` VALUES ('2175fed1ac6844b0a67e6bfc08e34246', 'c192cb2ec8a746f1b82a9ee1be5053bb', '5c8990b310f647a7b8842e6810e0dea7', null, null);
INSERT INTO `class_student` VALUES ('22ec5c683f3c4e4fbb8fcd34007c8276', 'c192cb2ec8a746f1b82a9ee1be5053bb', 'c39c5db3412f472a95cd6ae30e2e0976', null, null);
INSERT INTO `class_student` VALUES ('249decda955b4ca8be005ccc9ee1f266', 'ba659c72908945479d8a7b469b1637ff', 'a96ffb2c8e4048b299c7ef84ff7e960c', null, null);
INSERT INTO `class_student` VALUES ('2579f580cbc242d981212fd686a5fb51', 'c192cb2ec8a746f1b82a9ee1be5053bb', 'fb94ff53b7414a0a825050486e954042', null, null);
INSERT INTO `class_student` VALUES ('2731371db72e4a3ab445c2f52deb0c3f', 'c192cb2ec8a746f1b82a9ee1be5053bb', '35ddbf8b00204f1d8f37f82241afd19a', null, null);
INSERT INTO `class_student` VALUES ('273de7bfda1642fd94acd917e57d3c9d', 'ba659c72908945479d8a7b469b1637ff', '2f35df26fd1a4c6bb4deb48808aab9a0', null, null);
INSERT INTO `class_student` VALUES ('2a36eef6b52b463fbc0e77b268668d70', 'ba659c72908945479d8a7b469b1637ff', 'b3b7b0f83b354099bb347852949c5157', null, null);
INSERT INTO `class_student` VALUES ('2ab8b814e39f4205af5b0b361503956b', 'ba659c72908945479d8a7b469b1637ff', 'b8f3fd43341a4acc98229546efd9cf48', null, null);
INSERT INTO `class_student` VALUES ('2f196dd4f89b4812a3e0a2ea89d836e0', 'ba659c72908945479d8a7b469b1637ff', '1547e794f7284efe9965d496f2cf1dce', null, null);
INSERT INTO `class_student` VALUES ('2f84331d46d24225943d20acc32ca971', 'c192cb2ec8a746f1b82a9ee1be5053bb', '27ece220a3cd4cff848e332dbcd0a830', null, null);
INSERT INTO `class_student` VALUES ('31bf8faabb3d4322982cc1f2ddbf6412', 'ba659c72908945479d8a7b469b1637ff', 'da1488f6210f4dde81cb97a58282432c', null, null);
INSERT INTO `class_student` VALUES ('31e436bcdfc445aeb438a2d3dc31f295', 'ba659c72908945479d8a7b469b1637ff', '58eb66b6f88c43dabba29d3de59b20ea', null, null);
INSERT INTO `class_student` VALUES ('33e3b550a0044a9cb391349d36dfdbc1', 'ba659c72908945479d8a7b469b1637ff', '5cd0b02bd5984fbf927152eaf57bb947', null, null);
INSERT INTO `class_student` VALUES ('3677a7df820c41f695828782d77f8c49', 'ba659c72908945479d8a7b469b1637ff', '4f15f8a5a22d4800ae725258b2823bd6', null, null);
INSERT INTO `class_student` VALUES ('3729a5768b02460981a49e3010167fe5', 'c192cb2ec8a746f1b82a9ee1be5053bb', '7c49c5937f0c49dfb7a20ed305164b9a', null, null);
INSERT INTO `class_student` VALUES ('39226844ed4e4ad8adf1f51fcadee5de', 'ba659c72908945479d8a7b469b1637ff', 'b8617ce86dc44c6db06aec4f1d744b8d', null, null);
INSERT INTO `class_student` VALUES ('3a0485e321c846b4ab7dd43f7e19ee9c', 'ba659c72908945479d8a7b469b1637ff', 'ae294172f7d544998021381331e9c5b8', null, null);
INSERT INTO `class_student` VALUES ('3a983e59446d4902a179dbb281f92a10', 'ba659c72908945479d8a7b469b1637ff', '4536cce2e01d40ddb013ea647de2e05d', null, null);
INSERT INTO `class_student` VALUES ('3ee8ce106a334770a66c1f478f7201ce', 'ba659c72908945479d8a7b469b1637ff', '6c9f33f547dd449eb2dd270e8922eb07', null, null);
INSERT INTO `class_student` VALUES ('43a7114fe3934c4dafa8c2196f425482', 'ba659c72908945479d8a7b469b1637ff', 'bb91c5e61d4c4b849d7b4d55c14067c3', null, null);
INSERT INTO `class_student` VALUES ('4407dc0b8b7646758c27463b05795aa7', 'ba659c72908945479d8a7b469b1637ff', 'fcd784a6439e4939b149a67320d767e6', null, null);
INSERT INTO `class_student` VALUES ('442b030d367f43aea15ff6e5e991e40c', 'c192cb2ec8a746f1b82a9ee1be5053bb', '579879f3be6b48dfb57ed51ec40ce3ac', null, null);
INSERT INTO `class_student` VALUES ('4457e7b39420422ba07bbf22329e00d5', 'ba659c72908945479d8a7b469b1637ff', 'b18708b0ded84456b641f34555d75b68', null, null);
INSERT INTO `class_student` VALUES ('461e1bed5d5b4172a72570e4f204fe87', 'c192cb2ec8a746f1b82a9ee1be5053bb', 'b583dd763ef34c50a0951cc27e8b692a', null, null);
INSERT INTO `class_student` VALUES ('4749b6871f8d4736907a7ada9d350cb0', 'ba659c72908945479d8a7b469b1637ff', '9d4be19b26fa48628ff5b15f0a5cc791', null, null);
INSERT INTO `class_student` VALUES ('47df717f6fb149b3b269d38140941d22', 'ba659c72908945479d8a7b469b1637ff', 'ac55c5dfc1b54beba2b61b65078ce089', null, null);
INSERT INTO `class_student` VALUES ('4932993f6a374e82bb42f3f6a9417106', 'ba659c72908945479d8a7b469b1637ff', 'e347402f3b76444192d804b43e585274', null, null);
INSERT INTO `class_student` VALUES ('4a9447e8f76e4b46b2fdf0bb2cb10a9c', 'c192cb2ec8a746f1b82a9ee1be5053bb', '2cae55af9be844d78b5735ee07e66903', null, null);
INSERT INTO `class_student` VALUES ('4c227c412537430887e4fac9a3f40860', 'ba659c72908945479d8a7b469b1637ff', '68cb56648661476ab1c6157d5876def3', null, null);
INSERT INTO `class_student` VALUES ('4d5e791687d64d13a5d69f36c4cbcab4', 'ba659c72908945479d8a7b469b1637ff', '4c3f920ba47348d5adfb360e9f398bb1', null, null);
INSERT INTO `class_student` VALUES ('4f1d4ec1ea1f4029b3e35ebd432b9ea8', 'ba659c72908945479d8a7b469b1637ff', '3f695f7c7da2450da624171f94043f0f', null, null);
INSERT INTO `class_student` VALUES ('50c495e2313b42209ed9d87b7f167162', 'ba659c72908945479d8a7b469b1637ff', '8d48fec5178f433ea79fc8f0a4ee6fe8', null, null);
INSERT INTO `class_student` VALUES ('516f6992d622436cb84f6db040c8f064', 'ba659c72908945479d8a7b469b1637ff', '9c1ab7e5edad4e51857088fd8fed4afe', null, null);
INSERT INTO `class_student` VALUES ('51abbdd063a94dfcb2e5c3776bdc514f', 'c192cb2ec8a746f1b82a9ee1be5053bb', '1bf7ff548c174bf8b599c3ca434b1c33', null, null);
INSERT INTO `class_student` VALUES ('51e189553c8548219b111311f2c1cbb9', 'c192cb2ec8a746f1b82a9ee1be5053bb', 'bc703e15a4234ee88688bea8d08ff93d', null, null);
INSERT INTO `class_student` VALUES ('5640f444dbd64d65a8778ed4d3e61163', 'ba659c72908945479d8a7b469b1637ff', '2e5224ffed444b3192720704e28008ec', null, null);
INSERT INTO `class_student` VALUES ('5adea6e2dd1f489baff153fd07872609', 'ba659c72908945479d8a7b469b1637ff', 'eadd31476ec0447c97672d1a833fab1f', null, null);
INSERT INTO `class_student` VALUES ('5c3d87649db841a988ec0c4d55097ad5', 'ba659c72908945479d8a7b469b1637ff', 'b0ee08258ac24f0083f2c27fbebf2110', null, null);
INSERT INTO `class_student` VALUES ('5ce0f955780c44958a14d8e8218e3c83', 'c192cb2ec8a746f1b82a9ee1be5053bb', 'e4c8c4bfd0d24e69974a86d3e10348bd', null, null);
INSERT INTO `class_student` VALUES ('5d1a6a3166654177bf2895cead2aed3c', 'c192cb2ec8a746f1b82a9ee1be5053bb', 'd29930f8fe234e719672f68150e70fae', null, null);
INSERT INTO `class_student` VALUES ('5eed850d1f1c493683d39404ec10e308', 'ba659c72908945479d8a7b469b1637ff', '96e80b01b2e24a509be82fdcf1c949da', null, null);
INSERT INTO `class_student` VALUES ('60ad683b473e45ebbc3d125e784f0603', 'ba659c72908945479d8a7b469b1637ff', '49e3aaed1138424d98e14e7975255d53', null, null);
INSERT INTO `class_student` VALUES ('62ccc501dd9f45e4a7365fa50fb6836c', 'c192cb2ec8a746f1b82a9ee1be5053bb', '0a206081f6f74cf6b8f6e73e4a4126dd', null, null);
INSERT INTO `class_student` VALUES ('66126f9a657b4cd0b4dc5bb329f04d85', 'c192cb2ec8a746f1b82a9ee1be5053bb', '987873c302824864a54962ab667fff08', null, null);
INSERT INTO `class_student` VALUES ('66c6da8a97504074b8e59dc5a8f2f428', 'ba659c72908945479d8a7b469b1637ff', '2c4299df86df44f9af96473772268498', null, null);
INSERT INTO `class_student` VALUES ('6741e6543e254f8aa204a3365f8877b7', 'c192cb2ec8a746f1b82a9ee1be5053bb', 'd84eba72bfb84e82bc3dd5d808d8742a', null, null);
INSERT INTO `class_student` VALUES ('6853c6ff09904c52b6af60c21b523989', 'c192cb2ec8a746f1b82a9ee1be5053bb', '163cc2f33b5847b38ea972401aa5a569', null, null);
INSERT INTO `class_student` VALUES ('686851ddad6340db89155ef31b9aef39', 'ba659c72908945479d8a7b469b1637ff', '15845ae079dc44a582165184fb4d29f1', null, null);
INSERT INTO `class_student` VALUES ('687238e20f36488aa2377b5d025ef9e6', 'ba659c72908945479d8a7b469b1637ff', '9676a532467d425a8e6ec6cf8b81443a', null, null);
INSERT INTO `class_student` VALUES ('6a3d434196a9482782d3fc2af3d78e07', 'c192cb2ec8a746f1b82a9ee1be5053bb', 'e502b0ccd0f94eea962e8f282c5e92a2', null, null);
INSERT INTO `class_student` VALUES ('6ae49a23107d4c9aad4f777b07ec4ac8', 'c192cb2ec8a746f1b82a9ee1be5053bb', '929f0b27c92f4681b4536ba5cec8b32e', null, null);
INSERT INTO `class_student` VALUES ('6b985b732815494ab25b19caa5e3f0c4', 'c192cb2ec8a746f1b82a9ee1be5053bb', '00317770ebde4c37ad40fb60f5fd068d', null, null);
INSERT INTO `class_student` VALUES ('6e2bb004b0764dd792e72e1366edde14', 'c192cb2ec8a746f1b82a9ee1be5053bb', '32f920a6d2374276a6ceb27b1c9039cf', null, null);
INSERT INTO `class_student` VALUES ('6eb0d4ec41e64824a77ed148eea36dc2', 'c192cb2ec8a746f1b82a9ee1be5053bb', '2bed786f0db44c4bb2857f001302c120', null, null);
INSERT INTO `class_student` VALUES ('7018e2c9cd224671a093331a4a5f1309', 'c192cb2ec8a746f1b82a9ee1be5053bb', '1afec74fa0e7459188455740efe918c6', null, null);
INSERT INTO `class_student` VALUES ('7102167a9bbc4b52b6c94d17351a750f', 'ba659c72908945479d8a7b469b1637ff', '8dc1f7af410f4dbbb60c67dd6fa7b65d', null, null);
INSERT INTO `class_student` VALUES ('735c8e8b13d4478db665839e3f42e782', 'ba659c72908945479d8a7b469b1637ff', '7e44d3654b944a999e318e0b66cab16e', null, null);
INSERT INTO `class_student` VALUES ('76708048443e4b719ebc4cca8d0ff0b7', 'c192cb2ec8a746f1b82a9ee1be5053bb', '6abe9f1db5ad4738bc732b62ce75ccad', null, null);
INSERT INTO `class_student` VALUES ('7702fcab84f94394af1e4f632c9f8b9a', 'ba659c72908945479d8a7b469b1637ff', '1ef30646a35349019968f6ebf45aa842', null, null);
INSERT INTO `class_student` VALUES ('7a5be6e4f72f4022b267c030c7860a60', 'c192cb2ec8a746f1b82a9ee1be5053bb', 'c45a9178d50b478b92d750589dc5d1e1', null, null);
INSERT INTO `class_student` VALUES ('7b65bee8d84a435b8b783fe0be04ed14', 'ba659c72908945479d8a7b469b1637ff', '744bce56810b4e19970237ad2fc7f9c0', null, null);
INSERT INTO `class_student` VALUES ('7ca70dd255df495787e18e1c2dbf9815', 'ba659c72908945479d8a7b469b1637ff', '24dd59ecdb2c4cd4bafcfa13dc248889', null, null);
INSERT INTO `class_student` VALUES ('7cc140eeafe9455c90b1b1e7f53f1b9e', 'c192cb2ec8a746f1b82a9ee1be5053bb', 'e20c4462998047e58df06086fea23643', null, null);
INSERT INTO `class_student` VALUES ('7d3bfbb521584bb9a815b8b5a05a1e6a', 'ba659c72908945479d8a7b469b1637ff', '7862f7cccd8b479ea1ad733a6e360817', null, null);
INSERT INTO `class_student` VALUES ('7ea7363587114520927a03a4b0aa909a', 'ba659c72908945479d8a7b469b1637ff', 'c1a4e59db57c4a85a444e81a4d44820e', null, null);
INSERT INTO `class_student` VALUES ('81611dd594e04b68952537db78560453', 'c192cb2ec8a746f1b82a9ee1be5053bb', 'adb54c0d7cf54bf9ad89e7a9cbb99e1f', null, null);
INSERT INTO `class_student` VALUES ('8429a4fb5f5c40bf9b25231331fb2947', 'ba659c72908945479d8a7b469b1637ff', '13cae959d2c64589bf23f94e47bccdba', null, null);
INSERT INTO `class_student` VALUES ('8686c8a49bd647e4b1b7a322b1f8b915', 'ba659c72908945479d8a7b469b1637ff', '9cd32819afca4140b16986650820b273', null, null);
INSERT INTO `class_student` VALUES ('87cb0051b1e14c8b80140c0e9af1b362', 'ba659c72908945479d8a7b469b1637ff', 'b8117a5adbb641f49f2ee25f65387fa6', null, null);
INSERT INTO `class_student` VALUES ('8c6eee22cef147189d6a4977580d5b00', 'c192cb2ec8a746f1b82a9ee1be5053bb', '1bb8e36d17da4208a2d202f0cc5a6c12', null, null);
INSERT INTO `class_student` VALUES ('8dd3cf08fa7a410dad55465078c1e13b', 'ba659c72908945479d8a7b469b1637ff', 'f168011ec39a433caf91ca16dbdd19d6', null, null);
INSERT INTO `class_student` VALUES ('8e3dc00d0a7d4b268230ca6d4af4e075', 'c192cb2ec8a746f1b82a9ee1be5053bb', '26d1a4cfa9ed4cf2baa62425527e2f76', null, null);
INSERT INTO `class_student` VALUES ('8fb7c903cada4efeab2a4eff6b6f1c20', 'c192cb2ec8a746f1b82a9ee1be5053bb', '8fb608179f224f4181bd706bc4cac03f', null, null);
INSERT INTO `class_student` VALUES ('929d3c7ec81f44188baa2de9addfdb68', 'c192cb2ec8a746f1b82a9ee1be5053bb', 'a5a6631fca4b4de7b6675a30ec317585', null, null);
INSERT INTO `class_student` VALUES ('934db684aa0246a8bcfde2c4954d8f65', 'c192cb2ec8a746f1b82a9ee1be5053bb', '336c1f7f509f49bb8fbea232b54efdbd', null, null);
INSERT INTO `class_student` VALUES ('939c0a6ca12b4a0897f844e6d536a1cf', 'ba659c72908945479d8a7b469b1637ff', 'c15e39f0334b41c98e0fe15f5cfe3966', null, null);
INSERT INTO `class_student` VALUES ('96051c7e1820423ab74809db2166f955', 'c192cb2ec8a746f1b82a9ee1be5053bb', '2e6e5b7997fe4597ad8acf3af34988ef', null, null);
INSERT INTO `class_student` VALUES ('9965d6624fc74f1d843b309e52cdf13f', 'ba659c72908945479d8a7b469b1637ff', 'e96dfb3e578f4b868a9b8ff3e487596a', null, null);
INSERT INTO `class_student` VALUES ('99e9171f3a9a403c905d19c47a5739fa', 'c192cb2ec8a746f1b82a9ee1be5053bb', '134d89f33ef64172916cfaafda184d87', null, null);
INSERT INTO `class_student` VALUES ('9a75440f66bf4189ab624542b5bf313b', 'ba659c72908945479d8a7b469b1637ff', '4bab1d9442fe4134ba51a6f832f52583', null, null);
INSERT INTO `class_student` VALUES ('9a9ab37756794ad28a502497c82bd8c7', 'c192cb2ec8a746f1b82a9ee1be5053bb', '079d38c48b94412ba6f2cb7aed3200b6', null, null);
INSERT INTO `class_student` VALUES ('9b5c2bb90bce403fb531ee643655a75c', 'c192cb2ec8a746f1b82a9ee1be5053bb', 'b1a7b07d650e4a309a1c40eb29d421e0', null, null);
INSERT INTO `class_student` VALUES ('9e99a260dd4a474fafc6aca42a67f24c', 'c192cb2ec8a746f1b82a9ee1be5053bb', '1dcddd0e159c4b558339dc0e96346041', null, null);
INSERT INTO `class_student` VALUES ('a53ea42aacae43b7998e75817519ae5d', 'c192cb2ec8a746f1b82a9ee1be5053bb', 'bde73acc10b34224b66adef4ef794557', null, null);
INSERT INTO `class_student` VALUES ('a9fa1b4c46ab40b1992c683953512227', 'ba659c72908945479d8a7b469b1637ff', '289d11691a54458abd9861b36380b64c', null, null);
INSERT INTO `class_student` VALUES ('abdd32c627de4a14a139bb60e5b32c7e', 'c192cb2ec8a746f1b82a9ee1be5053bb', 'a9a1977952b64e88a352a8272f91ace2', null, null);
INSERT INTO `class_student` VALUES ('ae913de227df4cb5ac966ab2a05068f7', 'ba659c72908945479d8a7b469b1637ff', '665140f3a59c43228d41f107ba5fc4ab', null, null);
INSERT INTO `class_student` VALUES ('b0bf63a756b441958d73fd371e534c55', 'c192cb2ec8a746f1b82a9ee1be5053bb', '18b6db99f7f34c939072225471043139', null, null);
INSERT INTO `class_student` VALUES ('b347e48e43464649992682e7db0130e2', 'ba659c72908945479d8a7b469b1637ff', 'd6829fd3dde446c1832399f4ec1e32df', null, null);
INSERT INTO `class_student` VALUES ('b34a721f41354afaa024a38f32d49408', 'ba659c72908945479d8a7b469b1637ff', '89e20d1672c74c8b936414ff580b6243', null, null);
INSERT INTO `class_student` VALUES ('b702a731854542d9b69e3414759b2855', 'ba659c72908945479d8a7b469b1637ff', 'c4a3336d268746da910aaea339fe6f55', null, null);
INSERT INTO `class_student` VALUES ('b7ef38be7a6043aa99476058dbd625a2', 'ba659c72908945479d8a7b469b1637ff', '49f6bd4bebf246bb9e78cd943a488436', null, null);
INSERT INTO `class_student` VALUES ('b9904b154f11454bbc19d40ada65b4af', 'c192cb2ec8a746f1b82a9ee1be5053bb', '900fd1c9d4374e9bbc17d633d447d9fb', null, null);
INSERT INTO `class_student` VALUES ('bb2827c8376f482e852a835b540a079c', 'c192cb2ec8a746f1b82a9ee1be5053bb', 'd9e09bfbb59942d0958a22c71d94a825', null, null);
INSERT INTO `class_student` VALUES ('bb8a6ff4d7fe4a0bab5b74657d652124', 'ba659c72908945479d8a7b469b1637ff', 'db010960b18b4385bd7af25a570f0ad4', null, null);
INSERT INTO `class_student` VALUES ('bcbaf89e5b184f7b956e683568213f4c', 'ba659c72908945479d8a7b469b1637ff', '1728986a4d3548eeb2e228ca51f311fd', null, null);
INSERT INTO `class_student` VALUES ('bdad8bee88264a31a4487431a4daac6a', 'c192cb2ec8a746f1b82a9ee1be5053bb', 'c74a9ef4aa9b4cd9bf26abc14fd36e08', null, null);
INSERT INTO `class_student` VALUES ('be91ab43b72548f48f0ebb8aff3111dc', 'ba659c72908945479d8a7b469b1637ff', '1be24bc6f47c45149b43de3fa6aa68c1', null, null);
INSERT INTO `class_student` VALUES ('beec5dd0945e4288bd36ed67d72b81f8', 'c192cb2ec8a746f1b82a9ee1be5053bb', 'd5a0cdfaae594125b7de403b962d8123', null, null);
INSERT INTO `class_student` VALUES ('beeeee5112be4f889f0459385da9ec68', 'ba659c72908945479d8a7b469b1637ff', '03d9b6b133e64c5b8ecd419ab12c1751', null, null);
INSERT INTO `class_student` VALUES ('c0322e07e41e49c48b77069d3252d991', 'c192cb2ec8a746f1b82a9ee1be5053bb', '17812e3d26a84daba20c35fedc91dbee', null, null);
INSERT INTO `class_student` VALUES ('c5baadfb60224a4e89ebe8206695b33b', 'ba659c72908945479d8a7b469b1637ff', '51d812ce02e64273a302c0da6dea746e', null, null);
INSERT INTO `class_student` VALUES ('c823be99342640b5b9a174ab14be5763', 'ba659c72908945479d8a7b469b1637ff', 'c6685a1e1bae4fc0a2e5425a439248c8', null, null);
INSERT INTO `class_student` VALUES ('c9e8c80925a8466d8194a82a90978af9', 'c192cb2ec8a746f1b82a9ee1be5053bb', '4e474e40a3f4429eb29b25b46ab03883', null, null);
INSERT INTO `class_student` VALUES ('cd652bfd7f8a4e8cab252bfc74faae48', 'ba659c72908945479d8a7b469b1637ff', '3988c3d850764bfc9509ae032d4c234d', null, null);
INSERT INTO `class_student` VALUES ('cdcd357a9c724ead97b785ca27536c57', 'c192cb2ec8a746f1b82a9ee1be5053bb', '229799ab07c64edcab110052c8aec85f', null, null);
INSERT INTO `class_student` VALUES ('d07d13a207ec4c33b226ee8d22d83cff', 'ba659c72908945479d8a7b469b1637ff', '6dd1365ae85c4c6cbb1963ec87edc1a9', null, null);
INSERT INTO `class_student` VALUES ('d4af765f84144fda87389e2456414a50', 'c192cb2ec8a746f1b82a9ee1be5053bb', '4f1bb4674bd645a0b131937bc4f0100a', null, null);
INSERT INTO `class_student` VALUES ('d8ca43dfa4974399b3e09460ef1b6a61', 'c192cb2ec8a746f1b82a9ee1be5053bb', '04c07692fa6b4150a2b2741b056f2c1a', null, null);
INSERT INTO `class_student` VALUES ('d97fade1065644b4993be65271bb0159', 'ba659c72908945479d8a7b469b1637ff', '0544c66e78c54890b162deddc2ba9e9e', null, null);
INSERT INTO `class_student` VALUES ('da03a61d0d3f4ed5b459879273167963', 'c192cb2ec8a746f1b82a9ee1be5053bb', 'c4082c28721746bc8f6b5190f55f63b1', null, null);
INSERT INTO `class_student` VALUES ('daf6109659a04a778163750f40b03d42', 'ba659c72908945479d8a7b469b1637ff', '5df44a2f5bbe4246ac0c9f0db8c1fe98', null, null);
INSERT INTO `class_student` VALUES ('dd2e84519c02427e971ca91f9bb7c423', 'c192cb2ec8a746f1b82a9ee1be5053bb', '384fe8e5c4414ef69bd4a6e8f8fa3176', null, null);
INSERT INTO `class_student` VALUES ('dd7bd2e9133b43de89dfed5af5510f69', 'ba659c72908945479d8a7b469b1637ff', '3a34d009ec3f4fea9ae9e86bd05699a5', null, null);
INSERT INTO `class_student` VALUES ('deabae8df67c490493515014ff604099', 'ba659c72908945479d8a7b469b1637ff', '539d98edc6bd43b7ba59177f03fa8c32', null, null);
INSERT INTO `class_student` VALUES ('e1b0b88aa12d4db584508b99549a5c1d', 'c192cb2ec8a746f1b82a9ee1be5053bb', '5fda5fc575814287beff7df3b0387628', null, null);
INSERT INTO `class_student` VALUES ('e1e5ec82e6b148bf8b8b27553cf8fa2d', 'ba659c72908945479d8a7b469b1637ff', 'a21c52639b714f57a0aef6260b44675e', null, null);
INSERT INTO `class_student` VALUES ('e269c22e406c4015ac2b55149a3ea9e2', 'ba659c72908945479d8a7b469b1637ff', '383a169122b74ca39ac2448e0a0d43c9', null, null);
INSERT INTO `class_student` VALUES ('e7563e082ba54f2e8753624bcf7e9349', 'ba659c72908945479d8a7b469b1637ff', '07e9f728027645019396154cd781b5c0', null, null);
INSERT INTO `class_student` VALUES ('e8b99bdfda5e43a88701b12d71766d0a', 'c192cb2ec8a746f1b82a9ee1be5053bb', '12b2a12b95d94f40b48f871b8036f7ee', null, null);
INSERT INTO `class_student` VALUES ('ea456844cf8b453cbf5ce45717028179', 'ba659c72908945479d8a7b469b1637ff', 'fe5e4969d0b14027806f26232e03886d', null, null);
INSERT INTO `class_student` VALUES ('eb7ed2daddb14c568f0eb22e6fb9011a', 'c192cb2ec8a746f1b82a9ee1be5053bb', '979aee99fe3b484e873ddf87b11e1cfb', null, null);
INSERT INTO `class_student` VALUES ('f0de23adbafa4efa8e114e350e84db0a', 'c192cb2ec8a746f1b82a9ee1be5053bb', '3fe7f3043707471ba027c45afc87cee8', null, null);
INSERT INTO `class_student` VALUES ('f493ab507ace4e90a2cf979aceb175da', 'c192cb2ec8a746f1b82a9ee1be5053bb', '8ccc73b9765f46789ecacb74bf5b8818', null, null);
INSERT INTO `class_student` VALUES ('f5a422c9de7246df81391e753d1f023a', 'ba659c72908945479d8a7b469b1637ff', 'fad047c901f04321aaeba0aa51ce1fd4', null, null);
INSERT INTO `class_student` VALUES ('f7b82946418d44c8b9894a9fdbd8adba', 'c192cb2ec8a746f1b82a9ee1be5053bb', 'f33dea578e884799bd4796b4dd02b5f6', null, null);
INSERT INTO `class_student` VALUES ('f9afe9cdee3a45329a7b9adbf3a0570b', 'ba659c72908945479d8a7b469b1637ff', '1fa5e6ab66374f30923e89df5f979dbf', null, null);
INSERT INTO `class_student` VALUES ('fb412d39f88c4a4abde16b44e4d914e2', 'c192cb2ec8a746f1b82a9ee1be5053bb', 'd589d07ab31f4f76b459de0c8f368aba', null, null);
INSERT INTO `class_student` VALUES ('fc85547d510246669fb7e09708c34f63', 'ba659c72908945479d8a7b469b1637ff', 'e8ac34c8e39347f08d5da5c24d3946c9', null, null);
INSERT INTO `class_student` VALUES ('fdb9d19b74b64f33a0ec08559780e0ca', 'ba659c72908945479d8a7b469b1637ff', '0d7cec558c6c46da833fd2dc5c16f217', null, null);
INSERT INTO `class_student` VALUES ('feeb4e9f0672406ba66ba80461517feb', 'ba659c72908945479d8a7b469b1637ff', '31b6d60af1834912b281547c092c42f6', null, null);
INSERT INTO `class_student` VALUES ('ff2e1d0da821423a935557b403496ebc', 'c192cb2ec8a746f1b82a9ee1be5053bb', 'e3e75c92d2a544daa2997f1ffd142c4a', null, null);

-- ----------------------------
-- Table structure for `class_time`
-- ----------------------------
DROP TABLE IF EXISTS `class_time`;
CREATE TABLE `class_time` (
  `id` varchar(100) NOT NULL,
  `classId` varchar(100) default NULL,
  `classDate` varchar(10) default NULL,
  `beginTime` varchar(5) default NULL,
  `endTime` varchar(5) default NULL,
  `address` varchar(200) default NULL,
  `content` text,
  `creator` varchar(100) default NULL,
  `createdate` varchar(23) default NULL,
  `isDeleted` char(1) default NULL,
  PRIMARY KEY  (`id`)
) ENGINE=InnoDB DEFAULT CHARSET=utf8;

-- ----------------------------
-- Records of class_time
-- ----------------------------
INSERT INTO `class_time` VALUES ('03942bbc6731497a9e607eeb54946dc7', 'ba659c72908945479d8a7b469b1637ff', '2016-01-23', '19:00', '21:00', null, null, 'f0eca1c920d04a78bc330957cf71a5d9', '2016-01-24 09:10:08', '0');
INSERT INTO `class_time` VALUES ('48e5c01fd9f147829d8377a4a732d8fa', 'c192cb2ec8a746f1b82a9ee1be5053bb', '2016-01-20', '14:30', '18:00', null, null, 'f0eca1c920d04a78bc330957cf71a5d9', '2016-01-20 15:34:38', '0');
INSERT INTO `class_time` VALUES ('7916fab6dab248f6885be9d7f2b04c83', 'c192cb2ec8a746f1b82a9ee1be5053bb', '2016-01-21', '14:00', '17:00', null, null, 'f0eca1c920d04a78bc330957cf71a5d9', '2016-01-21 14:32:20', '1');
INSERT INTO `class_time` VALUES ('97f44116a7d04eba8fe43773a43e9167', 'ba659c72908945479d8a7b469b1637ff', '2016-01-24', '14:30', '16:00', null, null, 'f0eca1c920d04a78bc330957cf71a5d9', '2016-01-24 15:04:15', '0');
INSERT INTO `class_time` VALUES ('b74f1ca2862c45fbb8dc57d13d491824', 'c192cb2ec8a746f1b82a9ee1be5053bb', '2016-01-19', '09:00', '18:00', null, null, 'f0eca1c920d04a78bc330957cf71a5d9', '2016-01-19 16:14:42', '0');
INSERT INTO `class_time` VALUES ('c227c403c4ed4050946484c09bd7fdb1', 'ba659c72908945479d8a7b469b1637ff', '2016-01-25', '08:30', '12:00', null, null, 'f0eca1c920d04a78bc330957cf71a5d9', '2016-01-25 08:55:01', '0');
INSERT INTO `class_time` VALUES ('c97059ae1c604797994fe482e83a8736', 'c192cb2ec8a746f1b82a9ee1be5053bb', '2016-01-19', '15:00', '18:00', null, null, 'f0eca1c920d04a78bc330957cf71a5d9', '2016-01-19 15:49:31', '1');
INSERT INTO `class_time` VALUES ('cd7883097aee40d281e469eb74aeb113', 'c192cb2ec8a746f1b82a9ee1be5053bb', '2016-01-21', '14:00', '18:00', null, null, 'f0eca1c920d04a78bc330957cf71a5d9', '2016-01-21 14:38:08', '0');

-- ----------------------------
-- Table structure for `class_xd`
-- ----------------------------
DROP TABLE IF EXISTS `class_xd`;
CREATE TABLE `class_xd` (
  `id` varchar(100) NOT NULL,
  `classId` varchar(100) default NULL,
  `xdId` varchar(100) default NULL,
  PRIMARY KEY  (`id`)
) ENGINE=InnoDB DEFAULT CHARSET=utf8;

-- ----------------------------
-- Records of class_xd
-- ----------------------------

-- ----------------------------
-- Table structure for `class_xk`
-- ----------------------------
DROP TABLE IF EXISTS `class_xk`;
CREATE TABLE `class_xk` (
  `id` varchar(100) NOT NULL,
  `classId` varchar(100) default NULL,
  `xkId` varchar(100) default NULL,
  PRIMARY KEY  (`id`)
) ENGINE=InnoDB DEFAULT CHARSET=utf8;

-- ----------------------------
-- Records of class_xk
-- ----------------------------

-- ----------------------------
-- Table structure for `code_data`
-- ----------------------------
DROP TABLE IF EXISTS `code_data`;
CREATE TABLE `code_data` (
  `id` varchar(100) NOT NULL,
  `typeId` varchar(100) default NULL,
  `name` varchar(100) default NULL,
  `isActives` char(1) default NULL,
  `isDeleted` char(1) default NULL,
  `creator` varchar(100) default NULL,
  `createdate` varchar(23) default NULL,
  PRIMARY KEY  (`id`)
) ENGINE=InnoDB DEFAULT CHARSET=utf8;

-- ----------------------------
-- Records of code_data
-- ----------------------------
INSERT INTO `code_data` VALUES ('009cedf7da7748518408aeccc03d0b6c', '769a6443dce04df6915d88bc041f26d9', '', '1', '0', '4b1e47c16aca4e919109d0a6a2fd4d9b', '2016-01-13 10:29:41');
INSERT INTO `code_data` VALUES ('00e7e48ea26841c7a01ac84d53d0336a', '0cfbaafced094ae8939bfb0f87c106a4', '', '1', '0', '4b1e47c16aca4e919109d0a6a2fd4d9b', '2015-08-11 10:11:14');
INSERT INTO `code_data` VALUES ('01215736a8ba435ab2539867f82c70c7', '0cfbaafced094ae8939bfb0f87c106a4', '', '1', '0', '4b1e47c16aca4e919109d0a6a2fd4d9b', '2015-08-11 10:21:08');
INSERT INTO `code_data` VALUES ('02e736acfbc54af0ba7fe8c41a2e7ad6', '62036660b54f40fbb933933a2c075d08', '', '0', '0', '4b1e47c16aca4e919109d0a6a2fd4d9b', '2015-08-12 09:39:53');
INSERT INTO `code_data` VALUES ('031765676dbe4b398cb4fa9469009de2', '769a6443dce04df6915d88bc041f26d9', '', '1', '0', '4b1e47c16aca4e919109d0a6a2fd4d9b', '2015-08-12 09:31:39');
INSERT INTO `code_data` VALUES ('03271e4e24bb4c149cbbc69ef59e6b61', '0cfbaafced094ae8939bfb0f87c106a4', '', '1', '0', '4b1e47c16aca4e919109d0a6a2fd4d9b', '2015-08-11 10:25:35');
INSERT INTO `code_data` VALUES ('0346b53d98ae4bf4876745ee21fcc171', '0cfbaafced094ae8939bfb0f87c106a4', '', '1', '0', '4b1e47c16aca4e919109d0a6a2fd4d9b', '2015-08-11 10:26:18');
INSERT INTO `code_data` VALUES ('063e881fe2a24b12b15279aae55aa6cd', '62036660b54f40fbb933933a2c075d08', '', '1', '0', '4b1e47c16aca4e919109d0a6a2fd4d9b', '2015-08-12 09:41:01');
INSERT INTO `code_data` VALUES ('06a04482244f4f53b3483200b1c6b10e', '0cfbaafced094ae8939bfb0f87c106a4', '', '1', '0', '4b1e47c16aca4e919109d0a6a2fd4d9b', '2015-08-11 10:25:27');
INSERT INTO `code_data` VALUES ('0736efcbffc14d558c1f5d62b7748bdc', '0cfbaafced094ae8939bfb0f87c106a4', '', '1', '0', '4b1e47c16aca4e919109d0a6a2fd4d9b', '2015-08-11 10:10:53');
INSERT INTO `code_data` VALUES ('0aaaba9e88d64245b829730ff4740629', '0cfbaafced094ae8939bfb0f87c106a4', '', '1', '0', '4b1e47c16aca4e919109d0a6a2fd4d9b', '2015-08-11 10:23:22');
INSERT INTO `code_data` VALUES ('0b87f509087a461f8fe5209c502bd85b', '0cfbaafced094ae8939bfb0f87c106a4', '', '1', '0', '4b1e47c16aca4e919109d0a6a2fd4d9b', '2015-08-11 10:19:06');
INSERT INTO `code_data` VALUES ('0d80cf0201334afda038dc164ef1e3de', '0cfbaafced094ae8939bfb0f87c106a4', '', '1', '0', '4b1e47c16aca4e919109d0a6a2fd4d9b', '2015-08-11 10:24:45');
INSERT INTO `code_data` VALUES ('112195027cee4c99a648ca211445dc20', '9a6b8dfa0a93455f97f61150cfcd364f', '', '1', '0', '4b1e47c16aca4e919109d0a6a2fd4d9b', '2015-09-23 18:51:03');
INSERT INTO `code_data` VALUES ('13c5f255e43a48a285126668d89a45e1', '769a6443dce04df6915d88bc041f26d9', '', '1', '0', '4b1e47c16aca4e919109d0a6a2fd4d9b', '2015-08-12 09:31:07');
INSERT INTO `code_data` VALUES ('13f93084f85144d980147764651bf69c', '3201a7266c764ed6a17a3a3ec2a6e232', '', '1', '0', '4b1e47c16aca4e919109d0a6a2fd4d9b', '2015-08-12 14:55:02');
INSERT INTO `code_data` VALUES ('16372a1715a4469c882bd5051a068637', '0cfbaafced094ae8939bfb0f87c106a4', '', '1', '0', '4b1e47c16aca4e919109d0a6a2fd4d9b', '2015-08-11 10:24:00');
INSERT INTO `code_data` VALUES ('18b3a7f1f6184a5d80f4423d541f0041', '0cfbaafced094ae8939bfb0f87c106a4', '', '1', '0', '4b1e47c16aca4e919109d0a6a2fd4d9b', '2015-08-11 10:25:56');
INSERT INTO `code_data` VALUES ('18d1fd3f6da44bfdb887379b92e7be06', '9c55d48fda4c4210ab82f3ab560ccf95', '', '1', '0', null, null);
INSERT INTO `code_data` VALUES ('1aee79eb0e8a4d6d86fef100e5aac805', '769a6443dce04df6915d88bc041f26d9', '', '1', '0', '4b1e47c16aca4e919109d0a6a2fd4d9b', '2015-08-12 09:32:41');
INSERT INTO `code_data` VALUES ('1bd86e2cf42c4816abd591794f713985', '0cfbaafced094ae8939bfb0f87c106a4', '', '1', '0', '4b1e47c16aca4e919109d0a6a2fd4d9b', '2015-08-11 10:22:44');
INSERT INTO `code_data` VALUES ('1dbb1bd7923d45478a9e97dec0397629', '0cfbaafced094ae8939bfb0f87c106a4', '', '1', '0', '4b1e47c16aca4e919109d0a6a2fd4d9b', '2015-08-11 10:18:52');
INSERT INTO `code_data` VALUES ('1df544b4e2834eaf97803c51fae7368f', '769a6443dce04df6915d88bc041f26d9', '', '1', '0', '4b1e47c16aca4e919109d0a6a2fd4d9b', '2015-08-12 09:31:28');
INSERT INTO `code_data` VALUES ('21270ba66aaa4d57a535db9f64306426', '769a6443dce04df6915d88bc041f26d9', '', '1', '0', '4b1e47c16aca4e919109d0a6a2fd4d9b', '2015-08-12 09:30:27');
INSERT INTO `code_data` VALUES ('255b050b543249178f30d69f5c1388bd', '0cfbaafced094ae8939bfb0f87c106a4', '', '1', '0', '4b1e47c16aca4e919109d0a6a2fd4d9b', '2015-08-11 10:21:02');
INSERT INTO `code_data` VALUES ('25e9729ce2d24686943d20a2d33f9d07', '769a6443dce04df6915d88bc041f26d9', '', '1', '0', '4b1e47c16aca4e919109d0a6a2fd4d9b', '2015-08-12 09:36:50');
INSERT INTO `code_data` VALUES ('2755fa3f1ef749c3a2bef8a00aa4de43', '62036660b54f40fbb933933a2c075d08', '', '1', '0', '4b1e47c16aca4e919109d0a6a2fd4d9b', '2015-08-11 11:18:43');
INSERT INTO `code_data` VALUES ('27aad655ceb54a608c9f708bc2f2d44f', '0cfbaafced094ae8939bfb0f87c106a4', '', '1', '0', '4b1e47c16aca4e919109d0a6a2fd4d9b', '2015-08-11 10:22:37');
INSERT INTO `code_data` VALUES ('294c00138dde4bf9a2b23d996fd46e5f', '769a6443dce04df6915d88bc041f26d9', '', '1', '0', '4b1e47c16aca4e919109d0a6a2fd4d9b', '2015-08-12 09:36:27');
INSERT INTO `code_data` VALUES ('2bdfe481999e4ea0a1102076eb08dc76', '3a7d167c2e1d4c5b9230223ea9f15544', '', '1', '0', '4b1e47c16aca4e919109d0a6a2fd4d9b', '2015-08-11 08:51:08');
INSERT INTO `code_data` VALUES ('2c5e786414fe4fc683b83ef67695c2d1', '0cfbaafced094ae8939bfb0f87c106a4', '', '1', '0', '4b1e47c16aca4e919109d0a6a2fd4d9b', '2015-08-11 10:10:59');
INSERT INTO `code_data` VALUES ('2e96280642d84076832a6fddaead50f7', '769a6443dce04df6915d88bc041f26d9', '', '1', '0', '4b1e47c16aca4e919109d0a6a2fd4d9b', '2015-08-12 09:29:56');
INSERT INTO `code_data` VALUES ('318bf55f8ea345ee856f7f53d2fc971f', '0cfbaafced094ae8939bfb0f87c106a4', '', '1', '0', '4b1e47c16aca4e919109d0a6a2fd4d9b', '2015-08-11 10:17:07');
INSERT INTO `code_data` VALUES ('32a0d4a4448a4d9286be94bafb01c33d', '0cfbaafced094ae8939bfb0f87c106a4', '', '1', '0', '4b1e47c16aca4e919109d0a6a2fd4d9b', '2015-08-11 10:25:13');
INSERT INTO `code_data` VALUES ('336ba07939ea4ac5b8183f16d9cddeca', '0cfbaafced094ae8939bfb0f87c106a4', '\'', '1', '0', '4b1e47c16aca4e919109d0a6a2fd4d9b', '2015-08-11 10:23:47');
INSERT INTO `code_data` VALUES ('33846eb101834f918c0b9ed9052fac31', '769a6443dce04df6915d88bc041f26d9', '', '1', '0', '4b1e47c16aca4e919109d0a6a2fd4d9b', '2015-08-12 09:36:15');
INSERT INTO `code_data` VALUES ('3581c96657694fb78dba835ddb175384', '769a6443dce04df6915d88bc041f26d9', '', '1', '0', '4b1e47c16aca4e919109d0a6a2fd4d9b', '2015-08-12 09:32:26');
INSERT INTO `code_data` VALUES ('36b5f8619e31461c8a8701cf0ff6cfe7', '769a6443dce04df6915d88bc041f26d9', '', '1', '0', '4b1e47c16aca4e919109d0a6a2fd4d9b', '2015-08-11 08:51:24');
INSERT INTO `code_data` VALUES ('405128b096b24da0b026ecc2e5b38f96', '0cfbaafced094ae8939bfb0f87c106a4', '', '1', '0', '4b1e47c16aca4e919109d0a6a2fd4d9b', '2015-08-11 10:11:22');
INSERT INTO `code_data` VALUES ('47e885c2e73f410989004284a5ae0492', '0cfbaafced094ae8939bfb0f87c106a4', '', '1', '0', '4b1e47c16aca4e919109d0a6a2fd4d9b', '2015-08-11 10:23:14');
INSERT INTO `code_data` VALUES ('48f92f5aea864ef19520dc279b71d3dc', '43557a76686d41a08394cd3cf9503327', '', '1', '0', null, null);
INSERT INTO `code_data` VALUES ('4a2d7c6155ca4a9f9fe000639ebd941c', '3a7d167c2e1d4c5b9230223ea9f15544', '', '1', '0', '4b1e47c16aca4e919109d0a6a2fd4d9b', '2016-01-13 09:10:44');
INSERT INTO `code_data` VALUES ('4c9bf90552bd43ed9a7d464c8ca31a3a', '0cfbaafced094ae8939bfb0f87c106a4', '', '1', '0', '4b1e47c16aca4e919109d0a6a2fd4d9b', '2015-08-11 10:16:45');
INSERT INTO `code_data` VALUES ('4eba1c17815e4d70bb26155cfd08d008', '769a6443dce04df6915d88bc041f26d9', '', '1', '0', '4b1e47c16aca4e919109d0a6a2fd4d9b', '2016-01-13 10:34:56');
INSERT INTO `code_data` VALUES ('4f45bc83ce124d82857b6d2cffc215b3', '769a6443dce04df6915d88bc041f26d9', '', '1', '0', '4b1e47c16aca4e919109d0a6a2fd4d9b', '2015-08-12 09:37:08');
INSERT INTO `code_data` VALUES ('52916f4e85e049f79191544ad20fdf80', '0cfbaafced094ae8939bfb0f87c106a4', '', '1', '0', '4b1e47c16aca4e919109d0a6a2fd4d9b', '2015-08-11 10:24:37');
INSERT INTO `code_data` VALUES ('54ac3ad8cb79442cba99f3b64a42e07d', '769a6443dce04df6915d88bc041f26d9', '', '1', '0', '4b1e47c16aca4e919109d0a6a2fd4d9b', '2015-08-12 09:36:20');
INSERT INTO `code_data` VALUES ('55a0b6cb5ecf4a74913568543a8bc3f6', '0cfbaafced094ae8939bfb0f87c106a4', '', '1', '0', '4b1e47c16aca4e919109d0a6a2fd4d9b', '2015-08-11 10:18:46');
INSERT INTO `code_data` VALUES ('583dfea38bbe4801aba866170d155f57', '769a6443dce04df6915d88bc041f26d9', '', '1', '0', '4b1e47c16aca4e919109d0a6a2fd4d9b', '2015-08-12 09:30:12');
INSERT INTO `code_data` VALUES ('58b5552febe4427e9c89ad985ebd1b4a', '769a6443dce04df6915d88bc041f26d9', '', '1', '0', '4b1e47c16aca4e919109d0a6a2fd4d9b', '2015-08-12 09:36:42');
INSERT INTO `code_data` VALUES ('5ab9f9e8f5c6451995308ff83837b030', '0cfbaafced094ae8939bfb0f87c106a4', '', '1', '0', '4b1e47c16aca4e919109d0a6a2fd4d9b', '2015-08-11 10:20:49');
INSERT INTO `code_data` VALUES ('5b4106de00e647c586ebf8d0482490f6', '0cfbaafced094ae8939bfb0f87c106a4', '', '1', '0', '4b1e47c16aca4e919109d0a6a2fd4d9b', '2015-08-11 10:25:20');
INSERT INTO `code_data` VALUES ('5ddf22229e5c4ceba31e0f84a5f77a04', '3a7d167c2e1d4c5b9230223ea9f15544', '', '1', '0', '4b1e47c16aca4e919109d0a6a2fd4d9b', '2015-08-11 08:50:39');
INSERT INTO `code_data` VALUES ('5de66794ac5149dd96d8915027d9eab7', '0cfbaafced094ae8939bfb0f87c106a4', '', '1', '0', '4b1e47c16aca4e919109d0a6a2fd4d9b', '2015-08-11 10:21:16');
INSERT INTO `code_data` VALUES ('60f2a980b672467eb16e95922706f25b', '0cfbaafced094ae8939bfb0f87c106a4', '', '1', '0', '4b1e47c16aca4e919109d0a6a2fd4d9b', '2015-08-11 10:21:26');
INSERT INTO `code_data` VALUES ('6279cdc2ac5d4dbc97dcf300e51d384e', '769a6443dce04df6915d88bc041f26d9', '', '1', '0', '4b1e47c16aca4e919109d0a6a2fd4d9b', '2015-08-12 09:30:36');
INSERT INTO `code_data` VALUES ('632bd03649fe4c3fbab1940abc400231', '0cfbaafced094ae8939bfb0f87c106a4', '', '1', '0', '4b1e47c16aca4e919109d0a6a2fd4d9b', '2015-08-11 10:22:27');
INSERT INTO `code_data` VALUES ('6691edf7b53b475b804d519b7c988a9d', '0cfbaafced094ae8939bfb0f87c106a4', '', '1', '0', '4b1e47c16aca4e919109d0a6a2fd4d9b', '2015-08-11 10:26:03');
INSERT INTO `code_data` VALUES ('66ebf42ae8a440c78f6940acb1c98059', '0cfbaafced094ae8939bfb0f87c106a4', '', '1', '0', '4b1e47c16aca4e919109d0a6a2fd4d9b', '2015-08-11 10:25:49');
INSERT INTO `code_data` VALUES ('6cd73eb955c14264a79ad20e43cf0124', '0cfbaafced094ae8939bfb0f87c106a4', '', '1', '0', '4b1e47c16aca4e919109d0a6a2fd4d9b', '2015-08-11 10:22:11');
INSERT INTO `code_data` VALUES ('6d72803ba3d243b2a3aab27eababce3a', '62036660b54f40fbb933933a2c075d08', '', '1', '0', '4b1e47c16aca4e919109d0a6a2fd4d9b', '2015-08-12 09:40:17');
INSERT INTO `code_data` VALUES ('7139b5f60b46448a83f67c7c0217c9ff', '769a6443dce04df6915d88bc041f26d9', '', '1', '0', '4b1e47c16aca4e919109d0a6a2fd4d9b', '2015-08-12 09:34:10');
INSERT INTO `code_data` VALUES ('7353a169c3a44a508002d9103c0c868d', '769a6443dce04df6915d88bc041f26d9', '', '1', '0', '4b1e47c16aca4e919109d0a6a2fd4d9b', '2015-08-12 09:30:57');
INSERT INTO `code_data` VALUES ('796a1bf195424800bd331e590877aa3d', '769a6443dce04df6915d88bc041f26d9', '', '1', '0', '4b1e47c16aca4e919109d0a6a2fd4d9b', '2015-08-12 09:31:59');
INSERT INTO `code_data` VALUES ('84e2bc002e0c4495bdf76f9114a594f6', '62036660b54f40fbb933933a2c075d08', '', '1', '0', '4b1e47c16aca4e919109d0a6a2fd4d9b', '2015-08-12 09:40:42');
INSERT INTO `code_data` VALUES ('86879dfc63ea4e49a0c71b8c78aa4d4b', '769a6443dce04df6915d88bc041f26d9', '', '1', '0', '4b1e47c16aca4e919109d0a6a2fd4d9b', '2015-08-12 09:30:19');
INSERT INTO `code_data` VALUES ('87dee275de5346c9ace3965ec2bf48a7', '0cfbaafced094ae8939bfb0f87c106a4', '', '1', '0', '4b1e47c16aca4e919109d0a6a2fd4d9b', '2015-08-11 10:20:11');
INSERT INTO `code_data` VALUES ('8a41b012c0a64013af6f30a0ec68bfce', '0cfbaafced094ae8939bfb0f87c106a4', '', '1', '0', '4b1e47c16aca4e919109d0a6a2fd4d9b', '2015-08-11 10:16:52');
INSERT INTO `code_data` VALUES ('8d5a5c09d78847d1a4c41abaf20eef15', '769a6443dce04df6915d88bc041f26d9', '', '1', '0', '4b1e47c16aca4e919109d0a6a2fd4d9b', '2015-08-12 09:36:32');
INSERT INTO `code_data` VALUES ('8f5f5af7b7ee47dcb1b6bf615524bb4f', '0cfbaafced094ae8939bfb0f87c106a4', '', '1', '0', '4b1e47c16aca4e919109d0a6a2fd4d9b', '2015-08-11 10:11:07');
INSERT INTO `code_data` VALUES ('8ffc4b908f0f406684cd0e6273f20d6d', '0cfbaafced094ae8939bfb0f87c106a4', '', '1', '0', '4b1e47c16aca4e919109d0a6a2fd4d9b', '2015-08-11 10:24:59');
INSERT INTO `code_data` VALUES ('916c0ef83f9048688bc3c7c3849f79ff', '9c55d48fda4c4210ab82f3ab560ccf95', '', '1', '0', null, null);
INSERT INTO `code_data` VALUES ('91e448e7a283442592fe0e09df2f7536', '769a6443dce04df6915d88bc041f26d9', '', '1', '0', '4b1e47c16aca4e919109d0a6a2fd4d9b', '2015-08-11 08:51:52');
INSERT INTO `code_data` VALUES ('93647df8cc86477899a88704724f1a57', '0cfbaafced094ae8939bfb0f87c106a4', '', '1', '0', '4b1e47c16aca4e919109d0a6a2fd4d9b', '2015-08-11 10:20:56');
INSERT INTO `code_data` VALUES ('961049bb29e349a4969500e6e5360c82', '769a6443dce04df6915d88bc041f26d9', '', '1', '0', '4b1e47c16aca4e919109d0a6a2fd4d9b', '2015-08-12 09:31:34');
INSERT INTO `code_data` VALUES ('99d9eebda0e74ad2badc27b3afc2dcc1', '769a6443dce04df6915d88bc041f26d9', '', '1', '0', '4b1e47c16aca4e919109d0a6a2fd4d9b', '2015-08-12 09:33:17');
INSERT INTO `code_data` VALUES ('9b0b1fa35dfe4ccaa324cc6c7d1fcde5', '769a6443dce04df6915d88bc041f26d9', '', '1', '0', '4b1e47c16aca4e919109d0a6a2fd4d9b', '2015-08-12 09:37:16');
INSERT INTO `code_data` VALUES ('9d741ef3b735494f97b2b88267c47f59', '0cfbaafced094ae8939bfb0f87c106a4', '', '1', '0', '4b1e47c16aca4e919109d0a6a2fd4d9b', '2015-08-11 10:17:14');
INSERT INTO `code_data` VALUES ('9e9d2a20e2e94c81afa9501b2509f981', '3a7d167c2e1d4c5b9230223ea9f15544', '', '1', '0', '4b1e47c16aca4e919109d0a6a2fd4d9b', '2015-08-11 08:50:46');
INSERT INTO `code_data` VALUES ('a2660da89f7a48ea9e3bbda9e682631f', '0cfbaafced094ae8939bfb0f87c106a4', '', '1', '0', '4b1e47c16aca4e919109d0a6a2fd4d9b', '2015-08-11 10:21:48');
INSERT INTO `code_data` VALUES ('a333480d0d814879be3375667dc45fe5', '769a6443dce04df6915d88bc041f26d9', '', '1', '0', '4b1e47c16aca4e919109d0a6a2fd4d9b', '2015-08-12 09:37:21');
INSERT INTO `code_data` VALUES ('a3dd479888294110897b522bbdcbb0f3', '769a6443dce04df6915d88bc041f26d9', '', '1', '0', '4b1e47c16aca4e919109d0a6a2fd4d9b', '2015-08-12 09:30:04');
INSERT INTO `code_data` VALUES ('a45217a5bf8c49c59875ee0d538837d3', '769a6443dce04df6915d88bc041f26d9', '', '1', '0', '4b1e47c16aca4e919109d0a6a2fd4d9b', '2015-08-12 09:37:42');
INSERT INTO `code_data` VALUES ('a5ccd1a11c6545bc8773bb2863bd1fd0', '62036660b54f40fbb933933a2c075d08', '', '1', '0', '4b1e47c16aca4e919109d0a6a2fd4d9b', '2015-08-12 09:40:51');
INSERT INTO `code_data` VALUES ('a9ad5c2748c94da188567e8d3c7dc305', '769a6443dce04df6915d88bc041f26d9', '', '1', '0', '4b1e47c16aca4e919109d0a6a2fd4d9b', '2015-08-12 09:32:46');
INSERT INTO `code_data` VALUES ('a9d27464be884e93ba2c76b1e5386f12', '62036660b54f40fbb933933a2c075d08', '', '1', '0', '4b1e47c16aca4e919109d0a6a2fd4d9b', '2015-08-12 09:40:05');
INSERT INTO `code_data` VALUES ('ab987428bb424a8aa1c8eaa29aae929f', '0cfbaafced094ae8939bfb0f87c106a4', '', '1', '0', '4b1e47c16aca4e919109d0a6a2fd4d9b', '2015-08-11 10:23:54');
INSERT INTO `code_data` VALUES ('ad16028c10f44dcb8fef1211f9f2fe81', '9a6b8dfa0a93455f97f61150cfcd364f', '', '1', '0', '4b1e47c16aca4e919109d0a6a2fd4d9b', '2015-09-23 18:50:16');
INSERT INTO `code_data` VALUES ('ae90fe83493644c58f38f000819114de', '0cfbaafced094ae8939bfb0f87c106a4', '', '1', '0', '4b1e47c16aca4e919109d0a6a2fd4d9b', '2015-08-11 10:21:55');
INSERT INTO `code_data` VALUES ('b34a3fb4bbbb4590a29dfb11aa98996e', '3a7d167c2e1d4c5b9230223ea9f15544', '', '1', '0', '4b1e47c16aca4e919109d0a6a2fd4d9b', '2015-08-11 08:51:01');
INSERT INTO `code_data` VALUES ('b3ca7bda3ed9481c8331e69a54b7fb4c', '0cfbaafced094ae8939bfb0f87c106a4', '', '1', '0', '4b1e47c16aca4e919109d0a6a2fd4d9b', '2015-08-11 10:24:30');
INSERT INTO `code_data` VALUES ('b559aea4da264baf934be51e81bfff0a', '43557a76686d41a08394cd3cf9503327', '', '1', '0', null, null);
INSERT INTO `code_data` VALUES ('b6b1c525623a41198695456e59522e43', '769a6443dce04df6915d88bc041f26d9', '', '1', '0', '4b1e47c16aca4e919109d0a6a2fd4d9b', '2015-08-11 08:51:58');
INSERT INTO `code_data` VALUES ('b8e77d75acc0494bac66a6df318676b8', '43557a76686d41a08394cd3cf9503327', '', '1', '0', null, null);
INSERT INTO `code_data` VALUES ('b92e009628c14191b4d909d2cfaead4b', '0cfbaafced094ae8939bfb0f87c106a4', '', '1', '0', '4b1e47c16aca4e919109d0a6a2fd4d9b', '2015-08-11 10:24:51');
INSERT INTO `code_data` VALUES ('bc8c42ac0e694e419f5efebe45bfe655', '0cfbaafced094ae8939bfb0f87c106a4', '', '1', '0', '4b1e47c16aca4e919109d0a6a2fd4d9b', '2015-08-11 10:22:04');
INSERT INTO `code_data` VALUES ('bf1d6218194848f0a8f9a99e6af11a21', '0cfbaafced094ae8939bfb0f87c106a4', '', '1', '0', '4b1e47c16aca4e919109d0a6a2fd4d9b', '2015-08-11 10:19:58');
INSERT INTO `code_data` VALUES ('c0f56a2429d648b5a86555e43d33136d', '0cfbaafced094ae8939bfb0f87c106a4', '', '1', '0', '4b1e47c16aca4e919109d0a6a2fd4d9b', '2015-08-11 10:20:18');
INSERT INTO `code_data` VALUES ('c438b9814f494e32b74d8c8915f9e936', '769a6443dce04df6915d88bc041f26d9', '', '1', '0', '4b1e47c16aca4e919109d0a6a2fd4d9b', '2015-08-12 09:36:09');
INSERT INTO `code_data` VALUES ('c477f117f3404d3b8002be4893e2055d', '769a6443dce04df6915d88bc041f26d9', '', '1', '0', '4b1e47c16aca4e919109d0a6a2fd4d9b', '2015-08-12 09:36:56');
INSERT INTO `code_data` VALUES ('c83880827f6e4cf280694e3666535f0c', '769a6443dce04df6915d88bc041f26d9', '', '1', '0', '4b1e47c16aca4e919109d0a6a2fd4d9b', '2016-01-13 10:29:48');
INSERT INTO `code_data` VALUES ('cb6a76b00e46438496848e5f19eda3bc', '0cfbaafced094ae8939bfb0f87c106a4', '', '1', '0', '4b1e47c16aca4e919109d0a6a2fd4d9b', '2015-08-11 10:19:00');
INSERT INTO `code_data` VALUES ('cfb83148030b463a93b2c8c5bb84c668', '769a6443dce04df6915d88bc041f26d9', '', '1', '0', '4b1e47c16aca4e919109d0a6a2fd4d9b', '2015-08-12 09:31:51');
INSERT INTO `code_data` VALUES ('d02f839a5c1a4e9eb6c29958a819a434', '0cfbaafced094ae8939bfb0f87c106a4', '', '1', '0', '4b1e47c16aca4e919109d0a6a2fd4d9b', '2015-08-11 10:23:30');
INSERT INTO `code_data` VALUES ('d3b2f69376134532bc205d5b27e959bd', '43557a76686d41a08394cd3cf9503327', '', '1', '0', '4b1e47c16aca4e919109d0a6a2fd4d9b', '2016-01-13 10:48:17');
INSERT INTO `code_data` VALUES ('d43dc6cec5ba40019670659e4b2deb8d', '0cfbaafced094ae8939bfb0f87c106a4', '', '1', '0', '4b1e47c16aca4e919109d0a6a2fd4d9b', '2015-08-11 10:19:51');
INSERT INTO `code_data` VALUES ('d76df435a99c43779ed62aff5651dd14', '0cfbaafced094ae8939bfb0f87c106a4', '', '1', '0', '4b1e47c16aca4e919109d0a6a2fd4d9b', '2015-08-11 10:25:42');
INSERT INTO `code_data` VALUES ('d891e9e981c444d6978a5ce5fd30af76', '0cfbaafced094ae8939bfb0f87c106a4', '', '1', '0', '4b1e47c16aca4e919109d0a6a2fd4d9b', '2015-08-11 10:22:51');
INSERT INTO `code_data` VALUES ('da2c6fcff1194c1aa8d6e69d2b224051', '0cfbaafced094ae8939bfb0f87c106a4', '', '1', '0', '4b1e47c16aca4e919109d0a6a2fd4d9b', '2015-08-11 10:16:59');
INSERT INTO `code_data` VALUES ('da8011d67ec74a01beef7c6043de450c', '769a6443dce04df6915d88bc041f26d9', '', '1', '0', '4b1e47c16aca4e919109d0a6a2fd4d9b', '2015-08-11 08:51:33');
INSERT INTO `code_data` VALUES ('deaf2241ce284d4bad214713253a33d1', '0cfbaafced094ae8939bfb0f87c106a4', '', '1', '0', '4b1e47c16aca4e919109d0a6a2fd4d9b', '2015-08-11 10:23:38');
INSERT INTO `code_data` VALUES ('df51094287554eeca1bb0f2a94635e76', '9a6b8dfa0a93455f97f61150cfcd364f', '', '1', '0', '4b1e47c16aca4e919109d0a6a2fd4d9b', '2015-09-23 18:50:56');
INSERT INTO `code_data` VALUES ('e28c2c707c6e4cca9117468f17f8426c', '769a6443dce04df6915d88bc041f26d9', '', '1', '0', '4b1e47c16aca4e919109d0a6a2fd4d9b', '2015-08-12 09:37:02');
INSERT INTO `code_data` VALUES ('e505e6f9a2c9449f93fd6fee9d842fd8', '62036660b54f40fbb933933a2c075d08', '', '1', '0', '4b1e47c16aca4e919109d0a6a2fd4d9b', '2015-08-12 09:40:27');
INSERT INTO `code_data` VALUES ('e98b4f5b28d54d8db9e1eb8d78701322', '769a6443dce04df6915d88bc041f26d9', '', '1', '0', '4b1e47c16aca4e919109d0a6a2fd4d9b', '2015-08-12 09:33:01');
INSERT INTO `code_data` VALUES ('e9f25d1df91a4267b2736ec5ea682461', '62036660b54f40fbb933933a2c075d08', '', '1', '0', '4b1e47c16aca4e919109d0a6a2fd4d9b', '2015-08-12 09:41:14');
INSERT INTO `code_data` VALUES ('ec786d68d9414af4b33cc5d66be5466e', '769a6443dce04df6915d88bc041f26d9', '', '1', '0', '4b1e47c16aca4e919109d0a6a2fd4d9b', '2015-08-12 09:31:22');
INSERT INTO `code_data` VALUES ('ef807a340e044440b36cceb76777ea63', '769a6443dce04df6915d88bc041f26d9', '', '1', '0', '4b1e47c16aca4e919109d0a6a2fd4d9b', '2016-01-13 10:29:33');
INSERT INTO `code_data` VALUES ('f04dca35c3224b6a9a6f7bcf735989f2', '0cfbaafced094ae8939bfb0f87c106a4', '', '1', '0', '4b1e47c16aca4e919109d0a6a2fd4d9b', '2015-08-11 10:26:09');
INSERT INTO `code_data` VALUES ('f0d98ba91a20417ebc5b4e515c58ed6e', '0cfbaafced094ae8939bfb0f87c106a4', '', '1', '0', '4b1e47c16aca4e919109d0a6a2fd4d9b', '2015-08-11 10:21:35');
INSERT INTO `code_data` VALUES ('f40e91767ed04cbaa047182f83dc8f97', '769a6443dce04df6915d88bc041f26d9', '', '1', '0', '4b1e47c16aca4e919109d0a6a2fd4d9b', '2015-08-12 09:35:58');
INSERT INTO `code_data` VALUES ('f55c0462da414c12bae6192a91c45044', '43557a76686d41a08394cd3cf9503327', '', '1', '0', null, null);
INSERT INTO `code_data` VALUES ('f941a871684f42eab623bcea0ac11fb0', '43557a76686d41a08394cd3cf9503327', '', '1', '1', '4b1e47c16aca4e919109d0a6a2fd4d9b', '2015-08-12 09:38:12');
INSERT INTO `code_data` VALUES ('f9c53e590692430aaa7dd1f0a4607ef2', '769a6443dce04df6915d88bc041f26d9', '', '1', '0', '4b1e47c16aca4e919109d0a6a2fd4d9b', '2015-08-12 09:32:51');
INSERT INTO `code_data` VALUES ('fe90d4c8e64b4149a8778b278d11dfff', '769a6443dce04df6915d88bc041f26d9', '', '1', '0', '4b1e47c16aca4e919109d0a6a2fd4d9b', '2015-08-12 09:37:35');
INSERT INTO `code_data` VALUES ('ff735cc63ec547108b64f4508dc4256b', '0cfbaafced094ae8939bfb0f87c106a4', '', '1', '0', '4b1e47c16aca4e919109d0a6a2fd4d9b', '2015-08-11 10:22:57');

-- ----------------------------
-- Table structure for `code_type`
-- ----------------------------
DROP TABLE IF EXISTS `code_type`;
CREATE TABLE `code_type` (
  `id` varchar(100) NOT NULL,
  `code` varchar(10) default NULL,
  `name` varchar(100) default NULL,
  `isActives` char(1) default NULL,
  `isDeleted` char(1) default NULL,
  `creator` varchar(100) default NULL,
  `createdate` varchar(23) default NULL,
  PRIMARY KEY  (`id`)
) ENGINE=InnoDB DEFAULT CHARSET=utf8;

-- ----------------------------
-- Records of code_type
-- ----------------------------
INSERT INTO `code_type` VALUES ('0cfbaafced094ae8939bfb0f87c106a4', 'MZ', '', '1', '0', '4b1e47c16aca4e919109d0a6a2fd4d9b', '2015-08-11 10:10:26');
INSERT INTO `code_type` VALUES ('3201a7266c764ed6a17a3a3ec2a6e232', 'BJLB', '', '1', '0', '4b1e47c16aca4e919109d0a6a2fd4d9b', '2015-08-12 14:54:42');
INSERT INTO `code_type` VALUES ('3a7d167c2e1d4c5b9230223ea9f15544', 'XD', '', '1', '0', '4b1e47c16aca4e919109d0a6a2fd4d9b', '2015-08-11 08:49:59');
INSERT INTO `code_type` VALUES ('43557a76686d41a08394cd3cf9503327', 'XXLX', '', '1', '0', null, null);
INSERT INTO `code_type` VALUES ('62036660b54f40fbb933933a2c075d08', 'DP', '', '1', '0', '4b1e47c16aca4e919109d0a6a2fd4d9b', '2015-08-11 11:18:28');
INSERT INTO `code_type` VALUES ('769a6443dce04df6915d88bc041f26d9', 'XK', '', '1', '0', '4b1e47c16aca4e919109d0a6a2fd4d9b', '2015-08-11 08:50:16');
INSERT INTO `code_type` VALUES ('9a6b8dfa0a93455f97f61150cfcd364f', 'KM', '', '1', '0', '4b1e47c16aca4e919109d0a6a2fd4d9b', '2015-09-23 18:49:53');
INSERT INTO `code_type` VALUES ('9c55d48fda4c4210ab82f3ab560ccf95', 'XXLB', '', '1', '0', null, null);

-- ----------------------------
-- Table structure for `course_data`
-- ----------------------------
DROP TABLE IF EXISTS `course_data`;
CREATE TABLE `course_data` (
  `id` varchar(100) NOT NULL,
  `courseId` varchar(100) default NULL,
  `name` varchar(20) default NULL,
  `dataUrl` varchar(200) default NULL,
  `remark` text,
  `creator` varchar(100) default NULL,
  `createdate` varchar(23) default NULL,
  PRIMARY KEY  (`id`)
) ENGINE=InnoDB DEFAULT CHARSET=utf8;

-- ----------------------------
-- Records of course_data
-- ----------------------------
INSERT INTO `course_data` VALUES ('31b96708e1554402b8abf997c2b75e8b', '50030dff568448f58bbed5536e588eef', '', 'admin/course/20160219162435830.png', '', '4b1e47c16aca4e919109d0a6a2fd4d9b', '2016-02-19 16:24:41');
INSERT INTO `course_data` VALUES ('dff2738774b148bbb7da96e79f4d267d', '50030dff568448f58bbed5536e588eef', '2', 'admin/course/20160219165659675.xls', null, '4b1e47c16aca4e919109d0a6a2fd4d9b', '2016-02-19 16:56:59');

-- ----------------------------
-- Table structure for `course_management`
-- ----------------------------
DROP TABLE IF EXISTS `course_management`;
CREATE TABLE `course_management` (
  `id` varchar(100) NOT NULL,
  `name` varchar(50) default NULL,
  `instructorId` varchar(100) default NULL,
  `introduction` text,
  `creator` varchar(100) default NULL,
  `createdate` varchar(23) default NULL,
  `isDeleted` char(1) default NULL,
  `dataUrl` varchar(100) default NULL,
  PRIMARY KEY  (`id`)
) ENGINE=InnoDB DEFAULT CHARSET=utf8;

-- ----------------------------
-- Records of course_management
-- ----------------------------
INSERT INTO `course_management` VALUES ('50030dff568448f58bbed5536e588eef', '', null, null, '4b1e47c16aca4e919109d0a6a2fd4d9b', '2016-01-13 11:49:51', '0', null);

-- ----------------------------
-- Table structure for `homework_manager`
-- ----------------------------
DROP TABLE IF EXISTS `homework_manager`;
CREATE TABLE `homework_manager` (
  `id` varchar(100) NOT NULL,
  `title` varchar(100) default NULL,
  `homeworkUrl` varchar(255) default NULL,
  `uploader` varchar(100) NOT NULL,
  `classId` varchar(100) NOT NULL,
  `endUploadTime` varchar(30) default NULL,
  `uploadTime` varchar(30) default NULL,
  PRIMARY KEY  (`id`)
) ENGINE=InnoDB DEFAULT CHARSET=utf8;

-- ----------------------------
-- Records of homework_manager
-- ----------------------------
INSERT INTO `homework_manager` VALUES ('9818776b88ca4d11a83596be301671e3', '', null, 'f0eca1c920d04a78bc330957cf71a5d9', 'c192cb2ec8a746f1b82a9ee1be5053bb', '2016-01-31 10:00', '2016-01-18 10:45:35');

-- ----------------------------
-- Table structure for `lesson_management`
-- ----------------------------
DROP TABLE IF EXISTS `lesson_management`;
CREATE TABLE `lesson_management` (
  `id` varchar(100) NOT NULL,
  `courseId` varchar(100) default NULL,
  `subjectId` varchar(100) default NULL,
  `lesson` varchar(20) default NULL,
  `creator` varchar(100) default NULL,
  `createdate` varchar(23) default NULL,
  `instructor` varchar(20) default NULL,
  PRIMARY KEY  (`id`)
) ENGINE=InnoDB DEFAULT CHARSET=utf8;

-- ----------------------------
-- Records of lesson_management
-- ----------------------------

-- ----------------------------
-- Table structure for `menu_info`
-- ----------------------------
DROP TABLE IF EXISTS `menu_info`;
CREATE TABLE `menu_info` (
  `id` varchar(100) NOT NULL,
  `code` varchar(50) default NULL,
  `pid` varchar(100) default NULL,
  `pcode` varchar(50) default NULL,
  `name` varchar(20) default NULL,
  `urls` varchar(100) default NULL,
  `series` int(11) default NULL,
  `seq` int(11) default NULL,
  `isActives` char(1) default NULL,
  `isDeleted` char(1) default NULL,
  `picUrl` varchar(200) default NULL,
  PRIMARY KEY  (`id`)
) ENGINE=InnoDB DEFAULT CHARSET=utf8;

-- ----------------------------
-- Records of menu_info
-- ----------------------------
INSERT INTO `menu_info` VALUES ('03b90404ce4a4c1da08cd4672233b2ee', '101102', '0d8a183fbec544c38538c8eb14b6379a', '101', '', '../baseinfo/unitInfo/redirect.do', '2', '7', '1', '0', null);
INSERT INTO `menu_info` VALUES ('0c269659b12c453a9c68fdb85561c0fc', '102116', 'b1e9d5ab4cbf48fd86c6477b256ad972', '102', '', '../train/noticeInfo/redirect.do', '2', '12', '1', '0', null);
INSERT INTO `menu_info` VALUES ('0d8a183fbec544c38538c8eb14b6379a', '101', null, null, '', '#', '1', '4', '1', '0', null);
INSERT INTO `menu_info` VALUES ('100567d9ce5c43f59f82e2c65ac6fb4d', '102115', 'b1e9d5ab4cbf48fd86c6477b256ad972', '102', '', '../baseinfo/accepte/redirect.do', '2', '11', '1', '0', null);
INSERT INTO `menu_info` VALUES ('15f2b550ea3c40acb2dd1aca661ee393', '102111', 'b1e9d5ab4cbf48fd86c6477b256ad972', '102', '', '../baseinfo/classTime/redirect.do', '2', '3', '1', '0', null);
INSERT INTO `menu_info` VALUES ('180f15acb45c4b308f90e0fe1fd2af59', '100', null, null, '', '#', '1', '1', '1', '0', null);
INSERT INTO `menu_info` VALUES ('4f46f5b185d2483db5ab35bff1883884', '102113', 'b1e9d5ab4cbf48fd86c6477b256ad972', '102', '', '../baseinfo/attendanceInfo/redirect.do', '2', '5', '1', '0', null);
INSERT INTO `menu_info` VALUES ('76df85616dc644b28d2270944bc6f82c', '100101', '180f15acb45c4b308f90e0fe1fd2af59', '100', '', '../platform/menuInfo/redirect.do', '2', '3', '1', '0', null);
INSERT INTO `menu_info` VALUES ('860b8f73c73e429d966a7ffdccd413c0', '101103', '0d8a183fbec544c38538c8eb14b6379a', '101', '', '../baseinfo/teacherInfo/redirect.do', '2', '8', '1', '0', null);
INSERT INTO `menu_info` VALUES ('87758ff40704448bbd6ba1eaf78eb891', '102114', 'b1e9d5ab4cbf48fd86c6477b256ad972', '102', '', '../baseinfo/application/redirect.do', '2', '10', '1', '0', null);
INSERT INTO `menu_info` VALUES ('a2d9d56dd028462fb517b0d0e68c21da', '102109', 'b1e9d5ab4cbf48fd86c6477b256ad972', '102', '', '../baseinfo/timeSetting/add.do', '2', '2', '1', '0', null);
INSERT INTO `menu_info` VALUES ('a6116d48aa3f4822b29879ebbf9d2841', '101100', '0d8a183fbec544c38538c8eb14b6379a', '101', '', '../baseinfo/codeType/redirect.do', '2', '5', '1', '0', null);
INSERT INTO `menu_info` VALUES ('b1e9d5ab4cbf48fd86c6477b256ad972', '102', null, null, '', '#', '1', '2', '1', '0', null);
INSERT INTO `menu_info` VALUES ('ca830adc41174d39a00643c3a84290f5', '102117', 'b1e9d5ab4cbf48fd86c6477b256ad972', '102', '', '../baseinfo/courseManagement/redirect.do', '2', '13', '1', '0', null);
INSERT INTO `menu_info` VALUES ('cd638a75dffb4c00aa1dba3c9a53a2eb', '101101', '0d8a183fbec544c38538c8eb14b6379a', '101', '', '../baseinfo/codeData/redirect.do', '2', '6', '1', '0', null);
INSERT INTO `menu_info` VALUES ('cf70fca02e7944268e0d0a1db115f38f', '102118', 'b1e9d5ab4cbf48fd86c6477b256ad972', '102', '', '../baseinfo/homework/redirect.do', '2', '14', '1', '0', null);
INSERT INTO `menu_info` VALUES ('e9c4e47d3fb6417c828e1f7dd6548508', '102112', 'b1e9d5ab4cbf48fd86c6477b256ad972', '102', '', '../baseinfo/artificialAttendance/redirect.do', '2', '4', '1', '0', null);
INSERT INTO `menu_info` VALUES ('eb122ac445a8406493b3eef355e7d83a', '100100', '180f15acb45c4b308f90e0fe1fd2af59', '100', '', '../platform/userInfo/redirect.do', '2', '2', '1', '0', null);
INSERT INTO `menu_info` VALUES ('efbdcd4f8cbb45cab2ac9069ea93a2bd', '100102', '180f15acb45c4b308f90e0fe1fd2af59', '100', '', '../platform/role/redirect.do', '2', '9', '1', '0', null);
INSERT INTO `menu_info` VALUES ('f7fc2c99fd9d41ea8b69fdb1a1698872', '102119', 'b1e9d5ab4cbf48fd86c6477b256ad972', '102', '', '../baseinfo/accreditation/redirect.do', '2', '15', '1', '0', null);
INSERT INTO `menu_info` VALUES ('fe84bca0763b45848e1547d1100aed03', '102110', 'b1e9d5ab4cbf48fd86c6477b256ad972', '102', '', '../baseinfo/classInfo/redirect.do', '2', '1', '1', '0', null);

-- ----------------------------
-- Table structure for `notice_info`
-- ----------------------------
DROP TABLE IF EXISTS `notice_info`;
CREATE TABLE `notice_info` (
  `id` varchar(100) NOT NULL,
  `type` char(1) default NULL,
  `content` text,
  `creator` varchar(100) default NULL,
  `createdate` varchar(23) default NULL,
  `isDeleted` char(1) default NULL,
  `title` varchar(200) default NULL,
  `classId` varchar(100) default NULL,
  PRIMARY KEY  (`id`)
) ENGINE=InnoDB DEFAULT CHARSET=utf8;

-- ----------------------------
-- Records of notice_info
-- ----------------------------

-- ----------------------------
-- Table structure for `quota_allocation`
-- ----------------------------
DROP TABLE IF EXISTS `quota_allocation`;
CREATE TABLE `quota_allocation` (
  `id` varchar(100) NOT NULL,
  `classId` varchar(100) default NULL,
  `schoolId` varchar(100) default NULL,
  `number` int(11) default NULL,
  `creator` varchar(100) default NULL,
  `createdate` varchar(23) default NULL,
  PRIMARY KEY  (`id`)
) ENGINE=InnoDB DEFAULT CHARSET=utf8;

-- ----------------------------
-- Records of quota_allocation
-- ----------------------------

-- ----------------------------
-- Table structure for `role`
-- ----------------------------
DROP TABLE IF EXISTS `role`;
CREATE TABLE `role` (
  `id` varchar(100) NOT NULL,
  `name` varchar(50) default NULL,
  `status` varchar(20) default NULL,
  `createTime` varchar(50) default NULL,
  `updateTime` varchar(50) default NULL,
  `creator` varchar(100) default NULL,
  `type` varchar(10) default NULL,
  PRIMARY KEY  (`id`)
) ENGINE=InnoDB DEFAULT CHARSET=utf8;

-- ----------------------------
-- Records of role
-- ----------------------------
INSERT INTO `role` VALUES ('bc42ac163e0a411b85de427f993fc3bd', '', '', '2016-01-15 10:07:14', '2016-01-15 10:07:14', null, null);
INSERT INTO `role` VALUES ('cc6c7f1b2d3e4b45800f6c712e68ab71', '', '', '2016-01-13 12:16:52', '2016-01-13 12:16:52', null, null);
INSERT INTO `role` VALUES ('ce51f896209341e3b73c43c41174d19e', '', '', '2015-09-01 16:07:16', '2016-01-13 11:57:06', null, null);
INSERT INTO `role` VALUES ('e7579b7a56554ca2bac59e3cc2aa6d28', '', '', '2015-08-31 10:20:51', '2015-08-31 10:20:51', '4b1e47c16aca4e919109d0a6a2fd4d9b', null);
INSERT INTO `role` VALUES ('f009a23f10ef45dda0d41260cad2fae8', '', '', '2016-01-15 10:08:11', '2016-01-15 10:08:11', null, null);

-- ----------------------------
-- Table structure for `role_menu`
-- ----------------------------
DROP TABLE IF EXISTS `role_menu`;
CREATE TABLE `role_menu` (
  `id` varchar(100) NOT NULL,
  `roleId` varchar(100) default NULL,
  `menuId` varchar(100) default NULL,
  PRIMARY KEY  (`id`)
) ENGINE=InnoDB DEFAULT CHARSET=utf8;

-- ----------------------------
-- Records of role_menu
-- ----------------------------
INSERT INTO `role_menu` VALUES ('023ebc323c364de4ad2c7d5e5707009f', 'e7579b7a56554ca2bac59e3cc2aa6d28', '03b90404ce4a4c1da08cd4672233b2ee');
INSERT INTO `role_menu` VALUES ('048c9f0afe5144f69e7d3641f6db7379', 'bc42ac163e0a411b85de427f993fc3bd', 'a2d9d56dd028462fb517b0d0e68c21da');
INSERT INTO `role_menu` VALUES ('05939580dce045fcbc0ae4b33704f154', 'f009a23f10ef45dda0d41260cad2fae8', '87758ff40704448bbd6ba1eaf78eb891');
INSERT INTO `role_menu` VALUES ('09a403d7c13c4b0784497b325bca3ff9', 'cc6c7f1b2d3e4b45800f6c712e68ab71', '860b8f73c73e429d966a7ffdccd413c0');
INSERT INTO `role_menu` VALUES ('0d2e603c7e7a4ba8882cf1072af585da', 'e7579b7a56554ca2bac59e3cc2aa6d28', 'b1e9d5ab4cbf48fd86c6477b256ad972');
INSERT INTO `role_menu` VALUES ('13bdbc62328c4a5dacdc48b34f1ac66a', 'e7579b7a56554ca2bac59e3cc2aa6d28', '87758ff40704448bbd6ba1eaf78eb891');
INSERT INTO `role_menu` VALUES ('186478adc83f4fe4a1f6677c2b7bbfaf', 'f009a23f10ef45dda0d41260cad2fae8', '4f46f5b185d2483db5ab35bff1883884');
INSERT INTO `role_menu` VALUES ('1df472d4cfd84268b1579f33a95c8ed9', 'e7579b7a56554ca2bac59e3cc2aa6d28', 'e9c4e47d3fb6417c828e1f7dd6548508');
INSERT INTO `role_menu` VALUES ('35912b0f74ea41858a5a3306c049c209', 'bc42ac163e0a411b85de427f993fc3bd', '15f2b550ea3c40acb2dd1aca661ee393');
INSERT INTO `role_menu` VALUES ('3b6eeb2136134319981505ab7b85c0d0', 'f009a23f10ef45dda0d41260cad2fae8', 'a2d9d56dd028462fb517b0d0e68c21da');
INSERT INTO `role_menu` VALUES ('460401070445493db492b3fc7adb483c', 'f009a23f10ef45dda0d41260cad2fae8', '15f2b550ea3c40acb2dd1aca661ee393');
INSERT INTO `role_menu` VALUES ('61343e143e754ace81cf545e0b7040ed', 'bc42ac163e0a411b85de427f993fc3bd', 'e9c4e47d3fb6417c828e1f7dd6548508');
INSERT INTO `role_menu` VALUES ('64697876dcf64de9a66127f7f91c956c', 'e7579b7a56554ca2bac59e3cc2aa6d28', '0d8a183fbec544c38538c8eb14b6379a');
INSERT INTO `role_menu` VALUES ('682a0da2a1794e73b06ec7fbedc54630', 'e7579b7a56554ca2bac59e3cc2aa6d28', 'cd638a75dffb4c00aa1dba3c9a53a2eb');
INSERT INTO `role_menu` VALUES ('697d8723f2c54401881d7705681ff4a4', 'bc42ac163e0a411b85de427f993fc3bd', 'f7fc2c99fd9d41ea8b69fdb1a1698872');
INSERT INTO `role_menu` VALUES ('6b40cc69e8694ed7b38aba801b0dc4d2', 'f009a23f10ef45dda0d41260cad2fae8', 'cf70fca02e7944268e0d0a1db115f38f');
INSERT INTO `role_menu` VALUES ('6bfea2ace145463099f300472356e698', 'e7579b7a56554ca2bac59e3cc2aa6d28', '76df85616dc644b28d2270944bc6f82c');
INSERT INTO `role_menu` VALUES ('6e6c3144ba614c6b9c8021f370215037', 'f009a23f10ef45dda0d41260cad2fae8', 'cd638a75dffb4c00aa1dba3c9a53a2eb');
INSERT INTO `role_menu` VALUES ('7131bb266d894b1b8f1b1c6cad3ac836', 'f009a23f10ef45dda0d41260cad2fae8', 'b1e9d5ab4cbf48fd86c6477b256ad972');
INSERT INTO `role_menu` VALUES ('7fb8a1377ec640868e046b9e8fdb2e5d', 'f009a23f10ef45dda0d41260cad2fae8', 'fe84bca0763b45848e1547d1100aed03');
INSERT INTO `role_menu` VALUES ('816fb5480fbe46dda415ae19ac45e5e9', 'e7579b7a56554ca2bac59e3cc2aa6d28', 'ca830adc41174d39a00643c3a84290f5');
INSERT INTO `role_menu` VALUES ('82a815aeb5fa483a8f0fc0a6b5b932f3', 'bc42ac163e0a411b85de427f993fc3bd', 'ca830adc41174d39a00643c3a84290f5');
INSERT INTO `role_menu` VALUES ('890b106ea51b4ab1b32ec86f46905816', 'bc42ac163e0a411b85de427f993fc3bd', 'cf70fca02e7944268e0d0a1db115f38f');
INSERT INTO `role_menu` VALUES ('89d42ea310bb4bc6bc6444e98d16b984', 'e7579b7a56554ca2bac59e3cc2aa6d28', '0c269659b12c453a9c68fdb85561c0fc');
INSERT INTO `role_menu` VALUES ('924b4bb11848472ca762f8eef96f86b3', 'bc42ac163e0a411b85de427f993fc3bd', '4f46f5b185d2483db5ab35bff1883884');
INSERT INTO `role_menu` VALUES ('973d98b0b75f43b48e89c3137bfbfd6a', 'bc42ac163e0a411b85de427f993fc3bd', '0c269659b12c453a9c68fdb85561c0fc');
INSERT INTO `role_menu` VALUES ('a60d7b941ee5453eb13893d4a30704a1', 'e7579b7a56554ca2bac59e3cc2aa6d28', 'a2d9d56dd028462fb517b0d0e68c21da');
INSERT INTO `role_menu` VALUES ('ae145c188e254462aee4c5a6c47f8c52', 'e7579b7a56554ca2bac59e3cc2aa6d28', '15f2b550ea3c40acb2dd1aca661ee393');
INSERT INTO `role_menu` VALUES ('b64b142b82fd4714a7be1fb509e4b6bf', 'e7579b7a56554ca2bac59e3cc2aa6d28', '860b8f73c73e429d966a7ffdccd413c0');
INSERT INTO `role_menu` VALUES ('bbafe4a58dc2486c93d824557b796430', 'f009a23f10ef45dda0d41260cad2fae8', 'e9c4e47d3fb6417c828e1f7dd6548508');
INSERT INTO `role_menu` VALUES ('bfdc8bd17a094f6da55c86f804c44888', 'e7579b7a56554ca2bac59e3cc2aa6d28', 'eb122ac445a8406493b3eef355e7d83a');
INSERT INTO `role_menu` VALUES ('c0bd3193d817425dbd6f69daffd69a7f', 'e7579b7a56554ca2bac59e3cc2aa6d28', '4f46f5b185d2483db5ab35bff1883884');
INSERT INTO `role_menu` VALUES ('c85b69f6920e42e3bf7061ce853bc55b', 'f009a23f10ef45dda0d41260cad2fae8', '03b90404ce4a4c1da08cd4672233b2ee');
INSERT INTO `role_menu` VALUES ('ca652de90ba8468597027e5e71adc6b9', 'f009a23f10ef45dda0d41260cad2fae8', '860b8f73c73e429d966a7ffdccd413c0');
INSERT INTO `role_menu` VALUES ('cf03a5ffa9c24fa6a53dd4a661b441ad', 'e7579b7a56554ca2bac59e3cc2aa6d28', '180f15acb45c4b308f90e0fe1fd2af59');
INSERT INTO `role_menu` VALUES ('d1d58e84dd5943c8bc46473f491a9203', 'e7579b7a56554ca2bac59e3cc2aa6d28', 'a6116d48aa3f4822b29879ebbf9d2841');
INSERT INTO `role_menu` VALUES ('d31fc372cc1b41cca674a3e23e7a317f', 'bc42ac163e0a411b85de427f993fc3bd', '860b8f73c73e429d966a7ffdccd413c0');
INSERT INTO `role_menu` VALUES ('d8d170a3292b485d873c05bb69391feb', 'f009a23f10ef45dda0d41260cad2fae8', 'ca830adc41174d39a00643c3a84290f5');
INSERT INTO `role_menu` VALUES ('daec33481d4d4814b6580b013d7e7553', 'cc6c7f1b2d3e4b45800f6c712e68ab71', '87758ff40704448bbd6ba1eaf78eb891');
INSERT INTO `role_menu` VALUES ('dd2d602d005745e49e4e3df8830f9b78', 'e7579b7a56554ca2bac59e3cc2aa6d28', 'efbdcd4f8cbb45cab2ac9069ea93a2bd');
INSERT INTO `role_menu` VALUES ('e330e0cb30bf4619b749e76e45e08ab7', 'e7579b7a56554ca2bac59e3cc2aa6d28', 'cf70fca02e7944268e0d0a1db115f38f');
INSERT INTO `role_menu` VALUES ('e4a130ede2c14e1183da8431a139dd60', 'e7579b7a56554ca2bac59e3cc2aa6d28', '100567d9ce5c43f59f82e2c65ac6fb4d');
INSERT INTO `role_menu` VALUES ('e617ce44d1c64fe780f93aa150af7b66', 'f009a23f10ef45dda0d41260cad2fae8', 'f7fc2c99fd9d41ea8b69fdb1a1698872');
INSERT INTO `role_menu` VALUES ('e8ec72cb22e643ceb4054effe353e16b', 'f009a23f10ef45dda0d41260cad2fae8', '100567d9ce5c43f59f82e2c65ac6fb4d');
INSERT INTO `role_menu` VALUES ('ee471b94301d4ad7b52390b304b1f119', 'e7579b7a56554ca2bac59e3cc2aa6d28', 'f7fc2c99fd9d41ea8b69fdb1a1698872');
INSERT INTO `role_menu` VALUES ('f2eac7a7054a4a7892c146adf17e20c9', 'ce51f896209341e3b73c43c41174d19e', '0c269659b12c453a9c68fdb85561c0fc');
INSERT INTO `role_menu` VALUES ('f94a9c6ebad44f91867a8a9da50c84cf', 'e7579b7a56554ca2bac59e3cc2aa6d28', 'fe84bca0763b45848e1547d1100aed03');
INSERT INTO `role_menu` VALUES ('ff479bb17ed54133bce7a71499d14c05', 'f009a23f10ef45dda0d41260cad2fae8', '0c269659b12c453a9c68fdb85561c0fc');

-- ----------------------------
-- Table structure for `role_user`
-- ----------------------------
DROP TABLE IF EXISTS `role_user`;
CREATE TABLE `role_user` (
  `id` varchar(100) NOT NULL,
  `roleId` varchar(100) default NULL,
  `userId` varchar(100) default NULL,
  PRIMARY KEY  (`id`)
) ENGINE=InnoDB DEFAULT CHARSET=utf8;

-- ----------------------------
-- Records of role_user
-- ----------------------------
INSERT INTO `role_user` VALUES ('0033b443f5f74786ad5cad1627a9f232', 'ce51f896209341e3b73c43c41174d19e', '043686149b2b45bdb48cca07a33b46c9');
INSERT INTO `role_user` VALUES ('00840492f1ec497198d26b01198c3a56', 'ce51f896209341e3b73c43c41174d19e', '21b5dca5c08247a9a31ee12cef6a8cb9');
INSERT INTO `role_user` VALUES ('01693f76c3b94d7ebebc793f3177ad61', 'ce51f896209341e3b73c43c41174d19e', '80e794bc9dc0440a8e2c517a63861f72');
INSERT INTO `role_user` VALUES ('01b4ed4a638443a1a48869f584d157f2', 'ce51f896209341e3b73c43c41174d19e', 'e5d635eaf61d430f89ed1dd99af733a7');
INSERT INTO `role_user` VALUES ('01cb5557420b4192b82fcb9b41d2e6e9', 'ce51f896209341e3b73c43c41174d19e', '2fde332658504dd59c80be9432071f11');
INSERT INTO `role_user` VALUES ('01e53beb1af7491181759cfe0d0bd9ac', 'ce51f896209341e3b73c43c41174d19e', '89d08a90bcb24cd0948d22af74185973');
INSERT INTO `role_user` VALUES ('0302ca11afff4819b0a2cce2d3afc899', 'ce51f896209341e3b73c43c41174d19e', '456b5e67e7834c3da4ccdca049db7303');
INSERT INTO `role_user` VALUES ('032770e505db4529b319112827ca4efa', 'ce51f896209341e3b73c43c41174d19e', 'a698991c4b4f4662826b46c89d4f4139');
INSERT INTO `role_user` VALUES ('035751b08c2440ac97661dfee6f7b3ab', 'ce51f896209341e3b73c43c41174d19e', '3da53ef8becb44c1b7c8bf29162883e9');
INSERT INTO `role_user` VALUES ('036b60d761f44e58ad8cbd9be4d6d3c6', 'ce51f896209341e3b73c43c41174d19e', '6d920693aa5e481e9e70a54da9f9d66c');
INSERT INTO `role_user` VALUES ('037056b92a7c4004a52bb918f218b0f0', 'ce51f896209341e3b73c43c41174d19e', '4bf7feee557c4095bdc2ffcc04b094f1');
INSERT INTO `role_user` VALUES ('0395321e17c84bb283213ed44cdbcaee', 'ce51f896209341e3b73c43c41174d19e', 'e22805d4dd404d0b9bbabbd66a48a037');
INSERT INTO `role_user` VALUES ('03a0d572ecb54c4da0c0bc66be95bcd5', 'ce51f896209341e3b73c43c41174d19e', 'b221e4b48c62480aa7620b2498f42ad1');
INSERT INTO `role_user` VALUES ('0476cc8d3a654d61bfbb6208d03c631f', 'ce51f896209341e3b73c43c41174d19e', 'd3a9f59d12024c5e834757921e3c4e06');
INSERT INTO `role_user` VALUES ('0559c725e62343ee9012a55f829ba3ed', 'ce51f896209341e3b73c43c41174d19e', 'd7dbc7d872eb42918f75d8112e0f4758');
INSERT INTO `role_user` VALUES ('0644b5e019154cd29ca0b56180b4005f', 'ce51f896209341e3b73c43c41174d19e', 'c9a767423e184a649190f055bb3455bb');
INSERT INTO `role_user` VALUES ('06e24fb73e7040599c719425016da3e6', 'ce51f896209341e3b73c43c41174d19e', '0cf130ccf3a047c4aa1246774c68e003');
INSERT INTO `role_user` VALUES ('06ee3c334d004fd59da2df3a7b0b1d72', 'ce51f896209341e3b73c43c41174d19e', '85f4753afa154f4cb4255014b4bdce4c');
INSERT INTO `role_user` VALUES ('06ff3adfa6b544ceb32d38007f5fd7c4', 'ce51f896209341e3b73c43c41174d19e', '058bd011e9f94bfcbba3dde670693588');
INSERT INTO `role_user` VALUES ('0706790e6f554db1bb508e50945c4f94', 'ce51f896209341e3b73c43c41174d19e', '66c62d6f827040b6b1648eb6051a24e8');
INSERT INTO `role_user` VALUES ('077edc5f18c040b2bbf42040b8891122', 'ce51f896209341e3b73c43c41174d19e', '28b579787a9644ca838d7025d8ed3a38');
INSERT INTO `role_user` VALUES ('07bb7b6f908e4c24bf7e5bcf43ce70fe', 'ce51f896209341e3b73c43c41174d19e', 'de49fc1fcae1402f8d371ccc62968626');
INSERT INTO `role_user` VALUES ('082e3f3f72aa4ea2bc451e6aa66ebea5', 'ce51f896209341e3b73c43c41174d19e', '5eaf4d0406294ea19395f9839cbb9d8f');
INSERT INTO `role_user` VALUES ('0867ed086ac94525985b647fec343767', 'ce51f896209341e3b73c43c41174d19e', '9ec5305ecf714064bb0c6e164af1aa1c');
INSERT INTO `role_user` VALUES ('091d6269aaca45fbb140778dae98c3f4', 'ce51f896209341e3b73c43c41174d19e', '9a785e448f514709bae97cb8101d983b');
INSERT INTO `role_user` VALUES ('0a97126202a647c5ba36f008aeec8741', 'ce51f896209341e3b73c43c41174d19e', 'e22c9bf0bf82435d90f2218c95913a1b');
INSERT INTO `role_user` VALUES ('0b31b6373dda43a09ae2536994d9da6b', 'ce51f896209341e3b73c43c41174d19e', 'b85ed299dbc34cd083a012f183305f00');
INSERT INTO `role_user` VALUES ('0c670ac361ea436e8778af54c17d3dbe', 'ce51f896209341e3b73c43c41174d19e', 'd929dbae2a954f6681cce273f28c2029');
INSERT INTO `role_user` VALUES ('0cfe24142d02434abe423978f8adf25e', 'ce51f896209341e3b73c43c41174d19e', '13dce7e644404bd197ce67eb494376bf');
INSERT INTO `role_user` VALUES ('0d5414e0238b43bfa20596a317979908', 'ce51f896209341e3b73c43c41174d19e', '1a47b4d52e3242729c55a1e396294d31');
INSERT INTO `role_user` VALUES ('0dac2ee812d74cffadd24621bcecf2c4', 'ce51f896209341e3b73c43c41174d19e', 'c1d181bb595345afa17a1b7d82edfdce');
INSERT INTO `role_user` VALUES ('0dc92d6572134ffb91de8c870aa9812c', 'ce51f896209341e3b73c43c41174d19e', 'c0638af9388f45e2bcac37aa96783bfd');
INSERT INTO `role_user` VALUES ('0e00cda825844e39a792f90ac95efc28', 'ce51f896209341e3b73c43c41174d19e', '823c22ff7901479e95d55228ebd2c3f6');
INSERT INTO `role_user` VALUES ('0e3f5c80c8174cf39a8f9b065c331b00', 'ce51f896209341e3b73c43c41174d19e', '9487d51bf5404672af5bb603b527a563');
INSERT INTO `role_user` VALUES ('0ed15c00d491419690713615be831e89', 'ce51f896209341e3b73c43c41174d19e', 'bd5bba5a926b4fcab4f291b2b9494be4');
INSERT INTO `role_user` VALUES ('0f464074b15840ec8f963d6a0b558309', 'bc42ac163e0a411b85de427f993fc3bd', 'f0eca1c920d04a78bc330957cf71a5d9');
INSERT INTO `role_user` VALUES ('100d201c781341189190fb506a62886b', 'ce51f896209341e3b73c43c41174d19e', 'eadc45bbe45f4104b2f2cc56db40cead');
INSERT INTO `role_user` VALUES ('106996e7ff5b4d29816e4fdcc341e260', 'ce51f896209341e3b73c43c41174d19e', 'f37ae90f771648f98b004d590aead17c');
INSERT INTO `role_user` VALUES ('11015a55686f48e08069e4873f7294c1', 'ce51f896209341e3b73c43c41174d19e', '72f337f45756428c985d2193c0255232');
INSERT INTO `role_user` VALUES ('118adac065184e3ba7276979a067cfdf', 'ce51f896209341e3b73c43c41174d19e', '0c3f089937a247fca6cd1be297114c80');
INSERT INTO `role_user` VALUES ('11a41e13683a40d2b5030a448fa1863f', 'ce51f896209341e3b73c43c41174d19e', 'cd31fcdaa8db486589035cf50322b959');
INSERT INTO `role_user` VALUES ('12e538949ae74ff3b39241d940e3d52b', 'ce51f896209341e3b73c43c41174d19e', '8d117c3b8eaa45aaa0a81c0821bce075');
INSERT INTO `role_user` VALUES ('12efc71b55e94cef8c3ce230b4aad8b8', 'ce51f896209341e3b73c43c41174d19e', '927adeb2b0e54c31b1e4cd991041e234');
INSERT INTO `role_user` VALUES ('1315c9e5ea994bfe81a2f169cc2b6d0f', 'ce51f896209341e3b73c43c41174d19e', '9183f85ec28c4456b42867a7d19efa62');
INSERT INTO `role_user` VALUES ('1411ed6f8a404db7ad023808ce3eb3b2', 'ce51f896209341e3b73c43c41174d19e', 'b6f96c4866074ad1bbf851b6f1c15fa6');
INSERT INTO `role_user` VALUES ('148fb7934eaf4b93800e933e9baf4c0f', 'ce51f896209341e3b73c43c41174d19e', '759ade9bb0b5491a92f552faf235da93');
INSERT INTO `role_user` VALUES ('153dbdb9bd7b4be5a4eb9616b779b754', 'ce51f896209341e3b73c43c41174d19e', 'b0459d6af76546ebb9630713400432fb');
INSERT INTO `role_user` VALUES ('16384a5d297d45379b796f6484578efd', 'ce51f896209341e3b73c43c41174d19e', '235b7df8b369472196b542d6fcd244ba');
INSERT INTO `role_user` VALUES ('16c7afe02a104fa99b1e30158c3d767c', 'ce51f896209341e3b73c43c41174d19e', 'a415fec225104189909ed20f128d78d8');
INSERT INTO `role_user` VALUES ('174eb45a49e74ab0ba035034934a2699', 'ce51f896209341e3b73c43c41174d19e', '4b1e47c16aca4e919109d0a6a2fd4d9b');
INSERT INTO `role_user` VALUES ('1772b43a52884672a72a6c6a347897e3', 'ce51f896209341e3b73c43c41174d19e', 'b342f8df24574919b612f7e2907b2f4b');
INSERT INTO `role_user` VALUES ('17a317679f2e4bb9b1b8bc6ef99e1319', 'ce51f896209341e3b73c43c41174d19e', '70c393d5d2454010a7381f8cc0b9599e');
INSERT INTO `role_user` VALUES ('17b5308d210c4a5191973b824a078fd6', 'ce51f896209341e3b73c43c41174d19e', '4f3adc4ebbe94e8d8af381d37d1f610e');
INSERT INTO `role_user` VALUES ('17be9c17007f4aba8664f2b2d73dbaf3', 'ce51f896209341e3b73c43c41174d19e', '154492e773a84d0884f0ded2c9bb31a3');
INSERT INTO `role_user` VALUES ('18181f780bf44d0c98bbe60c0b526662', 'ce51f896209341e3b73c43c41174d19e', 'f56d1627d684406f9b39c7e96e706ce2');
INSERT INTO `role_user` VALUES ('18190bb9e9a448c1ad634602178b866c', 'ce51f896209341e3b73c43c41174d19e', '2f2f74ff3b3645a09e3062dd4b4f9b79');
INSERT INTO `role_user` VALUES ('184888da03704e96b2698bc1e897eab4', 'ce51f896209341e3b73c43c41174d19e', '09c612bcff0d4b6e9b9785378df1d613');
INSERT INTO `role_user` VALUES ('1881d72d40a7436e8c18580d4b92dd4c', 'ce51f896209341e3b73c43c41174d19e', '3a461d8904e2429f833b5db643939dc1');
INSERT INTO `role_user` VALUES ('194043361a5b4a52948431383ae8bd9e', 'ce51f896209341e3b73c43c41174d19e', '77f1a70c4a1343f98499dfa64d199226');
INSERT INTO `role_user` VALUES ('19b34079d8584a4684506549c6418027', 'ce51f896209341e3b73c43c41174d19e', '35f68b9871624bd990e552bdc99231df');
INSERT INTO `role_user` VALUES ('1b316bb7d1a9438fb93f42ae30d965ae', 'ce51f896209341e3b73c43c41174d19e', '63b8931defa743668388599ea35341fd');
INSERT INTO `role_user` VALUES ('1b329003426447f190af77055fe827c9', 'ce51f896209341e3b73c43c41174d19e', 'ea30ad9630b7465cbe15fd17288b35cc');
INSERT INTO `role_user` VALUES ('1b5fcaef1bda4599b78cf3a48801879d', 'ce51f896209341e3b73c43c41174d19e', '88294196507c4711be6c1aeedd1acf4f');
INSERT INTO `role_user` VALUES ('1bcef86bedf84a00b853871e8abdebd3', 'ce51f896209341e3b73c43c41174d19e', 'e17e5e4f02fe4b6c9db516b2e16c4df5');
INSERT INTO `role_user` VALUES ('1bf80d6b680846b3ba10a172b26575da', 'ce51f896209341e3b73c43c41174d19e', '65ddca56b12b454b9bdf4dfad0ab1b91');
INSERT INTO `role_user` VALUES ('1ca50c1e9cdc4fc2b642944f3af676da', 'ce51f896209341e3b73c43c41174d19e', '438f805356cf4253b192b72306c45c7a');
INSERT INTO `role_user` VALUES ('1cc326d37f2547efa2ff8e206a5a09e5', 'ce51f896209341e3b73c43c41174d19e', 'fac8a4e2f09340618a0cb518dbc989a3');
INSERT INTO `role_user` VALUES ('1d7da571395343a0901f00ae6f6c6082', 'ce51f896209341e3b73c43c41174d19e', '61e3413879284c87a2ab499a078a44fd');
INSERT INTO `role_user` VALUES ('1e13c4eda4eb4efa9ddb5f64fc40a71b', 'ce51f896209341e3b73c43c41174d19e', '471cf970af4b4b3eabca2ced60c4dcf5');
INSERT INTO `role_user` VALUES ('1e43199311a448df9e0f4d85d3623aa7', 'ce51f896209341e3b73c43c41174d19e', '91677998b0b24f1c8e6f30387bc6ad26');
INSERT INTO `role_user` VALUES ('1ea63b23ba4143f486d15c827e7af82c', 'ce51f896209341e3b73c43c41174d19e', 'e29a4ff3b5f44ffa987b3ab7cb515e38');
INSERT INTO `role_user` VALUES ('1f937775f3604084b7dcb6c5d4eaa8a1', 'ce51f896209341e3b73c43c41174d19e', '12dd64f4cbb841c9a71d69cbb555097f');
INSERT INTO `role_user` VALUES ('1fdce1e924024a1d843993af5b60fe0f', 'ce51f896209341e3b73c43c41174d19e', '3562950982a04b9fa9edbab2ecf02996');
INSERT INTO `role_user` VALUES ('2051190dc2a74a4985f7b3b4f7342b31', 'ce51f896209341e3b73c43c41174d19e', 'f5ecbc2283d34e7588bb831a276f5db9');
INSERT INTO `role_user` VALUES ('20ef97c9e07e458bb18be55b76f23bac', 'ce51f896209341e3b73c43c41174d19e', '9187fab2df54438185dd3c388eb76910');
INSERT INTO `role_user` VALUES ('210ce932e8ec489b98d84545dc11cbde', 'ce51f896209341e3b73c43c41174d19e', '58fc814b001c416d8d16b4c16e430d7d');
INSERT INTO `role_user` VALUES ('2135a650bb3e45b3989c9403b7e2daa7', 'ce51f896209341e3b73c43c41174d19e', '9c0b956981934393be0a338a87d4c0be');
INSERT INTO `role_user` VALUES ('21d3a6fbf0ae4b04b6cd735de2596e9e', 'ce51f896209341e3b73c43c41174d19e', '82ab96a71a8843bdb4ab44edce9bd46c');
INSERT INTO `role_user` VALUES ('2216a2a0df574933a8bd8d6723b72bfd', 'ce51f896209341e3b73c43c41174d19e', '86bf9b1796e74268bab6d964d816b4e0');
INSERT INTO `role_user` VALUES ('22350a79cdba4f8cace6721b07a31b6b', 'ce51f896209341e3b73c43c41174d19e', '82e422ee4caa4dd6a3e08528de2ea1c5');
INSERT INTO `role_user` VALUES ('23a1cd98e1ef43e0972d807ef4f303ef', 'ce51f896209341e3b73c43c41174d19e', '03989c9314714fcd8be50208b3f6a715');
INSERT INTO `role_user` VALUES ('24712bab70414c9b90f926863aa63726', 'ce51f896209341e3b73c43c41174d19e', 'ec0da29557a04f948063716e7fa46814');
INSERT INTO `role_user` VALUES ('24a41fb4e903459aba032a8cb48b42eb', 'ce51f896209341e3b73c43c41174d19e', '152ae310c4f64532a28a1885f2751c07');
INSERT INTO `role_user` VALUES ('2500c91e7e7a47dd9f243dd6035ad834', 'ce51f896209341e3b73c43c41174d19e', 'b8c866aa53514839bbdb005f1a50676c');
INSERT INTO `role_user` VALUES ('268a5613d28e41609a0e011a3f457ced', 'ce51f896209341e3b73c43c41174d19e', '780a0b8cb51b442aae51ad0f49629d4f');
INSERT INTO `role_user` VALUES ('270aba03da0c430181897d42f9f4c5b5', 'ce51f896209341e3b73c43c41174d19e', '40335c6c8e0c4d6e995c3922155cb1e0');
INSERT INTO `role_user` VALUES ('275a1b8c1d25449f88a8bc5cec9ac127', 'ce51f896209341e3b73c43c41174d19e', '994de0ff62b84bfbb50fbe538bea0c49');
INSERT INTO `role_user` VALUES ('27738617f66d4d899b0f0bf1b8da624b', 'ce51f896209341e3b73c43c41174d19e', '30a08584558f42fca926b3f589b67e87');
INSERT INTO `role_user` VALUES ('2778efa7a810477b8ad9c1e10bda5939', 'ce51f896209341e3b73c43c41174d19e', '150f8c9d18654162ba62d0185b9126a0');
INSERT INTO `role_user` VALUES ('27839df128254438a5572bf360cafbbc', 'ce51f896209341e3b73c43c41174d19e', '7e17d67d47394eb08b68f236da5fb804');
INSERT INTO `role_user` VALUES ('28732c51ac3945d0bb95db6ffc3d2ee9', 'ce51f896209341e3b73c43c41174d19e', 'a2fc79ac8ab54b61b2ff467ceedcbe6f');
INSERT INTO `role_user` VALUES ('288b248af3824d289fb8fc3398be84c6', 'ce51f896209341e3b73c43c41174d19e', 'cec5b22031d34101902498deba3347c7');
INSERT INTO `role_user` VALUES ('28998c4a09b544fbbbed65bfac2d6331', 'ce51f896209341e3b73c43c41174d19e', 'f645d3e12b364d0381249a9d6d088181');
INSERT INTO `role_user` VALUES ('28d7dbf4aebd49babb2749bb014bdfc4', 'ce51f896209341e3b73c43c41174d19e', '16e7f4d81dc24644b522d4c5a541fc9d');
INSERT INTO `role_user` VALUES ('2918aeb60b324620858415be8e7ec0f5', 'ce51f896209341e3b73c43c41174d19e', '3c8a03b838954ce5a05b3b109a4918f1');
INSERT INTO `role_user` VALUES ('2a2d8864e4f64752a68a361f4abf28ad', 'ce51f896209341e3b73c43c41174d19e', '1fdbef2120124d04a92854690f589a19');
INSERT INTO `role_user` VALUES ('2ae427fc6be64ecaab152737494016ec', 'ce51f896209341e3b73c43c41174d19e', 'fb062d51a7b8433eb48cf9e34ebb5812');
INSERT INTO `role_user` VALUES ('2b940479c6d64df1be7b248095f1c487', 'ce51f896209341e3b73c43c41174d19e', 'ea3dfd7476394d858077ee3cf693099e');
INSERT INTO `role_user` VALUES ('2c4fc371f06a4cf19b01c7a56a7047b7', 'ce51f896209341e3b73c43c41174d19e', '2e1d1a6c160f479a9cf1522e31840835');
INSERT INTO `role_user` VALUES ('2cd65568c36f44d99d7b195595f2219c', 'ce51f896209341e3b73c43c41174d19e', '9c26fbfc34064b518e64cda9c2b0614f');
INSERT INTO `role_user` VALUES ('2d0dfadd3dad47e4aee97b6926afb928', 'ce51f896209341e3b73c43c41174d19e', '105c8a68fd754e5e8f55c777c4aae192');
INSERT INTO `role_user` VALUES ('2d3df5caf2de4d11abce71572619cdd0', 'ce51f896209341e3b73c43c41174d19e', 'f4697e3246c54e4dbbae628f7dfb03a8');
INSERT INTO `role_user` VALUES ('2d431c15405b41d1ae62236e3ae2c293', 'ce51f896209341e3b73c43c41174d19e', '93af510e01e04d83b6a1b86cae2d3a78');
INSERT INTO `role_user` VALUES ('2d96d6523b7d40799244467fcbc58c19', 'ce51f896209341e3b73c43c41174d19e', 'b7b232fd1f1e4106bb4d99d7e795f002');
INSERT INTO `role_user` VALUES ('2d9b228c21a8427fb01f260ef7f7adb7', 'ce51f896209341e3b73c43c41174d19e', '67b39f3ca0764133add6f56abd1c1cae');
INSERT INTO `role_user` VALUES ('2dec79bb1a05491b879d6d3c1d107493', 'ce51f896209341e3b73c43c41174d19e', 'b2ae4531a1484461bedf823c61bf74bd');
INSERT INTO `role_user` VALUES ('2e8040c6c79d4e99ab7214a3f1b9fc19', 'ce51f896209341e3b73c43c41174d19e', 'dbfdc7d8502149fea09354581f2160d4');
INSERT INTO `role_user` VALUES ('2f77babccf774498bcf283d1579b0246', 'ce51f896209341e3b73c43c41174d19e', '198b684372e84319a73cd6fce10a8559');
INSERT INTO `role_user` VALUES ('2fb92f97c5d14016a0e91a0dcdb3541b', 'ce51f896209341e3b73c43c41174d19e', '42f69c7555fd470fac0681d26762c28d');
INSERT INTO `role_user` VALUES ('30769e66e7fb4b1183a6c7b89564a6b1', 'ce51f896209341e3b73c43c41174d19e', '9c59c5ea313944a5aff32bcd1460846f');
INSERT INTO `role_user` VALUES ('31343fc70937420baccedb1978529d4d', 'ce51f896209341e3b73c43c41174d19e', '31d0704f45284a96ad0edf4302f38038');
INSERT INTO `role_user` VALUES ('31c4da1aa2d242d0b4f197c8dc2c7557', 'ce51f896209341e3b73c43c41174d19e', 'c4dca0d57bbf4290842c202d93270944');
INSERT INTO `role_user` VALUES ('32d9b59f079c43c1aa507b1b9208da93', 'ce51f896209341e3b73c43c41174d19e', '1b3a84fb5e3f4a09bc686a7282ba41bd');
INSERT INTO `role_user` VALUES ('32f93d14cf8e4b4484bc1ff550acaae6', 'ce51f896209341e3b73c43c41174d19e', '7a1465c8b4bf4932b8b8a58ae9446d13');
INSERT INTO `role_user` VALUES ('340d579ba7dd47b6999fea30a7334a6e', 'ce51f896209341e3b73c43c41174d19e', '3b5696847388435ab73b6fe51b2b3c05');
INSERT INTO `role_user` VALUES ('3502592d32b0495495530ddcf2dd6bb7', 'ce51f896209341e3b73c43c41174d19e', 'a45e6958da5347d4bf4e5c01ea809ce6');
INSERT INTO `role_user` VALUES ('35455f6f33364461aa7424cfb75082c4', 'ce51f896209341e3b73c43c41174d19e', '2f8532a61fbc42f39d5a0549ee6e13ad');
INSERT INTO `role_user` VALUES ('3551edfcbe74403a87514474a3c5dc76', 'ce51f896209341e3b73c43c41174d19e', '44af998d4f1c49bc9f9c799fc84a6c00');
INSERT INTO `role_user` VALUES ('356b803a2efa47888eaa93bd4ea1127f', 'ce51f896209341e3b73c43c41174d19e', '5d9efb709fb94f539c3b27292e508291');
INSERT INTO `role_user` VALUES ('35dc0cca79d44c319404d0345efc16fc', 'ce51f896209341e3b73c43c41174d19e', '56d68e8041e64957a799d908da8f47c0');
INSERT INTO `role_user` VALUES ('37918139bc9a42a395acf65360c559b1', 'ce51f896209341e3b73c43c41174d19e', '4abcd8244c7246b1ab28b71038adc9a1');
INSERT INTO `role_user` VALUES ('3798cda9edae4e908dd294da3f926868', 'ce51f896209341e3b73c43c41174d19e', '6c6e12e7aa1d43e49345718b20201aeb');
INSERT INTO `role_user` VALUES ('382da9f477bd4ecd806fa99fecb3e1ca', 'ce51f896209341e3b73c43c41174d19e', '31ce12dc138f403a9bd4696c1b4b5fbc');
INSERT INTO `role_user` VALUES ('38622f3db63d413ebdd2167f265fa44b', 'ce51f896209341e3b73c43c41174d19e', 'c4448ba0954c41baaf58c28e1ce7b88f');
INSERT INTO `role_user` VALUES ('388f3435683a4514b710c7b82f26ae3d', 'ce51f896209341e3b73c43c41174d19e', 'a621ae30c4e44873b5571eb6bdaf8ce7');
INSERT INTO `role_user` VALUES ('38a682f3a028402497faf0247142792c', 'ce51f896209341e3b73c43c41174d19e', '4441a713c5e24f1f8e59d23028ddb12f');
INSERT INTO `role_user` VALUES ('38dbd7bd557d4eeabee578d253083947', 'ce51f896209341e3b73c43c41174d19e', '2f6c9d8aa10d4a818098d8986dbd4de6');
INSERT INTO `role_user` VALUES ('3980f04a845f461d9230c90b860cd97e', 'ce51f896209341e3b73c43c41174d19e', 'f1e5ad79bcf74b3fa48c1e577840df5f');
INSERT INTO `role_user` VALUES ('399e405ff5e24d5ba423525240d24087', 'e7579b7a56554ca2bac59e3cc2aa6d28', '4b1e47c16aca4e919109d0a6a2fd4d9b');
INSERT INTO `role_user` VALUES ('39b6c2fb714646bbaf2fa94725708c85', 'ce51f896209341e3b73c43c41174d19e', '21ceaa5b311e4ef1adf574136ab080b6');
INSERT INTO `role_user` VALUES ('39c82eb4e8b248e1b7355f9e7dc00dc2', 'ce51f896209341e3b73c43c41174d19e', '5b8c1f5bcd5445c49715748aac5c7242');
INSERT INTO `role_user` VALUES ('39e23b9599be48e995a51164ab3f072f', 'ce51f896209341e3b73c43c41174d19e', '37b9b988dded46268104bedf996d145c');
INSERT INTO `role_user` VALUES ('3af6afdf0e414145a1288f4eb1c09342', 'ce51f896209341e3b73c43c41174d19e', '5b0c7e5b75244de9ac1c1b61cb697b40');
INSERT INTO `role_user` VALUES ('3b0bd24bf83e48ba89089926f6e65891', 'ce51f896209341e3b73c43c41174d19e', '76c397d5695d425396e2280b9133a7f4');
INSERT INTO `role_user` VALUES ('3b67b4b360e64126a593d5bf06e0d0d9', 'ce51f896209341e3b73c43c41174d19e', '491c72a0899e44cf865e02355671f148');
INSERT INTO `role_user` VALUES ('3b75a0a026344622b1fe11d207276d61', 'ce51f896209341e3b73c43c41174d19e', '2c49611b9e9b4e8d8bf8b27d4b21f352');
INSERT INTO `role_user` VALUES ('3be08228079b466bbc1b85dc99ea6688', 'ce51f896209341e3b73c43c41174d19e', '0784003b3d1b47faadf839038c4e2c6e');
INSERT INTO `role_user` VALUES ('3bf8520962aa4bbdb302ac35532863f4', 'ce51f896209341e3b73c43c41174d19e', '67726193cca64a9bb8b3d6fbc7630026');
INSERT INTO `role_user` VALUES ('3c37816b336548edab22ae7a7f86d7b1', 'ce51f896209341e3b73c43c41174d19e', '8b4541ee6b1a40878228241bcdfc1b36');
INSERT INTO `role_user` VALUES ('3c3ee3566c52455aa2dddda733de35a6', 'ce51f896209341e3b73c43c41174d19e', '9cbe1536e9284062a3ae0d2435f386e4');
INSERT INTO `role_user` VALUES ('3cded892cc89433bbf794605beaece5a', 'ce51f896209341e3b73c43c41174d19e', '76d657d66818419687ed61ccf5d5e5b1');
INSERT INTO `role_user` VALUES ('3d0d1dfb78bb49afb06b187743fa0ff6', 'ce51f896209341e3b73c43c41174d19e', '2fd44a17b346479097e53a6b23fc9fd7');
INSERT INTO `role_user` VALUES ('3e16085313c04b6890469dc019c25005', 'ce51f896209341e3b73c43c41174d19e', '00d78b24b9554ab5a9fc3cbf2c34c122');
INSERT INTO `role_user` VALUES ('3eb0a58792484d94a1aef7804c0fd9a0', 'ce51f896209341e3b73c43c41174d19e', '38bf82a6cf114671a2ae28b8145025a8');
INSERT INTO `role_user` VALUES ('3ecf733e7a4f411fbfa910e075092f5e', 'ce51f896209341e3b73c43c41174d19e', 'fe3f6fdb3d9641e49024dd3034c11d5c');
INSERT INTO `role_user` VALUES ('3f3998b1fed948999ea6704c0a6fc263', 'ce51f896209341e3b73c43c41174d19e', '32c69bdcfc6547c98d43b4840a0f510e');
INSERT INTO `role_user` VALUES ('3fac870057cb492c97268cfebfc3f4d4', 'ce51f896209341e3b73c43c41174d19e', 'ccd92ad628b5434a9bc47ac84397804a');
INSERT INTO `role_user` VALUES ('3fea962a5728473ba5070598c29d95d6', 'ce51f896209341e3b73c43c41174d19e', 'e6e69ad33dae47dfa5d1206bcfcd1604');
INSERT INTO `role_user` VALUES ('4031de38e99c44fa90e997feb1ab738a', 'ce51f896209341e3b73c43c41174d19e', '32b40b6937d74e9fa9de14a20a036789');
INSERT INTO `role_user` VALUES ('411607df00e744d5b90987b5eb8427f7', 'ce51f896209341e3b73c43c41174d19e', 'c3e8c52e214842968a441de2cbd52f61');
INSERT INTO `role_user` VALUES ('4128ec0163a44aa393be7b974715dacc', 'ce51f896209341e3b73c43c41174d19e', '81ed14eddd88493db797473034842a4a');
INSERT INTO `role_user` VALUES ('41356610d19f4f4dbabc818c3fa37857', 'ce51f896209341e3b73c43c41174d19e', 'd1f5fa6119b4430fbd993d0a3e0861bb');
INSERT INTO `role_user` VALUES ('4224cb542da04b08b092a5395ce2fbe9', 'ce51f896209341e3b73c43c41174d19e', 'f20970f736b54369b129485d40fd0bc0');
INSERT INTO `role_user` VALUES ('42718f0d17f14d449a829bfa35a92bb3', 'ce51f896209341e3b73c43c41174d19e', '366d48558739470abfa0526f7a0c76dd');
INSERT INTO `role_user` VALUES ('4276b755749d47a19e9cf6c0d61a15cc', 'ce51f896209341e3b73c43c41174d19e', 'a09e5649b9ff461bafeb6398466f48fe');
INSERT INTO `role_user` VALUES ('42cbcc0dfe6a48c5bd2dbdc6cafcf061', 'ce51f896209341e3b73c43c41174d19e', '211da4c2e6c1493687e5f4812c34f2fd');
INSERT INTO `role_user` VALUES ('43100c9431304403971263ee253310ec', 'ce51f896209341e3b73c43c41174d19e', '6c33bc7714fd4494af16f9497f750a37');
INSERT INTO `role_user` VALUES ('436e2842a8374b1099de175c382c9bb0', 'ce51f896209341e3b73c43c41174d19e', 'ccbce7eaf5a84fa6ad2470bcd1355545');
INSERT INTO `role_user` VALUES ('44ef0dd892c54b10bed8779ec2162f2f', 'ce51f896209341e3b73c43c41174d19e', '8f79754111254ae8bec31138a5f1f03b');
INSERT INTO `role_user` VALUES ('44f6d9cd46244dc09e7e4fb7c5e1cade', 'ce51f896209341e3b73c43c41174d19e', '466f55ecfbc8433c80bc5fb29c6b1006');
INSERT INTO `role_user` VALUES ('45b1f0937be04acb96163551f8009174', 'ce51f896209341e3b73c43c41174d19e', '55f47668beb54d3fb9cc507d508a0d87');
INSERT INTO `role_user` VALUES ('464833fa12f84c249fe0e386e55a1b6a', 'ce51f896209341e3b73c43c41174d19e', '8d6ee1b0c16d4375939d06dbbcf2f065');
INSERT INTO `role_user` VALUES ('46597ce972e945fb9041bbcbf07619d3', 'ce51f896209341e3b73c43c41174d19e', '8840b9066a594db4afef7805330d66a6');
INSERT INTO `role_user` VALUES ('46ffe66ffe38419fa62e2db734ec0407', 'ce51f896209341e3b73c43c41174d19e', 'cdcdb277406e4ebeb2e48acfe3ede94d');
INSERT INTO `role_user` VALUES ('47477d525af443fa838e1f9273e08155', 'ce51f896209341e3b73c43c41174d19e', 'f33fe4d0cad04de4be3ef3e8d4b4cf86');
INSERT INTO `role_user` VALUES ('4750b083b20248869714172b580a4953', 'ce51f896209341e3b73c43c41174d19e', 'dc4fc94626914654b4a641dd731385c9');
INSERT INTO `role_user` VALUES ('4770738a67d946b4815a77b4ffcdced1', 'ce51f896209341e3b73c43c41174d19e', '5026245a68664301b15847ca217dafdd');
INSERT INTO `role_user` VALUES ('478279751c9f474a831b542696e91a33', 'ce51f896209341e3b73c43c41174d19e', 'c5d35bf33ea847dd855696677e7ad921');
INSERT INTO `role_user` VALUES ('4791eaee72504f44a4b84a4606fdf964', 'ce51f896209341e3b73c43c41174d19e', '8115532c5bff459292d7d970b4af750f');
INSERT INTO `role_user` VALUES ('47a6bb0681f340cf966325534ad6892a', 'ce51f896209341e3b73c43c41174d19e', '32a55c96331649ababcb04d7f61b66a3');
INSERT INTO `role_user` VALUES ('47b9674d4c314a48bf72844951521e4e', 'ce51f896209341e3b73c43c41174d19e', '579b2d25047d40688ee6db45ff79f7a9');
INSERT INTO `role_user` VALUES ('47c0933a955f4180be22629372b0dcb5', 'ce51f896209341e3b73c43c41174d19e', '6261b5b5270147f58ff8e9e2c36c7b10');
INSERT INTO `role_user` VALUES ('49293246a8b04dfaa8e2f0443110e09b', 'ce51f896209341e3b73c43c41174d19e', 'c4749e3b26b24aaf846cdbd076f6e9e9');
INSERT INTO `role_user` VALUES ('4943caf6299d4dc3a5bb6b78dcc15223', 'ce51f896209341e3b73c43c41174d19e', 'a491267d19a147b2ae65fa42c457e0e5');
INSERT INTO `role_user` VALUES ('49c0ffe55e064a49ad72c0b76bdfac04', 'ce51f896209341e3b73c43c41174d19e', 'eb7fad8381e943afbd6bc273e06b4ae6');
INSERT INTO `role_user` VALUES ('4a66815893204846a24678c65a810402', 'ce51f896209341e3b73c43c41174d19e', 'af966a187ae143edab9696e17ddea040');
INSERT INTO `role_user` VALUES ('4adee9dd2c4044b182dcb4af64049ae4', 'ce51f896209341e3b73c43c41174d19e', 'ce75ee1ed93941eb8d23a48efe585c99');
INSERT INTO `role_user` VALUES ('4b1b78a3ffa24186aa0ae7badd4ae132', 'ce51f896209341e3b73c43c41174d19e', '939960253ee7410386d1afe8fe031368');
INSERT INTO `role_user` VALUES ('4b90964e2590436fa51fde2f7fa24c8f', 'ce51f896209341e3b73c43c41174d19e', '64c985b094f145eca30c0a7a2e92380a');
INSERT INTO `role_user` VALUES ('4b90d04e64114d9eaf1859ed5bd2d52e', 'ce51f896209341e3b73c43c41174d19e', '5bc23557979b4cafbcca1896cf775171');
INSERT INTO `role_user` VALUES ('4b95487524244d50800111e2fbb7557a', 'ce51f896209341e3b73c43c41174d19e', 'c949ed23514a42a5916dc13aeac4f33d');
INSERT INTO `role_user` VALUES ('4b9932f79f464d31871ae40a0aceeeaf', 'ce51f896209341e3b73c43c41174d19e', '70a2bccb98a74437b3440968e3578093');
INSERT INTO `role_user` VALUES ('4c29fa5166bb4b19a0a7c93580cbcfc4', 'ce51f896209341e3b73c43c41174d19e', '496178156fec4f2aa2df070bb633fb02');
INSERT INTO `role_user` VALUES ('4c59f2bfac07410d973c597868f93379', 'ce51f896209341e3b73c43c41174d19e', '5bc9598873354d96a1b285524bab356d');
INSERT INTO `role_user` VALUES ('4ec39dfc542340e7a9c0a3e54ed5ac7c', 'ce51f896209341e3b73c43c41174d19e', 'f20df1c25b644c00ba96290cbdc2ebe7');
INSERT INTO `role_user` VALUES ('4ef897ff31ef4685b535966e9d57561f', 'ce51f896209341e3b73c43c41174d19e', '6d38ab1713b14b5e8fa16eac48028b47');
INSERT INTO `role_user` VALUES ('4fd1acc816ec4f938ec4dc33f7725cf3', 'ce51f896209341e3b73c43c41174d19e', '333097d947a245c1bb2da35f54a7bea5');
INSERT INTO `role_user` VALUES ('4ff5db2663e144a6821d5c502efd566f', 'ce51f896209341e3b73c43c41174d19e', 'd584b691569f41f48be529426c49e8be');
INSERT INTO `role_user` VALUES ('500ab772f20e470f8b72b1d91b8125db', 'ce51f896209341e3b73c43c41174d19e', 'f716fbe406964b85a23f40b8f9c3b05b');
INSERT INTO `role_user` VALUES ('50541993019a456b86f59ec7d1395fa6', 'ce51f896209341e3b73c43c41174d19e', 'aa9af4fc7a194d38ad570d759ae307fb');
INSERT INTO `role_user` VALUES ('517bd65256144d059388828772366ba9', 'ce51f896209341e3b73c43c41174d19e', '565ac11128ce4a08a379950b60fa0ff4');
INSERT INTO `role_user` VALUES ('51eed99ef1094dd39cfc918144e2f700', 'ce51f896209341e3b73c43c41174d19e', '757e4a3ffe434132a45495e5ac906e5c');
INSERT INTO `role_user` VALUES ('52562a5597fd4b0f896eb9e91145069b', 'ce51f896209341e3b73c43c41174d19e', '1bcc93225f694c97b61eba9f5d0c39cf');
INSERT INTO `role_user` VALUES ('534e0a90c3ed4e84b1eb03240568f882', 'ce51f896209341e3b73c43c41174d19e', '85c8593ad0e14316b87ff3964a0bd15e');
INSERT INTO `role_user` VALUES ('536f91061fa14d42850fc89073bb3036', 'ce51f896209341e3b73c43c41174d19e', 'dffb9dc64c38430f9880d88da7ffc57d');
INSERT INTO `role_user` VALUES ('54b88805423f41d8898bc55b40288afc', 'ce51f896209341e3b73c43c41174d19e', 'ff2bf552cb374b4c9c78857d4ec1ae83');
INSERT INTO `role_user` VALUES ('550b35f792784d93a76a11e637c42e8b', 'ce51f896209341e3b73c43c41174d19e', '3a3ee5663cbe4a44b9f9ab26d139e7c6');
INSERT INTO `role_user` VALUES ('55714d8822184a82b0b33ef53f6bc214', 'ce51f896209341e3b73c43c41174d19e', '8f0a90b93e0e428c83d5d10ca5451f2d');
INSERT INTO `role_user` VALUES ('5597bd363ed64861a7b8d8845d6c3dd1', 'ce51f896209341e3b73c43c41174d19e', 'bf4d250a158340d884b047235b372469');
INSERT INTO `role_user` VALUES ('565ab48de44240a29e69839ad5869e7d', 'ce51f896209341e3b73c43c41174d19e', '15a1118814a34714ae3fb44f44ce445c');
INSERT INTO `role_user` VALUES ('56e2dbb974db40c88d7619f49315fbf1', 'ce51f896209341e3b73c43c41174d19e', 'a999426824724ba2935debed231eefde');
INSERT INTO `role_user` VALUES ('57479801ae644cb1a9f5d8880ad50d92', 'ce51f896209341e3b73c43c41174d19e', '2c87c264125744e58c7b080d7d20c3f9');
INSERT INTO `role_user` VALUES ('5763dc3b38a2498ab1d56b48f513f74a', 'ce51f896209341e3b73c43c41174d19e', '5aa67b57c7234a3c8101d28824b14525');
INSERT INTO `role_user` VALUES ('585a922b94cc474f96a2ee3e201182b9', 'ce51f896209341e3b73c43c41174d19e', '631d4e8077fb4665b42fcadeb4e434e0');
INSERT INTO `role_user` VALUES ('587737fdffe247d794ae1be02a98bbbf', 'ce51f896209341e3b73c43c41174d19e', '6c41871c5b9f4b36a3cc211789ef8f2b');
INSERT INTO `role_user` VALUES ('59060244e2ae482ab204826eb7c48cbd', 'ce51f896209341e3b73c43c41174d19e', 'b89453b37e5b40908517fdd771424fe0');
INSERT INTO `role_user` VALUES ('59adba22a7e84900826586a181c0fe90', 'ce51f896209341e3b73c43c41174d19e', '02ae5c19d7ba48779baa9d217604425b');
INSERT INTO `role_user` VALUES ('5a54f5b622d7463fbeabadc634bddafb', 'ce51f896209341e3b73c43c41174d19e', '6932ae96f16c4e4691b1d779e4a3635e');
INSERT INTO `role_user` VALUES ('5ac21bb7bdb14cb385de3fb809db0194', 'ce51f896209341e3b73c43c41174d19e', '91f7e31d68444d9f8a52dcec65368b96');
INSERT INTO `role_user` VALUES ('5ac22c67a82c418f97ceafd45aa136c1', 'ce51f896209341e3b73c43c41174d19e', '62c2636f39fe4cc8be3e2c9c5e8bbc2d');
INSERT INTO `role_user` VALUES ('5acd5851f38944ad8fa9b16a970aff79', 'ce51f896209341e3b73c43c41174d19e', '4ed35730f7bb48179a596a9c253fb957');
INSERT INTO `role_user` VALUES ('5addaf6475714d259a3066083a0434dc', 'ce51f896209341e3b73c43c41174d19e', '437a05239f8240c0af226898ddc78143');
INSERT INTO `role_user` VALUES ('5b84ba3c92dc4105a144cd1dab71ca6e', 'ce51f896209341e3b73c43c41174d19e', 'b5d8cbf362114a3e89fce14351d820df');
INSERT INTO `role_user` VALUES ('5ddbf8a33d434f16a9f6b7327367d4c3', 'ce51f896209341e3b73c43c41174d19e', 'bf19448a98e74ce28f96b5b1781ab3b1');
INSERT INTO `role_user` VALUES ('5e957696f887468e88616f9a6285b439', 'ce51f896209341e3b73c43c41174d19e', '8366897e445e41eaa4c6fe4c018243ab');
INSERT INTO `role_user` VALUES ('5ed0390610b94a62a059002ce4683c6f', 'ce51f896209341e3b73c43c41174d19e', '44a8835ff6c644efbd5b579d83d818a8');
INSERT INTO `role_user` VALUES ('60177d76a5de4c4cb6c5767fffb953e8', 'ce51f896209341e3b73c43c41174d19e', 'd7e3b1f9e4e949708c6522affe810f5c');
INSERT INTO `role_user` VALUES ('6047c0b3908d4b8fb5bedfc4e8a8a77a', 'ce51f896209341e3b73c43c41174d19e', 'ce62194ca1324b69b60b7a620a54c3d9');
INSERT INTO `role_user` VALUES ('60d78aefac2c4be0be534a76ba89d546', 'ce51f896209341e3b73c43c41174d19e', '931e15e1e3874de095fb5b5b1fb00250');
INSERT INTO `role_user` VALUES ('610d324eed244fcfa29954b992aaa4d9', 'ce51f896209341e3b73c43c41174d19e', '303b5b11350246f6b0a4dca68a08f60f');
INSERT INTO `role_user` VALUES ('617be21e4f644ac3ba49bec3225b1f76', 'ce51f896209341e3b73c43c41174d19e', 'cdb9424e53d44dd2bdc655f8c1172e31');
INSERT INTO `role_user` VALUES ('62b6f0bfcd5e4691ad262f5aa5025618', 'ce51f896209341e3b73c43c41174d19e', 'b389330abdb8488b9dbe7e7cab9341c2');
INSERT INTO `role_user` VALUES ('630f1593d9bc4fceb6694129adaf59a9', 'ce51f896209341e3b73c43c41174d19e', '2643dd1d0a2544b7a6102cdeaa64677c');
INSERT INTO `role_user` VALUES ('639e34bb93194945aa74787090b5f8bf', 'ce51f896209341e3b73c43c41174d19e', '4231773c87474fcf8f5139fb317fc509');
INSERT INTO `role_user` VALUES ('63cf47f393104c2ea948eb1f6e2289cd', 'ce51f896209341e3b73c43c41174d19e', '022a132a325845459957732a25085712');
INSERT INTO `role_user` VALUES ('64ce0bf6448e40e38f9b384f5cebedf6', 'ce51f896209341e3b73c43c41174d19e', '4345175df7ff4c51a243a88f0fc4fd9c');
INSERT INTO `role_user` VALUES ('655df0d839494d859d4a8357b60e57de', 'ce51f896209341e3b73c43c41174d19e', '195c863fd9e245678b7434902930ead2');
INSERT INTO `role_user` VALUES ('6611bb32e2a744deb7d7e411dbb845dc', 'ce51f896209341e3b73c43c41174d19e', '75e9906f81814639b4d8e393a9c8655c');
INSERT INTO `role_user` VALUES ('67073db56c384b26960858be36fdc06c', 'ce51f896209341e3b73c43c41174d19e', '9e8257a519574249a6ba77577e5ffd3b');
INSERT INTO `role_user` VALUES ('67566560fba94002ba622f9ce11238d4', 'ce51f896209341e3b73c43c41174d19e', 'b03182ff15be4e84a96eac259007d652');
INSERT INTO `role_user` VALUES ('67e00f60648148dba6bf524871ef67bb', 'ce51f896209341e3b73c43c41174d19e', '8d6ca1b512d541b3afab36b3df43fa59');
INSERT INTO `role_user` VALUES ('69517d10a087426e9fae771389be815b', 'ce51f896209341e3b73c43c41174d19e', '1aa2646e5ce94c6a855b2c303c51eee7');
INSERT INTO `role_user` VALUES ('696b9506324341f68c5bd71f1f57b068', 'ce51f896209341e3b73c43c41174d19e', '5bbd0c00ac174b598ed6bd1eecc68d8d');
INSERT INTO `role_user` VALUES ('6972a1129a024268950628da3842a4dd', 'ce51f896209341e3b73c43c41174d19e', 'ae71083c10d84081a63bfe7a7d560437');
INSERT INTO `role_user` VALUES ('69d1fdc2c97a45eb8bf2c81c7036dca7', 'ce51f896209341e3b73c43c41174d19e', '3c90780b16f74a458b00a40166e61998');
INSERT INTO `role_user` VALUES ('69dae48053b74652813ff607e1758157', 'ce51f896209341e3b73c43c41174d19e', '03231a74edc4450491c24b3bda70a34f');
INSERT INTO `role_user` VALUES ('69ed9b1131a34e29aa323535cfe6a3a9', 'ce51f896209341e3b73c43c41174d19e', '28bf6dcadb9f42b8b2487718ad09ec4e');
INSERT INTO `role_user` VALUES ('6a3a0ec6556b4fb7a66409070ebec73a', 'ce51f896209341e3b73c43c41174d19e', 'e28fe642f348434b9717dfcca9b2786a');
INSERT INTO `role_user` VALUES ('6aa5f8b9be1840f98467cee794e4211e', 'ce51f896209341e3b73c43c41174d19e', 'fdf49324a9254634a4ac8c56304de04f');
INSERT INTO `role_user` VALUES ('6af87746b82845e6b4a1451417844f6b', 'ce51f896209341e3b73c43c41174d19e', 'a990c9dca6b64f61b51e1722311afbfa');
INSERT INTO `role_user` VALUES ('6b30c908e2724aec8e5629524f723233', 'ce51f896209341e3b73c43c41174d19e', '049e2e4e4b3a42d188399eaeab348682');
INSERT INTO `role_user` VALUES ('6c1dd0631aee4e79829f9767e02e24d9', 'ce51f896209341e3b73c43c41174d19e', 'a30b8455ef3e485180cd1e2abc610527');
INSERT INTO `role_user` VALUES ('6c5ab752ede64fd598e5ab914647cce4', 'ce51f896209341e3b73c43c41174d19e', 'e5dfb7d21bf046d8979d36ac58994ab0');
INSERT INTO `role_user` VALUES ('6d20bb7abca340f4ab5cfb7e8bfb7b03', 'ce51f896209341e3b73c43c41174d19e', '7a35f7b249e14ca1b1e678071686ef61');
INSERT INTO `role_user` VALUES ('6d49ad23bee141c38a50c5e740f81882', 'ce51f896209341e3b73c43c41174d19e', 'b1ffd058cde34f45b79a5919eeaf90b5');
INSERT INTO `role_user` VALUES ('6d6c5bf2d72f4d42bb5e1f4b42a46b13', 'ce51f896209341e3b73c43c41174d19e', 'fa08ddc31f77450da6c284d82d79acfc');
INSERT INTO `role_user` VALUES ('6e650e1eb9c944e8ae0138097d75f59f', 'ce51f896209341e3b73c43c41174d19e', 'cb438d822403460d86858f554f409070');
INSERT INTO `role_user` VALUES ('7029da1d5f2c44b098e95587f86a37be', 'ce51f896209341e3b73c43c41174d19e', 'a98f360b6a364f2cb42af0f9aa761027');
INSERT INTO `role_user` VALUES ('7033166d6c844cd78051112f7794423e', 'ce51f896209341e3b73c43c41174d19e', '81636086f9b9410abd6757f0bc8750a3');
INSERT INTO `role_user` VALUES ('70e34ff1a93046f49d0bf90b4924ac86', 'ce51f896209341e3b73c43c41174d19e', '3d001f7eee0f4509ba743dc993481afc');
INSERT INTO `role_user` VALUES ('711827b8bcdc418fbf940701411c53f1', 'ce51f896209341e3b73c43c41174d19e', '3eea546d0f1044c697fa029c7529e65a');
INSERT INTO `role_user` VALUES ('713d6bba2b4e4bf89b626158ec392167', 'ce51f896209341e3b73c43c41174d19e', '38ce2c35660441e7a15b5ae6e652e638');
INSERT INTO `role_user` VALUES ('715a790529a446cb8df473bf93966456', 'ce51f896209341e3b73c43c41174d19e', '2e554ec627ca4ee0b03f47f6f5559c21');
INSERT INTO `role_user` VALUES ('715ef42fc21c43e6a218262d414ed6fa', 'ce51f896209341e3b73c43c41174d19e', '10b3d14f32584d5bba838e118f687364');
INSERT INTO `role_user` VALUES ('71716254ebd145e3bba5f9dd7742dfe1', 'ce51f896209341e3b73c43c41174d19e', '60c6becf197a409f80be5a37ff9eb812');
INSERT INTO `role_user` VALUES ('71def2b6d6a5476f82e05692230c60ba', 'ce51f896209341e3b73c43c41174d19e', '3df0724c615d4ae487d7e315a7d93617');
INSERT INTO `role_user` VALUES ('72700e5435c14ac1b281ce0806a0b712', 'ce51f896209341e3b73c43c41174d19e', 'b4c28ec281c0442da6dee75517f6bfa4');
INSERT INTO `role_user` VALUES ('727062eeebff484a81e3193292b0a218', 'ce51f896209341e3b73c43c41174d19e', '1fb423db52064adf894854e234bdad7f');
INSERT INTO `role_user` VALUES ('73a5e7a591df464a8ca2d13ac3b9ba95', 'ce51f896209341e3b73c43c41174d19e', '6e78b3ca60bf4bdd93062b9543960982');
INSERT INTO `role_user` VALUES ('743721d3d6d744f1b6312802efb462df', 'ce51f896209341e3b73c43c41174d19e', '567decc8f6e24c7689c2a0d80ce10d44');
INSERT INTO `role_user` VALUES ('745e9f5f5e5e440fb0d254dfe5e18992', 'ce51f896209341e3b73c43c41174d19e', '30a4924104ac476a8a20e21ee5745288');
INSERT INTO `role_user` VALUES ('74b02e4184d14ae8b2934c39edbf3326', 'ce51f896209341e3b73c43c41174d19e', 'c0c6394e95154e52adfdf444c9cbeff9');
INSERT INTO `role_user` VALUES ('74ca48c47a104da68b762222cdaca753', 'ce51f896209341e3b73c43c41174d19e', '23363c8c98e1488cb75e8c438efd3ec5');
INSERT INTO `role_user` VALUES ('74f9928eccf44ae59f019247a3b2dc73', 'ce51f896209341e3b73c43c41174d19e', '7031592cc18b4ba1aaf58270c9464c37');
INSERT INTO `role_user` VALUES ('753eec95324c4460a97ab0db20d1d735', 'ce51f896209341e3b73c43c41174d19e', 'caa8b1003f3a423386080656b0c77712');
INSERT INTO `role_user` VALUES ('77183d197034421f8017eb2b8a79f2d7', 'ce51f896209341e3b73c43c41174d19e', '1651483e3961472faee26bda62782d36');
INSERT INTO `role_user` VALUES ('784c36fe76114d3ea21d5fe77d06d359', 'ce51f896209341e3b73c43c41174d19e', '475c3cf1f7f04f6291cf0ae99d0dd48d');
INSERT INTO `role_user` VALUES ('7922f509d11140928e73623ecc319b80', 'ce51f896209341e3b73c43c41174d19e', '62188be5bdaf4fc1900718b144be489e');
INSERT INTO `role_user` VALUES ('792d5d2007db4bb1bb83f24766d44f68', 'ce51f896209341e3b73c43c41174d19e', '74545ef9505247a993302a9c35443b0b');
INSERT INTO `role_user` VALUES ('79858296d5f14607b47383fd5b3de000', 'ce51f896209341e3b73c43c41174d19e', '9816784502844ea18adf620b19dd3167');
INSERT INTO `role_user` VALUES ('79dad9553e554539bce4331952b1919d', 'ce51f896209341e3b73c43c41174d19e', '62237905b7e143da94392d4f104902de');
INSERT INTO `role_user` VALUES ('7a3afc4cbe36481493292996f4eb4b61', 'ce51f896209341e3b73c43c41174d19e', '79963c3edfdb41f283bb31c47970aea2');
INSERT INTO `role_user` VALUES ('7ad22ad2ef2244c2bd267e491587123f', 'ce51f896209341e3b73c43c41174d19e', '387bac6e1b084a5497502cbf2153deec');
INSERT INTO `role_user` VALUES ('7b0e0b425e3c49c7b5de4637acc42507', 'ce51f896209341e3b73c43c41174d19e', '4b977a50925544e3ab546ef63d9049ae');
INSERT INTO `role_user` VALUES ('7b1a255753ff425ea3fe28f43a1e0f71', 'ce51f896209341e3b73c43c41174d19e', 'e9d2a09936b64defb32fcbf9608e1d01');
INSERT INTO `role_user` VALUES ('7bc9ff0aa6664a62add5639fd3412608', 'ce51f896209341e3b73c43c41174d19e', '01b9bc0da0204ca4a6621e31420c3adf');
INSERT INTO `role_user` VALUES ('7c52d7f5582d46b28115a6c2e686d007', 'ce51f896209341e3b73c43c41174d19e', 'f4bae582cb1f4fe2ac187866148cb79f');
INSERT INTO `role_user` VALUES ('7c5fbfdc4fca46ada8dc0cfe258af8df', 'ce51f896209341e3b73c43c41174d19e', '314165e06d1340c78a7fcb513097d768');
INSERT INTO `role_user` VALUES ('7d06817e55124e71a7a3b191ae3e3dc6', 'ce51f896209341e3b73c43c41174d19e', 'b114944abb884c6888d4d1bb8a442941');
INSERT INTO `role_user` VALUES ('7da40cbc7c4d488aa18672e0aa976031', 'ce51f896209341e3b73c43c41174d19e', '68f5bed1d2db42a880169c870a7ffbe3');
INSERT INTO `role_user` VALUES ('7e2960e909ae4e64ae93857ce535c837', 'ce51f896209341e3b73c43c41174d19e', '356c24897b1b4c3a8f89c2913ead8882');
INSERT INTO `role_user` VALUES ('7f0a5dd599ee4104af778c375ebcb138', 'ce51f896209341e3b73c43c41174d19e', '71053e8ab1e54506a5583741b248eff4');
INSERT INTO `role_user` VALUES ('7f4d8aa1b1bb42c88b556e0613e8d224', 'ce51f896209341e3b73c43c41174d19e', 'd4e263b65fc541239441b20278949675');
INSERT INTO `role_user` VALUES ('7f768305d0ed4493b5d5ad71c7becb80', 'ce51f896209341e3b73c43c41174d19e', 'c76187ff39ca44729066fd47e9c3f905');
INSERT INTO `role_user` VALUES ('7fe892ae240d4eccaef649abc9624216', 'ce51f896209341e3b73c43c41174d19e', '90f85118accb4220ae253b07527071d0');
INSERT INTO `role_user` VALUES ('80ac65c8f644450f8269791f1601ad63', 'ce51f896209341e3b73c43c41174d19e', '66c56ef078be4b088d1be14f2e9e3c7f');
INSERT INTO `role_user` VALUES ('811f43433fbc4ae79941193255f606b9', 'ce51f896209341e3b73c43c41174d19e', '1146a98128144668a6d2e87c0ee7bd71');
INSERT INTO `role_user` VALUES ('821f3b1b701a4a5b8a0ba93ae29ea474', 'ce51f896209341e3b73c43c41174d19e', 'ec5a4a070304409b84231cad9c34fbea');
INSERT INTO `role_user` VALUES ('8241119e20b34bbeac1964b995b4d9b7', 'ce51f896209341e3b73c43c41174d19e', 'ef3225c4836b442fbbd99b7f44c8d134');
INSERT INTO `role_user` VALUES ('82d28e2b3670460fa36801de3ecdb175', 'ce51f896209341e3b73c43c41174d19e', 'c934f8e315554af5884657da846d95a5');
INSERT INTO `role_user` VALUES ('838c5c9ccb6b42448e7ec5baafed04d7', 'ce51f896209341e3b73c43c41174d19e', '270ae71b59d345ac9a9541992638bb1e');
INSERT INTO `role_user` VALUES ('8394e3dc981a4caa991ae50358e8fad2', 'ce51f896209341e3b73c43c41174d19e', 'f968da1799e84c26a53bdd36a50bc552');
INSERT INTO `role_user` VALUES ('84d14433e45d48baaa7863aa1bc83f26', 'ce51f896209341e3b73c43c41174d19e', 'a9332f710cab4067bb4d7e4e9f869372');
INSERT INTO `role_user` VALUES ('84f8ca6126564f1a856d1aa31301509c', 'ce51f896209341e3b73c43c41174d19e', '23671a0f33ac4782a1fecfe84cb09bd4');
INSERT INTO `role_user` VALUES ('851e0321b2714640a5637594e76667ee', 'ce51f896209341e3b73c43c41174d19e', '3156328904c04d159986c11ba1a478b8');
INSERT INTO `role_user` VALUES ('856f11796cb74395833a5f86f449c8fc', 'ce51f896209341e3b73c43c41174d19e', '4d2cf5512c9b4cce900ec49de3040966');
INSERT INTO `role_user` VALUES ('866f763f2bd347b1a633c07101634f83', 'ce51f896209341e3b73c43c41174d19e', '0cb61700329e45ef97bc729c7083d48a');
INSERT INTO `role_user` VALUES ('8675e09eed8542c3b2fdb49ac437cf75', 'ce51f896209341e3b73c43c41174d19e', 'b2b2a55f182f4618a841030d0f4c54d4');
INSERT INTO `role_user` VALUES ('867d0438c09b416ea7f6564863907ba7', 'ce51f896209341e3b73c43c41174d19e', 'f6a24db3895c4a9b983393a7deb2bf6b');
INSERT INTO `role_user` VALUES ('871bfd635232422cbcd99f8a6866b720', 'ce51f896209341e3b73c43c41174d19e', '614e3ec286d147549f8258a7a1de4bf4');
INSERT INTO `role_user` VALUES ('872caa01d6f34f909b2f3c8a93f945fd', 'ce51f896209341e3b73c43c41174d19e', '573125482d89490fbdc1115d31cb65ba');
INSERT INTO `role_user` VALUES ('874c6134fb1c44f48724c061f72868ce', 'ce51f896209341e3b73c43c41174d19e', '6d02fdfc22a9426096faea39aa204ad0');
INSERT INTO `role_user` VALUES ('8779ec58fc52489b8c487fc756a12d58', 'ce51f896209341e3b73c43c41174d19e', 'e40b8d9f152745e4bd7ea750bb74d1e4');
INSERT INTO `role_user` VALUES ('87f097829d0647d9be7acb153716e880', 'ce51f896209341e3b73c43c41174d19e', 'a868336b7f6a45a698ff35f1b29d6363');
INSERT INTO `role_user` VALUES ('87f6364888b14194a36ba1337b5f89f3', 'ce51f896209341e3b73c43c41174d19e', '98e353f6d94c48c3a677ed2a824e0701');
INSERT INTO `role_user` VALUES ('883039e912e847289b9751bc5cca6b93', 'ce51f896209341e3b73c43c41174d19e', '719442d9169d48adb609f4f9c413cd32');
INSERT INTO `role_user` VALUES ('89a7f689a12943238c08e627f3b2d6be', 'ce51f896209341e3b73c43c41174d19e', 'c430a9a7d806425a998a6d9fe5a7e034');
INSERT INTO `role_user` VALUES ('8a1e3683b1dd42d8aab477a231894b92', 'e7579b7a56554ca2bac59e3cc2aa6d28', 'a98013976ca2433aa3d39e74e20d79b7');
INSERT INTO `role_user` VALUES ('8aa14107b3274637a3be40c6d486c648', 'ce51f896209341e3b73c43c41174d19e', '0d3638ed1eda4269b7bf52b4a7e81171');
INSERT INTO `role_user` VALUES ('8ac3352b528e446c992490b23e18941c', 'ce51f896209341e3b73c43c41174d19e', '0e8d7a2f2a604132915b6f49354e2ee1');
INSERT INTO `role_user` VALUES ('8ae71b24763f4575afc117f8d4008e99', 'ce51f896209341e3b73c43c41174d19e', 'cd086e5ffb3843bc9fd5d1a01cb6185f');
INSERT INTO `role_user` VALUES ('8b07b3842d7947dbb92a88b5dba54ed1', 'ce51f896209341e3b73c43c41174d19e', '6c360e1a35974ea6a071fefe6e7e2214');
INSERT INTO `role_user` VALUES ('8b0bfe9e8a1a4350876a24e42cda1d5c', 'ce51f896209341e3b73c43c41174d19e', '6502dfc2c18e4c89a5ed4766ba507dee');
INSERT INTO `role_user` VALUES ('8b50a8a45451469eb7652dff2d803a4d', 'ce51f896209341e3b73c43c41174d19e', '5f4ece3741fc4c618e2c4b01012711d3');
INSERT INTO `role_user` VALUES ('8c2e04cf1d5a46a9a6466dba103e784d', 'ce51f896209341e3b73c43c41174d19e', '667273d639974dfe9eaf63b4326a9ea2');
INSERT INTO `role_user` VALUES ('8ca619530c2940438ed558447aee8b39', 'ce51f896209341e3b73c43c41174d19e', '26b4cb63374842c582c769b37d07c115');
INSERT INTO `role_user` VALUES ('8ccff86744cd4d71b6fffb539aa54e74', 'ce51f896209341e3b73c43c41174d19e', '10b666bfa2a44b808e650e02464588f7');
INSERT INTO `role_user` VALUES ('8cde4892b9194144903165bda1be9c37', 'ce51f896209341e3b73c43c41174d19e', '3f3cb489ffe445e7816c14a12c7c4e5c');
INSERT INTO `role_user` VALUES ('8d57431a6a2a4ee1ae8543bc92f2f737', 'ce51f896209341e3b73c43c41174d19e', 'f4a802bcad3d46d2b496129507f1498b');
INSERT INTO `role_user` VALUES ('8d750da53c564a3a8ed0e068a692aba3', 'ce51f896209341e3b73c43c41174d19e', 'ce918d26ef8549888b9d3a1e8e70208e');
INSERT INTO `role_user` VALUES ('8dc0fa4f225a46f1b5ae39bc31bdff5e', 'ce51f896209341e3b73c43c41174d19e', 'b37f990359a54834b8392da959cce9cf');
INSERT INTO `role_user` VALUES ('8df2f586837a48758f3284a7c902321f', 'ce51f896209341e3b73c43c41174d19e', 'e0f17f639d654a599742cb8e361930ad');
INSERT INTO `role_user` VALUES ('8e0faae81c934040a4f22bd49bb54a5b', 'ce51f896209341e3b73c43c41174d19e', '2514c1a1fce746539693538c371752b4');
INSERT INTO `role_user` VALUES ('903d21f19c5745858b242d7edb9c3cc8', 'ce51f896209341e3b73c43c41174d19e', 'afed65c6f17c454894c22eb8107116ea');
INSERT INTO `role_user` VALUES ('915125dd3861491d9903b674071ccd5d', 'ce51f896209341e3b73c43c41174d19e', '8cc78e3bd2c64d9e97ad29b334902cd9');
INSERT INTO `role_user` VALUES ('92a038f6ab9d4dd58b14a52955cd4b62', 'ce51f896209341e3b73c43c41174d19e', '502e526602b44186afebdcbbc570c258');
INSERT INTO `role_user` VALUES ('931de9c0f1534a3d8f641648b86442c4', 'ce51f896209341e3b73c43c41174d19e', 'f0e0c22331eb479a9112f0fc723cd193');
INSERT INTO `role_user` VALUES ('932b23df69824f1dbb1d19c07757d25f', 'ce51f896209341e3b73c43c41174d19e', '0317f9dcca3f41fc8f4e074061bdb12c');
INSERT INTO `role_user` VALUES ('935dccd033a748b08ece5a3f9f10af05', 'ce51f896209341e3b73c43c41174d19e', '918739be8d944eafb26847186f65c0c2');
INSERT INTO `role_user` VALUES ('939762d3689a450fbdec6fc13752a53f', 'ce51f896209341e3b73c43c41174d19e', '5cbebc115c9042d88eaed99821296f93');
INSERT INTO `role_user` VALUES ('93cf5f83de3e4bc5a7e8282318b0ca26', 'ce51f896209341e3b73c43c41174d19e', '6d3a91ac1eb14d078e2ae95309cfb431');
INSERT INTO `role_user` VALUES ('94673df726984fd688b02dae2435c9ae', 'ce51f896209341e3b73c43c41174d19e', 'cd8079c0ee92456d803abbfea0df2854');
INSERT INTO `role_user` VALUES ('949a1a22a36f4066af8df1f83f193c14', 'ce51f896209341e3b73c43c41174d19e', '6d154f567bd34012bcf5dd5e7aadff61');
INSERT INTO `role_user` VALUES ('9501545248204ddb82c922d75a1cb43b', 'ce51f896209341e3b73c43c41174d19e', 'fd65f0bcac8b43cdb579633084663b55');
INSERT INTO `role_user` VALUES ('95b3cfbee0c54336afead39049a0c413', 'ce51f896209341e3b73c43c41174d19e', '950fb32f89ad4d6ab5ee492037abd351');
INSERT INTO `role_user` VALUES ('96360ca6de3b45f7b99dccdf29ec7368', 'ce51f896209341e3b73c43c41174d19e', '67f6d4b17348405283fd0d15cd452a67');
INSERT INTO `role_user` VALUES ('963a520288704d78be510303a4ad6d3a', 'ce51f896209341e3b73c43c41174d19e', '4561a1cd00664e44aa1bc086a6f31aad');
INSERT INTO `role_user` VALUES ('9786663e0cb04061bde39283f5ac2dd5', 'ce51f896209341e3b73c43c41174d19e', '41616db1bdac43279076a0a0f8dda0b1');
INSERT INTO `role_user` VALUES ('97a73d47591c434e9ac67fb04d34e473', 'ce51f896209341e3b73c43c41174d19e', 'e2e417f285134bff9803004d3cc35f0e');
INSERT INTO `role_user` VALUES ('983d1168708c41ea80989f96ec5c0c48', 'ce51f896209341e3b73c43c41174d19e', '31275135910540d39b5ad9bf7e810918');
INSERT INTO `role_user` VALUES ('98457784fa354bad9f588de85d974d96', 'ce51f896209341e3b73c43c41174d19e', 'c708a946de5940598d308f015cbd6406');
INSERT INTO `role_user` VALUES ('98b72dd5b8a3479eb93c07146f180d40', 'ce51f896209341e3b73c43c41174d19e', '5258d4ac0cfc44098795ee7be63312b2');
INSERT INTO `role_user` VALUES ('9944e999155f4cc2a0bab4f96ffbb861', 'ce51f896209341e3b73c43c41174d19e', '7d23ea764c38480aa8c0424da4d2efcb');
INSERT INTO `role_user` VALUES ('99737150d09c472f9cae557124ffe8b3', 'ce51f896209341e3b73c43c41174d19e', '4f7e7c20bfe4415493a8a21776cc184f');
INSERT INTO `role_user` VALUES ('99f2c5b47c184665b070f271d6b8a647', 'ce51f896209341e3b73c43c41174d19e', '751f4646a60e4a7180a15d47614ae6be');
INSERT INTO `role_user` VALUES ('9a016743109b46939e81d6613bbea14d', 'ce51f896209341e3b73c43c41174d19e', '1b59a40f2f0642a9906ecdaf8560ede2');
INSERT INTO `role_user` VALUES ('9a1f8fd282164ebc9831d745b2592555', 'ce51f896209341e3b73c43c41174d19e', '6075b8c7e6384de58f06c52f67ba3082');
INSERT INTO `role_user` VALUES ('9ab3930d16664f66a9e70552975566f2', 'ce51f896209341e3b73c43c41174d19e', 'e58fb2ce0e4b4a13af8a73c1d07873f5');
INSERT INTO `role_user` VALUES ('9ae0e66df4154c28bd2fa9806191aada', 'ce51f896209341e3b73c43c41174d19e', 'e79c543d609243649cc54c06f498f978');
INSERT INTO `role_user` VALUES ('9b2fea3533f947ed9311b9d55e98b183', 'ce51f896209341e3b73c43c41174d19e', '6d7df8109f414ce18530c67a693560f6');
INSERT INTO `role_user` VALUES ('9bcc5b059c484340bc05fa4c5964d6f6', 'ce51f896209341e3b73c43c41174d19e', '286f10f3c9f249c6bc5999921074db1d');
INSERT INTO `role_user` VALUES ('9c1baade75754860bdeb7aa341eb81d3', 'ce51f896209341e3b73c43c41174d19e', '31f7a54960db4c78aef50f196ba80c7e');
INSERT INTO `role_user` VALUES ('9c6b4706141b46e2a43b53d263336530', 'ce51f896209341e3b73c43c41174d19e', '4a04d21a1c9d4d2286dfdb2b5ec7b735');
INSERT INTO `role_user` VALUES ('9ca14058aac741c990df62e7fc67795c', 'ce51f896209341e3b73c43c41174d19e', '61644323d7c84607ad2a2ed8410f49fa');
INSERT INTO `role_user` VALUES ('9cc28ac2bdb045e9b1927b4932b1b10e', 'ce51f896209341e3b73c43c41174d19e', 'a7cd54c4b1ae4c4f8980d4e50f7d36c6');
INSERT INTO `role_user` VALUES ('9cdee040339045638c8caacb2eca1904', 'ce51f896209341e3b73c43c41174d19e', 'a535df96aca740f28413c3e7ff1d3fdb');
INSERT INTO `role_user` VALUES ('9ef9175abbd7481c830b7e0efe0d886d', 'ce51f896209341e3b73c43c41174d19e', 'af77fcd02c414de9a0043fff9eb14f92');
INSERT INTO `role_user` VALUES ('9f162a0f24c344e3b03d230f13c1344f', 'ce51f896209341e3b73c43c41174d19e', '53e84d04bb0242d2a10cab355137322c');
INSERT INTO `role_user` VALUES ('9fb42a4b64e0421fb233dd5b03be7775', 'ce51f896209341e3b73c43c41174d19e', '563a3133a15c4e8c89a9a1ec83fab30b');
INSERT INTO `role_user` VALUES ('9fb8f4c2bcbe40d9bc75eadb9c721e4d', 'ce51f896209341e3b73c43c41174d19e', '32082411cb60405b87e25ada8f99ea63');
INSERT INTO `role_user` VALUES ('a08fc47896d84400862cf235dbe771ff', 'ce51f896209341e3b73c43c41174d19e', 'c5291d398ab14450be0d1e1df5439593');
INSERT INTO `role_user` VALUES ('a09320fc2c7846999c29f8f23e36d9a5', 'ce51f896209341e3b73c43c41174d19e', 'bb528ecc8c79479daaacac93818a006c');
INSERT INTO `role_user` VALUES ('a0eac7b9485b4a75acb1b673de5f94b8', 'ce51f896209341e3b73c43c41174d19e', '17f4133fa5b54730b0efe60493bf6c39');
INSERT INTO `role_user` VALUES ('a1712342097049538b84aa9bf665ea70', 'ce51f896209341e3b73c43c41174d19e', '6537069a41cd4b2daf767462397be67d');
INSERT INTO `role_user` VALUES ('a17139e40a3148828525f9f0c8612ccd', 'ce51f896209341e3b73c43c41174d19e', '3b9434cd9e004d47823f3c61a4a66b23');
INSERT INTO `role_user` VALUES ('a1e3fafda5fa46ebbf6d5d7572ef3278', 'ce51f896209341e3b73c43c41174d19e', '576ebacc8df3430182fc136047751159');
INSERT INTO `role_user` VALUES ('a231e56353a44c73aedc53fe3858b7ff', 'ce51f896209341e3b73c43c41174d19e', '9a8d158587714ecdb230dc99ba346a12');
INSERT INTO `role_user` VALUES ('a358ad9e4cdb4426b2256b45af06149c', 'ce51f896209341e3b73c43c41174d19e', '1ea8301f430044d1a9c63fa7eb3621b2');
INSERT INTO `role_user` VALUES ('a41cf1a380f94bb396fa2193dfb34a38', 'ce51f896209341e3b73c43c41174d19e', '1f2e3920326244e0956454cbd2938144');
INSERT INTO `role_user` VALUES ('a43cd316f97744eaab200e7a91d4dcd8', 'ce51f896209341e3b73c43c41174d19e', '88dcd6fc6d2947f988abee637bcdab2f');
INSERT INTO `role_user` VALUES ('a450aed418284b429009768515d99418', 'ce51f896209341e3b73c43c41174d19e', '345997327da84dbeb9e722c2e3277aa2');
INSERT INTO `role_user` VALUES ('a49de998dec24d329a7c55ad56a8f1a5', 'ce51f896209341e3b73c43c41174d19e', 'ed5540a5e5d34e34b948f5b9d5fff941');
INSERT INTO `role_user` VALUES ('a4c8b474e83e4bcda38bb2e0e59d4480', 'ce51f896209341e3b73c43c41174d19e', '5bb92fef3c2b4d1e8630892c83c19f0e');
INSERT INTO `role_user` VALUES ('a5bcc2cfb94a47199365b0ef9d49d708', 'ce51f896209341e3b73c43c41174d19e', '7785cf7c621243a287a52ffff69e8903');
INSERT INTO `role_user` VALUES ('a5fae6c20c0c46f6abaa8d2f799c8fb0', 'ce51f896209341e3b73c43c41174d19e', '3f650732d2bc4fe998d85bc14bfe5d3a');
INSERT INTO `role_user` VALUES ('a63f500592b44c1d805d809df5225958', 'ce51f896209341e3b73c43c41174d19e', '6a39b447b3054c248121b2d7ffbf41cb');
INSERT INTO `role_user` VALUES ('a69397c36f7646128dab5f102e3a1594', 'ce51f896209341e3b73c43c41174d19e', '9505e8a945574c30baceb78df05973ad');
INSERT INTO `role_user` VALUES ('a736bf099ab34336a40f7c4d5c85206b', 'ce51f896209341e3b73c43c41174d19e', 'ee7d985ac69f43edaba0b3d29fca4cf9');
INSERT INTO `role_user` VALUES ('a73c1b55d8ef44fb9a0a46ec538a3878', 'ce51f896209341e3b73c43c41174d19e', '7d4ca477929345538e8c1c187e219b74');
INSERT INTO `role_user` VALUES ('a75a9b9b15124e9580e2be2808110463', 'ce51f896209341e3b73c43c41174d19e', '314ea98d5c6c45d880ef9cd8d420b190');
INSERT INTO `role_user` VALUES ('a788a486c3f7475f964ce6dd2ae80604', 'ce51f896209341e3b73c43c41174d19e', '24a5f001c2a54cf6b572d802e33839b0');
INSERT INTO `role_user` VALUES ('a79811406489429dbe79ae618f5ebecd', 'ce51f896209341e3b73c43c41174d19e', '3e4d7f5bbc854b6b80dec6e33fe9e6e8');
INSERT INTO `role_user` VALUES ('a7c11fe40dc441b3b74fa74b854384a5', 'ce51f896209341e3b73c43c41174d19e', 'f673428667c7414d957abf5f750c89d9');
INSERT INTO `role_user` VALUES ('a7ee3556ecbb4aa5a7ee326c2b10d1d8', 'ce51f896209341e3b73c43c41174d19e', 'a73ce7a517d24e748dcc5790a423cb95');
INSERT INTO `role_user` VALUES ('a8406951b89a4d5ba4b01270eb6e010f', 'ce51f896209341e3b73c43c41174d19e', '0a7330197ae24ee68c0ff39b837ed847');
INSERT INTO `role_user` VALUES ('a8abe96c6c3a4e73a7ad28a8eb4dd564', 'ce51f896209341e3b73c43c41174d19e', '6182ac21f8094530ac7d6c4034545a61');
INSERT INTO `role_user` VALUES ('a8c8c68807b64b8bba400ce5f776df84', 'ce51f896209341e3b73c43c41174d19e', 'ca1a1ad5bbe14fba9c9468dacf3a5757');
INSERT INTO `role_user` VALUES ('a956eed27a1d4cfbaa80e94153351cb4', 'ce51f896209341e3b73c43c41174d19e', 'f6cf1eaca66647d39c23c0d88ea6f75b');
INSERT INTO `role_user` VALUES ('a9c9fcc6fc7c483995832fb24ad51195', 'ce51f896209341e3b73c43c41174d19e', '7ac3089666cf4dd6b974d40484ed5f53');
INSERT INTO `role_user` VALUES ('a9f50bcc38a442f0ab94b1b4b3bc0410', 'ce51f896209341e3b73c43c41174d19e', 'f53a148669074558b8dc00fc9f7193bb');
INSERT INTO `role_user` VALUES ('aadfe53c9f8c48cfa0d433a8eb3b943d', 'ce51f896209341e3b73c43c41174d19e', '285001ae0e8b4551a424d3ad752c2e3d');
INSERT INTO `role_user` VALUES ('ab0cffcef635417cb556d68f51ca2329', 'ce51f896209341e3b73c43c41174d19e', 'ca06b07b526b4b7f93e9995b0ef7a7b6');
INSERT INTO `role_user` VALUES ('ab8e6ac30bca400ba7114b255e54697f', 'ce51f896209341e3b73c43c41174d19e', '4f6aacc6948244519c8b4e50b07df08d');
INSERT INTO `role_user` VALUES ('ad2fa02e26d74ce1a23c64f178d29c06', 'ce51f896209341e3b73c43c41174d19e', '017dd32feb054c58941c5d47c3d64a29');
INSERT INTO `role_user` VALUES ('ad72c0fd4b1c4f04b6f5d909f548fbfe', 'ce51f896209341e3b73c43c41174d19e', '081163a1873d42e5b2c862f95b31789b');
INSERT INTO `role_user` VALUES ('ae2f6b792577437795d12b5f643f6258', 'ce51f896209341e3b73c43c41174d19e', 'f5fb26d558534f29903f56346fe2f166');
INSERT INTO `role_user` VALUES ('af47a65ac969422d83242f40383444cc', 'ce51f896209341e3b73c43c41174d19e', '14688d1ee0af4cd0a29b46af5911ca62');
INSERT INTO `role_user` VALUES ('b014998587714c7293235f67202fa79c', 'ce51f896209341e3b73c43c41174d19e', 'f9ee9fb19897404b9acd895307e8b0e2');
INSERT INTO `role_user` VALUES ('b0c91f870c504ef5b343ad24cc325068', 'ce51f896209341e3b73c43c41174d19e', '0c2ac9d9567747eaa517570ac77d3a21');
INSERT INTO `role_user` VALUES ('b0d2cc1a3f0244098209e84a100de4be', 'ce51f896209341e3b73c43c41174d19e', '4c80a2bbc2944e3c9cc0c9a3f8aa990e');
INSERT INTO `role_user` VALUES ('b17497e53fd24e828221a3634f7f6ce2', 'ce51f896209341e3b73c43c41174d19e', '24260789263041a28e848850a940ccc4');
INSERT INTO `role_user` VALUES ('b19605c581ca41458afca3f6b71e54af', 'ce51f896209341e3b73c43c41174d19e', 'a81c22d7001449868525c212b4bc4501');
INSERT INTO `role_user` VALUES ('b2063ff760de4d74a02e5fe9daade28e', 'ce51f896209341e3b73c43c41174d19e', '234c2c6d34f645aab78a041d4819cb11');
INSERT INTO `role_user` VALUES ('b241c07f672242d9a72b7e4681669353', 'ce51f896209341e3b73c43c41174d19e', '6e8db93ef9db49838fd0b1b8621e9e21');
INSERT INTO `role_user` VALUES ('b248379742934d009817b5572bfa4c9d', 'ce51f896209341e3b73c43c41174d19e', '5a71bf1ef06a4bd8b8e361c7ea3d71b2');
INSERT INTO `role_user` VALUES ('b24d9892ff8145018fbc3a36cb4e7d3b', 'ce51f896209341e3b73c43c41174d19e', 'bfcb23bf8e3840f1873cdd3b22d9e4b2');
INSERT INTO `role_user` VALUES ('b2aa3b533e944b7bb544c0a6bca6e18f', 'ce51f896209341e3b73c43c41174d19e', 'f5f9afe3e3c64b0e95fdae05048aaf39');
INSERT INTO `role_user` VALUES ('b2b78f42be7b49b9b68b30a21c61ef5e', 'ce51f896209341e3b73c43c41174d19e', '6b0ca891f85a4cd4ade76c6f6c0ec061');
INSERT INTO `role_user` VALUES ('b35d0c0b50ac45f48dae9013ae6bbc35', 'ce51f896209341e3b73c43c41174d19e', '2ceb17978a824074bf2dc14ec8dbd6d5');
INSERT INTO `role_user` VALUES ('b481ad33dff84f3c9cc4f2fbb1a5e1eb', 'ce51f896209341e3b73c43c41174d19e', '29c802a592584b0f8b373a25316c7ea0');
INSERT INTO `role_user` VALUES ('b4f2be21bb654814bda858061a001696', 'ce51f896209341e3b73c43c41174d19e', '9c06dd1b6d3942feaad27d92909cbb71');
INSERT INTO `role_user` VALUES ('b59d8f749ac14dd98884d1e9ec5bbdf9', 'ce51f896209341e3b73c43c41174d19e', '9079be6713ab4d529be7b6f4dbdcbefb');
INSERT INTO `role_user` VALUES ('b61aa7c50b6e43759365c7408a9b0829', 'ce51f896209341e3b73c43c41174d19e', '8b92716499b741bba86a76aa4625175e');
INSERT INTO `role_user` VALUES ('b729f28b2bfa4ea0a06841db496a0578', 'ce51f896209341e3b73c43c41174d19e', '5b53802d38e24775bf92e01759046a1a');
INSERT INTO `role_user` VALUES ('b73c2f726b7f4531b916e2801742a867', 'ce51f896209341e3b73c43c41174d19e', '2ce80f7221d845258d194246c41f4164');
INSERT INTO `role_user` VALUES ('b757bbffed2a4db2b4751b52c49ec91d', 'ce51f896209341e3b73c43c41174d19e', '6edca6f8d68848709a21e0d2a489d357');
INSERT INTO `role_user` VALUES ('b771069624d44dfa9b5840a23c6c7c4e', 'ce51f896209341e3b73c43c41174d19e', '79ddff632a31427c82f3901db2fc9449');
INSERT INTO `role_user` VALUES ('b78e72a4ebb54e03a53b02278d45dafd', 'ce51f896209341e3b73c43c41174d19e', '393c78b8fee242298b5503934b94946b');
INSERT INTO `role_user` VALUES ('b7b797750b4f461995546a01b217739e', 'ce51f896209341e3b73c43c41174d19e', '11b4e079f24e4952b8ec82caf2f75b06');
INSERT INTO `role_user` VALUES ('b7e6a31b19f64bc08873f891ee84628d', 'ce51f896209341e3b73c43c41174d19e', 'd81cd868e29e4856ae15b26754129901');
INSERT INTO `role_user` VALUES ('b80bf6eef46542fe8c176e628c2cb1b9', 'ce51f896209341e3b73c43c41174d19e', '01a55332519342af866f424f40b465ee');
INSERT INTO `role_user` VALUES ('b84a423900094bb688c8ac07a22efa74', 'ce51f896209341e3b73c43c41174d19e', '2a5db6bb3f7c43c4ba92adab6f6109fa');
INSERT INTO `role_user` VALUES ('ba740b4c7eb94db48170f046c2c93304', 'ce51f896209341e3b73c43c41174d19e', '9ba102b8561d4517bf9bc0eb02c8b20a');
INSERT INTO `role_user` VALUES ('bb2b35607beb474f89fe51107fb01898', 'ce51f896209341e3b73c43c41174d19e', '35abb216b13f4dac94e238c1f5d487f5');
INSERT INTO `role_user` VALUES ('bb323069ceec439dbe5ed2064106299f', 'ce51f896209341e3b73c43c41174d19e', '1c8b5c8792894d40af0399f60f3ec470');
INSERT INTO `role_user` VALUES ('bbb966a25d124eaba62521408775c272', 'ce51f896209341e3b73c43c41174d19e', '0d66c6ea4c514dafbbd992150217ec6a');
INSERT INTO `role_user` VALUES ('bbef8ec981564983baa7af22b59ccb10', 'ce51f896209341e3b73c43c41174d19e', '670cd09708994d54b5d77904eedafaaf');
INSERT INTO `role_user` VALUES ('bccdfe6a7b77472883328a1a69bd6bbe', 'ce51f896209341e3b73c43c41174d19e', '5e7883c70c19455582ccf7e2f50a171c');
INSERT INTO `role_user` VALUES ('bdcb3b1dadb84225814b4203730c7d81', 'ce51f896209341e3b73c43c41174d19e', 'a9a2dd67f4774ffb8852851b800bf486');
INSERT INTO `role_user` VALUES ('bdf2d7a153014d8f89172c98c305b66c', 'ce51f896209341e3b73c43c41174d19e', 'dd966233b5404c2db25287a73e69ab5c');
INSERT INTO `role_user` VALUES ('be733e30e3e44b2da53c5dbda77b333a', 'ce51f896209341e3b73c43c41174d19e', '6c9213d886f240dfb01cc72e78e35bbe');
INSERT INTO `role_user` VALUES ('bec48f71b0834848ab1356ca44fa1736', 'ce51f896209341e3b73c43c41174d19e', '49677cca2f2e4a078e2ddc60ab978c9c');
INSERT INTO `role_user` VALUES ('bef3104e851845949aa4646ccb105bc4', 'ce51f896209341e3b73c43c41174d19e', 'f7bc0452de464da88fdc8a2539ff5cb9');
INSERT INTO `role_user` VALUES ('bf93d667d8a240378bfa877da386226e', 'ce51f896209341e3b73c43c41174d19e', '84bb344930d74a838f524dc9998c58ce');
INSERT INTO `role_user` VALUES ('c036e7a7fe4d45509e71d779ee517aad', 'ce51f896209341e3b73c43c41174d19e', '97276c6a5d6441a792fd7a581a636686');
INSERT INTO `role_user` VALUES ('c0595e0754bd469e927cc9236a2e0a69', 'ce51f896209341e3b73c43c41174d19e', '0f50b0af7597493f81a7bc0f945f4e02');
INSERT INTO `role_user` VALUES ('c07d0b812c7548a39e196d43cf63ddb1', 'ce51f896209341e3b73c43c41174d19e', '7f8d894f402748b880a6680db2aa8c16');
INSERT INTO `role_user` VALUES ('c0f2cd296fcd491ab738614103b2d51a', 'ce51f896209341e3b73c43c41174d19e', 'e589c4b39bb14452b1ed43fb93190097');
INSERT INTO `role_user` VALUES ('c128fc3b742d4c959c322cb5ab680ae5', 'ce51f896209341e3b73c43c41174d19e', '22df65d8c9044f8e97b98a4330444e03');
INSERT INTO `role_user` VALUES ('c18c40937ab043e78eff0c2fea42f2a3', 'ce51f896209341e3b73c43c41174d19e', 'daf4dfbc81c94dc9bed31d7fc07e54ea');
INSERT INTO `role_user` VALUES ('c1c56c6baf374e74ace1395a285a0f29', 'ce51f896209341e3b73c43c41174d19e', '2c05125d230c4370868b0693d673f644');
INSERT INTO `role_user` VALUES ('c1ef36bfb96d4e0fa3beac03fc228cd6', 'ce51f896209341e3b73c43c41174d19e', '66df8f4c1ef24b208a83e6b97100f736');
INSERT INTO `role_user` VALUES ('c26670051717457081c3a786dd513dd0', 'ce51f896209341e3b73c43c41174d19e', 'd471092c9ce14a649e629b34503b4f09');
INSERT INTO `role_user` VALUES ('c2862b8d4f6c472e87c10a16a9d017a0', 'ce51f896209341e3b73c43c41174d19e', '78957f9245fd470f913cb146f4538cda');
INSERT INTO `role_user` VALUES ('c2ac9d0bcf714a3e9c7d25da8485c03d', 'ce51f896209341e3b73c43c41174d19e', '1fc699f5596048efa892bc5b6e2b9aa6');
INSERT INTO `role_user` VALUES ('c2adb1704dc84f5ebb45125f6250c245', 'ce51f896209341e3b73c43c41174d19e', '1d26b1c027b44b6c829c9414c95f42b7');
INSERT INTO `role_user` VALUES ('c34bcb23bd5142598540c8b59cfbee86', 'ce51f896209341e3b73c43c41174d19e', '67854b1f7ec84c05a3408d124c4ec722');
INSERT INTO `role_user` VALUES ('c3b8ccfdccbe4e57a8fd74e7958589fe', 'ce51f896209341e3b73c43c41174d19e', '529b3a9353ae4855831d09fc56b85495');
INSERT INTO `role_user` VALUES ('c418cbe02faf4187ab73f7c333d1b948', 'ce51f896209341e3b73c43c41174d19e', '873f4bbe21bb4008803d3c82dc214ad8');
INSERT INTO `role_user` VALUES ('c427b422a41c43edb344db6bc10fdb42', 'ce51f896209341e3b73c43c41174d19e', '857b1ebba1c845afa2504403e198ce63');
INSERT INTO `role_user` VALUES ('c4b8c1542e6944bf8a4df4a1a30cf2b7', 'ce51f896209341e3b73c43c41174d19e', '9e8dd27e47b446458ac07b297033fe4b');
INSERT INTO `role_user` VALUES ('c4cb673784114c5fbe660df1a984e109', 'ce51f896209341e3b73c43c41174d19e', 'db1047f4653e4c3f81477118e811b134');
INSERT INTO `role_user` VALUES ('c54d725d0bce4c62aba03e8044b0abd5', 'ce51f896209341e3b73c43c41174d19e', '0c1b159f6f7e49fb91128e2e04f0cafe');
INSERT INTO `role_user` VALUES ('c56d8f4714ac45078ca71d361954cce9', 'ce51f896209341e3b73c43c41174d19e', '219cb01936004fe6aaa1eca92631f813');
INSERT INTO `role_user` VALUES ('c5d66d6eac2645d48cc23d4e6b1ceefa', 'ce51f896209341e3b73c43c41174d19e', 'd9e4d8f2d85c45beb5e842703ac6381f');
INSERT INTO `role_user` VALUES ('c5f26c7830f842318dd538b151fada65', 'ce51f896209341e3b73c43c41174d19e', '3f0ce24dc59241c68997e657eca4b9f3');
INSERT INTO `role_user` VALUES ('c668efed75384119bb343757a010abb5', 'ce51f896209341e3b73c43c41174d19e', 'c98e48f2203e492aa9b2af635c077783');
INSERT INTO `role_user` VALUES ('c72468cad7444f67a54e6af6bc3bb601', 'ce51f896209341e3b73c43c41174d19e', 'd20448d766fb46b1bfa86779acd025e3');
INSERT INTO `role_user` VALUES ('c72ee88237d548d9ac0ac684d099535f', 'ce51f896209341e3b73c43c41174d19e', '5e8523f848204d0fb50969d137846bd8');
INSERT INTO `role_user` VALUES ('c77e249e267c4f67b1d5ddc28211561b', 'ce51f896209341e3b73c43c41174d19e', 'a18d6700166a4083be221626db2d2f4f');
INSERT INTO `role_user` VALUES ('c89255c7f8bb460e8e3f7082ae3e5f81', 'ce51f896209341e3b73c43c41174d19e', 'f71cdc99e64f4472b766cfc501632c9c');
INSERT INTO `role_user` VALUES ('c9fbdd59b59e485ba99194aff006fcbf', 'ce51f896209341e3b73c43c41174d19e', '8d1e146b1ceb4fec8d434ee797db5de3');
INSERT INTO `role_user` VALUES ('ca1e6b3c59a84936ad8066147047342f', 'ce51f896209341e3b73c43c41174d19e', 'c27639666aa24d608c6bef0bddca72cc');
INSERT INTO `role_user` VALUES ('ca3f5931853a482794de9745fda599eb', 'ce51f896209341e3b73c43c41174d19e', '9c433edaf86148a99bd65cc27b92958f');
INSERT INTO `role_user` VALUES ('caaa4e0d73d14a51954561af81cf6b2d', 'ce51f896209341e3b73c43c41174d19e', '42c2ceaae29b4eb8858e0ea610b8a860');
INSERT INTO `role_user` VALUES ('caed0cdbad3048828471d57f83fd2061', 'ce51f896209341e3b73c43c41174d19e', 'e24623e06c1a447591c33eb3df75d3b6');
INSERT INTO `role_user` VALUES ('cb121cde1312424a8d45d4c8682222ff', 'ce51f896209341e3b73c43c41174d19e', '427bac43bfe942fbba3ec81d58dffd9a');
INSERT INTO `role_user` VALUES ('cb2c19d07ff1464b8eb1dd7cdf85402f', 'ce51f896209341e3b73c43c41174d19e', '203eaa6eee2d418dbc2ff7d646c007dd');
INSERT INTO `role_user` VALUES ('cbf4430cc8c04a649f0119b3ee696849', 'ce51f896209341e3b73c43c41174d19e', 'c45d06aba6d74f7aae37fe5578a986b6');
INSERT INTO `role_user` VALUES ('cd3236b7a81a4df18bdbaa5a83b73c2a', 'ce51f896209341e3b73c43c41174d19e', '1c8ccb46dfcc4deabe9549e457182ad4');
INSERT INTO `role_user` VALUES ('ce05d8c416564fcfb0ee5814fcbaeec2', 'ce51f896209341e3b73c43c41174d19e', '61540e02b2c34d7c939441e17ac8c425');
INSERT INTO `role_user` VALUES ('ce4be9ee50a54430a54b7e5793d3ecd7', 'ce51f896209341e3b73c43c41174d19e', 'aeb2f17ef5564baab9a91c05537233f8');
INSERT INTO `role_user` VALUES ('d0c3128e1a0a4ba0aa67dca0e2e0264b', 'ce51f896209341e3b73c43c41174d19e', '4ee486a7fac64ac3b54c98792d7fbde1');
INSERT INTO `role_user` VALUES ('d18259dbc48042a1ae795ac489a4e669', 'ce51f896209341e3b73c43c41174d19e', '1547e2a83ada4c4cb34d1ab27122bb74');
INSERT INTO `role_user` VALUES ('d27b87189cf64290a2b74b437ece1cb9', 'ce51f896209341e3b73c43c41174d19e', 'fd0d387d69cb43ec943e6167022575e0');
INSERT INTO `role_user` VALUES ('d2e72a592c114f7bb3142ef84aa8c4f7', 'ce51f896209341e3b73c43c41174d19e', 'c6a99108325349499340b58dd4cfbed0');
INSERT INTO `role_user` VALUES ('d41c99e2143c495580a23f0efcee6a6a', 'ce51f896209341e3b73c43c41174d19e', '6a98cd8c311b4631bde44577e69f1d77');
INSERT INTO `role_user` VALUES ('d4453644994942039b43ca779baf05d2', 'ce51f896209341e3b73c43c41174d19e', '6a1821ea598e44329f802fee98bb8761');
INSERT INTO `role_user` VALUES ('d44d7e4047504ce38e2ab1a50b70dd8c', 'ce51f896209341e3b73c43c41174d19e', '3395f365a21547ca8490f4d1004bfaf1');
INSERT INTO `role_user` VALUES ('d5b74656649847da899c3d982dd09194', 'ce51f896209341e3b73c43c41174d19e', '60afb4e267704f46b79ca2d73f70b115');
INSERT INTO `role_user` VALUES ('d5c27a4781ea4e0999dd5015eba76fc8', 'ce51f896209341e3b73c43c41174d19e', '398c5167de2943d0ad35acf8bdf37b4b');
INSERT INTO `role_user` VALUES ('d61331f2659a4f1a934a8bb237f1a759', 'ce51f896209341e3b73c43c41174d19e', '5313b7c9218f4bac836f5590e82cde42');
INSERT INTO `role_user` VALUES ('d61e800298714999ae30e7e51ebd29b2', 'ce51f896209341e3b73c43c41174d19e', '3bc32d21b2a442b1915295225344a6d5');
INSERT INTO `role_user` VALUES ('d647c6336cf24d6e9fa6da6b45615ee5', 'ce51f896209341e3b73c43c41174d19e', '6f1c8308c8a042f4a3273ee6d57e993b');
INSERT INTO `role_user` VALUES ('d6eae8037fec4322bfa209d818a27c8a', 'ce51f896209341e3b73c43c41174d19e', 'b9fc3c211108474aa94fb6e16b7182ec');
INSERT INTO `role_user` VALUES ('d745879f124a470db47c0adee0018be8', 'ce51f896209341e3b73c43c41174d19e', 'ffc76b95de494baab57f7709d5164b34');
INSERT INTO `role_user` VALUES ('d78b5963e67c42709ad518e56f585db2', 'ce51f896209341e3b73c43c41174d19e', '8dddfbbd8964412184467b50ed2c1c2d');
INSERT INTO `role_user` VALUES ('d7bbc0206bad4a87babb547c13eca6b4', 'ce51f896209341e3b73c43c41174d19e', '9274c4bea5ef4cd7bcd82b76b7dcbcf0');
INSERT INTO `role_user` VALUES ('d82ad3ea10f646e1b9b59e329d09070b', 'ce51f896209341e3b73c43c41174d19e', '0e06a5d4f0de4d0cb7486dde2eaf0605');
INSERT INTO `role_user` VALUES ('d839da15b4ef4fa5a0a524e05b0fc56b', 'ce51f896209341e3b73c43c41174d19e', 'baf2ec42ea884961973b0c52ccbb897f');
INSERT INTO `role_user` VALUES ('d8524f882c82401ca3e21fc27caa981a', 'ce51f896209341e3b73c43c41174d19e', '6f54bd09493144f6bfdfe6169d81659b');
INSERT INTO `role_user` VALUES ('d88950041ba34a6ea8c3b16aed6de57d', 'ce51f896209341e3b73c43c41174d19e', '10cb47af6fb745d5ab83a368158e5b7d');
INSERT INTO `role_user` VALUES ('d8e5907eae1a4477872dcd988f8eed25', 'ce51f896209341e3b73c43c41174d19e', 'd37ee3b1cb4d449094ed5919e962ff4b');
INSERT INTO `role_user` VALUES ('d9ff0ee752e44d03a771a26c467943c0', 'ce51f896209341e3b73c43c41174d19e', '5513635d584c441da2f8eada5b62a9c7');
INSERT INTO `role_user` VALUES ('da27976eedc14ff5917982bd19aeaa0c', 'ce51f896209341e3b73c43c41174d19e', '26c0c9f87fac47058c5a8904e9481dd1');
INSERT INTO `role_user` VALUES ('db1b248c3bc24805b49d984f3246760a', 'ce51f896209341e3b73c43c41174d19e', '68da2397ece44a97aea5c29ce974e9eb');
INSERT INTO `role_user` VALUES ('dbb7e82cd5da4217bc921eb9ab0ff588', 'ce51f896209341e3b73c43c41174d19e', 'ad681341ecca4462bfee59241d43c1da');
INSERT INTO `role_user` VALUES ('dbe8128e599e44adb0deaaf95e9b971f', 'ce51f896209341e3b73c43c41174d19e', 'ff5b9173f25749eea838928fd10a4969');
INSERT INTO `role_user` VALUES ('dc258f4898824992822f932646f1c03b', 'ce51f896209341e3b73c43c41174d19e', '5b87dfc8d34f4b17b3f88c02d929edb2');
INSERT INTO `role_user` VALUES ('dc4b1cb1c6634b5083de9fef14ce5200', 'ce51f896209341e3b73c43c41174d19e', 'af272b1d00fa4ecfb72fc991aa4aa50d');
INSERT INTO `role_user` VALUES ('dc608fc696814cb49b32077ee2937ee1', 'ce51f896209341e3b73c43c41174d19e', '5bb0fffe61514ad08f8eafbfbabba487');
INSERT INTO `role_user` VALUES ('dc82803835924c5f91eff173f358f1e9', 'ce51f896209341e3b73c43c41174d19e', '08bcba599aba4eafbb85b8b3ebdde584');
INSERT INTO `role_user` VALUES ('dcf8abc2e600482c98117537a8cca97c', 'ce51f896209341e3b73c43c41174d19e', '144f999122a34e979e69de06fb38b267');
INSERT INTO `role_user` VALUES ('dd2ab70c35c547189c632a44805cc504', 'ce51f896209341e3b73c43c41174d19e', '5d15a4afbd714b288f0f1449a8a865c5');
INSERT INTO `role_user` VALUES ('dd3ebb9244474a1ba487a01640522ad4', 'ce51f896209341e3b73c43c41174d19e', 'ea3bab000ddd4829912ea476142a2bd8');
INSERT INTO `role_user` VALUES ('dd6ccf8fd7ce48609389c0c69639caac', 'ce51f896209341e3b73c43c41174d19e', '2d8517add7a14518a4d2bbb8d741059c');
INSERT INTO `role_user` VALUES ('dd7e4bcba8464e7a94d1c3eb9c658c3b', 'ce51f896209341e3b73c43c41174d19e', 'a5d080b8d2d645fdafac7660d839bf55');
INSERT INTO `role_user` VALUES ('dd9d077bcb89470aafa473a3d1f2e3bf', 'ce51f896209341e3b73c43c41174d19e', 'd020635e4e47479da0371511575beab5');
INSERT INTO `role_user` VALUES ('ddd01bca93da4be0b08ac21905b0cc3c', 'ce51f896209341e3b73c43c41174d19e', '0402376e4d9e48a9b0ee12a2624d3b28');
INSERT INTO `role_user` VALUES ('dddf071db25f406e8635b14d0fe9a4d0', 'ce51f896209341e3b73c43c41174d19e', '98308c3fe9674365a8cb5942ce4b1487');
INSERT INTO `role_user` VALUES ('dde1dd8303194f3d92a19f2a7bc6819c', 'ce51f896209341e3b73c43c41174d19e', 'fa641326536d4917abf594925d4f5a57');
INSERT INTO `role_user` VALUES ('de39e6cb4b874f94ab8c45eae4a19886', 'ce51f896209341e3b73c43c41174d19e', 'cb03a8de61f2474ea44d054eff53415d');
INSERT INTO `role_user` VALUES ('df13d7fcbad44289bfa5d135985afe6a', 'ce51f896209341e3b73c43c41174d19e', 'f22c1744ab5e4f9f945581b12d2c441d');
INSERT INTO `role_user` VALUES ('dfb33aee5dfd4c0ea339f00472a77cbb', 'ce51f896209341e3b73c43c41174d19e', '1e3ac74c98934c81ba9a4df593b6b7ee');
INSERT INTO `role_user` VALUES ('dfbd5f80d22e495191860e60d645abb7', 'ce51f896209341e3b73c43c41174d19e', '667004423ad647fd970aec0f5328aa0b');
INSERT INTO `role_user` VALUES ('dff04ddeda3248d7ba77a6e87a0b0e2a', 'ce51f896209341e3b73c43c41174d19e', '4b8e947aeb8d48e7bbd6424daf0f97ae');
INSERT INTO `role_user` VALUES ('e04509d8f93c4220aca6df04010c3d23', 'ce51f896209341e3b73c43c41174d19e', 'a19a768ef11b40e5abe1fc590712fbf7');
INSERT INTO `role_user` VALUES ('e0875bbd980d4713a5a405b50748b144', 'ce51f896209341e3b73c43c41174d19e', '009e6bad70f145fe8c280b9d61fe4344');
INSERT INTO `role_user` VALUES ('e08c3466c91f4a75bbe28ccfb8f3affc', 'ce51f896209341e3b73c43c41174d19e', 'c03ce39a11034952ad84053169a7f6e7');
INSERT INTO `role_user` VALUES ('e09981c6840b4cfe94a532d5a64d3857', 'ce51f896209341e3b73c43c41174d19e', '1a96c8474ecb483f860bebd1a34b0b33');
INSERT INTO `role_user` VALUES ('e1c1a2edb9f248f1acb02f51fd83b43c', 'ce51f896209341e3b73c43c41174d19e', 'de949c54281c487ab4b9db8914ddb3ea');
INSERT INTO `role_user` VALUES ('e28e7e2644f4499bb8d94c64b2e39bfe', 'ce51f896209341e3b73c43c41174d19e', 'ecbed3a6f88b4f4e8e8485aa74b7a51c');
INSERT INTO `role_user` VALUES ('e388c1cad4b8497091558190bff905d8', 'ce51f896209341e3b73c43c41174d19e', '374ffbe2013f4e3dad06a29ebceec06d');
INSERT INTO `role_user` VALUES ('e3ae4b6338e6461cb26f8ee47a0c02bd', 'ce51f896209341e3b73c43c41174d19e', 'd7a39b9ca48a4e56aff8e5555aebd9e4');
INSERT INTO `role_user` VALUES ('e4268c8144cd421b8c2e09ed255e3dd4', 'ce51f896209341e3b73c43c41174d19e', '565314c714764af28917ff17663fd8ee');
INSERT INTO `role_user` VALUES ('e5978c63bed64e9598baf4ff7bda9a23', 'ce51f896209341e3b73c43c41174d19e', 'd068c8e3150a4e528cbe41bbff3e4d5a');
INSERT INTO `role_user` VALUES ('e5ce1a3dc1f0469fb4bda599aa79fb05', 'ce51f896209341e3b73c43c41174d19e', '56fd725c83d04abf93cbac34dd1705bc');
INSERT INTO `role_user` VALUES ('e5d47eccc8d940eb9755758a301421e4', 'ce51f896209341e3b73c43c41174d19e', 'f29d270a12ef4015846fd2c4b83c7a01');
INSERT INTO `role_user` VALUES ('e5e0cdddd4634756be8b7929c677cf42', 'ce51f896209341e3b73c43c41174d19e', '74435701fb5f4454bcbe8b834e1292d7');
INSERT INTO `role_user` VALUES ('e61cb9b0ff704efc909aad53c1448cbf', 'ce51f896209341e3b73c43c41174d19e', 'a34544c643e04a68bb8029b190363687');
INSERT INTO `role_user` VALUES ('e630ce9b7e114f0c8c0a996a8973a9cd', 'ce51f896209341e3b73c43c41174d19e', 'c9ec811ca13f43bc91b0c870c1f53a29');
INSERT INTO `role_user` VALUES ('e63381bae00a48c985fec408fc57d845', 'ce51f896209341e3b73c43c41174d19e', 'd1bc8ec617aa4499a7a774338f88a74a');
INSERT INTO `role_user` VALUES ('e6717608b95d42b7821a930fa63a1c01', 'ce51f896209341e3b73c43c41174d19e', '75ebefc4d9c84b778f00dbc43a011b27');
INSERT INTO `role_user` VALUES ('e6ec8c7037704533a575d2cb43b8af18', 'ce51f896209341e3b73c43c41174d19e', '48138840b1bb4f1fb6e7e0bea687af82');
INSERT INTO `role_user` VALUES ('e7d3c611b6de4d4e929a4951c0a52632', 'ce51f896209341e3b73c43c41174d19e', '9b6d9b2931a74924aa5b3b9e5ed27d8a');
INSERT INTO `role_user` VALUES ('e7e0377eb9714f30bff754c5d2606ae4', 'ce51f896209341e3b73c43c41174d19e', 'e4f3a630711046f0ae9ef6653ad807ee');
INSERT INTO `role_user` VALUES ('e83e3922ae8147bea1f1351d200846f8', 'ce51f896209341e3b73c43c41174d19e', '3d7f17a1f768422f97c0a5cfa862e9ed');
INSERT INTO `role_user` VALUES ('e8cec31a9b5d491888d2d24edd11c2d5', 'ce51f896209341e3b73c43c41174d19e', '61ef295131e54da395da20d8a2035364');
INSERT INTO `role_user` VALUES ('e9ab91be3fc446958306793147824195', 'ce51f896209341e3b73c43c41174d19e', '481106a194d1415ca29fa9f3ab0d15a9');
INSERT INTO `role_user` VALUES ('ea13c7595f1741e8af1cdeea80db747d', 'ce51f896209341e3b73c43c41174d19e', 'b4046ef493e44a3db2e9d102f0c7e094');
INSERT INTO `role_user` VALUES ('ea28da81788b4592be415c5404d68512', 'ce51f896209341e3b73c43c41174d19e', '6f1ecaaa77114f43b76e82edaba82adb');
INSERT INTO `role_user` VALUES ('ea86a08274064a41a66c8bc411b7ac4a', 'ce51f896209341e3b73c43c41174d19e', '0f842ca3180242989914735e24d6a5f0');
INSERT INTO `role_user` VALUES ('eb380653dfcb42aab6f5ea30c8c4308c', 'ce51f896209341e3b73c43c41174d19e', 'ceaad194b5a84cc4946c32c479a94055');
INSERT INTO `role_user` VALUES ('eb76f4f053af47e3a6b96377c9267478', 'ce51f896209341e3b73c43c41174d19e', '56222eaba68d43b18a7469edd7b7092e');
INSERT INTO `role_user` VALUES ('eb7d7ca6ccce4d5bbea0a0a8c8facc40', 'ce51f896209341e3b73c43c41174d19e', 'aa6c5f989c07448592864af0d33e8591');
INSERT INTO `role_user` VALUES ('ec23727fb22d48ac8f32639dc5c1fa5d', 'ce51f896209341e3b73c43c41174d19e', 'cfb4304d00ae45e9b228f19e23558644');
INSERT INTO `role_user` VALUES ('ec37d99d89814662ac83c1371bec02a1', 'ce51f896209341e3b73c43c41174d19e', 'bdf5b27511a44c3d99d146d5d70f5994');
INSERT INTO `role_user` VALUES ('ec938d634c50441eba159b0ed3d2c109', 'ce51f896209341e3b73c43c41174d19e', '09f98f44b19d4889bdc8709bdc315917');
INSERT INTO `role_user` VALUES ('ed02022f115a4007bc44a586e23b25fd', 'ce51f896209341e3b73c43c41174d19e', 'af08cec990ca48149f88aaa26425a02c');
INSERT INTO `role_user` VALUES ('ed467bad6ab7492384f69e752b142af3', 'ce51f896209341e3b73c43c41174d19e', '55e5568aa4a54b4f919d507cc872ade5');
INSERT INTO `role_user` VALUES ('edb96bf7badc4b2f9926dd9ad2924a43', 'ce51f896209341e3b73c43c41174d19e', 'ba3f80a3ddf8402eb012d204ff084cdd');
INSERT INTO `role_user` VALUES ('edda17960d3842aa9360b196825dff17', 'ce51f896209341e3b73c43c41174d19e', '9a9a5233ca8949c38804eedb5ecb8e9a');
INSERT INTO `role_user` VALUES ('eef9789ca39f425aa8e334053bf2f959', 'ce51f896209341e3b73c43c41174d19e', 'd3f244c424e74471840c298761dcfaf9');
INSERT INTO `role_user` VALUES ('ef1f76250c614bc59a722ae60b6460e4', 'ce51f896209341e3b73c43c41174d19e', 'eb9cd0a5df8945c8959d3fbd56f8afa1');
INSERT INTO `role_user` VALUES ('ef401be4e2f8453ba4aeaf227ea697a3', 'ce51f896209341e3b73c43c41174d19e', '86b5a91cbd714563984c490318c161dd');
INSERT INTO `role_user` VALUES ('f1cacd3898fb4daca70d630caa6ccbb5', 'ce51f896209341e3b73c43c41174d19e', '3890c6fab4e5410ba81b6cc4d7494f0a');
INSERT INTO `role_user` VALUES ('f1f50a4f0d6e467eaa43b38d0d9849f5', 'ce51f896209341e3b73c43c41174d19e', 'b114ad6c7e744acab8476ef467e71f69');
INSERT INTO `role_user` VALUES ('f1f8d80c4819484297eb84d0f523464e', 'ce51f896209341e3b73c43c41174d19e', '4a0579fcdc6c46bba1f59879cc264211');
INSERT INTO `role_user` VALUES ('f222d8a35b32432cbc4e77e5d69fec9a', 'ce51f896209341e3b73c43c41174d19e', 'cb110b48aed048bdb8f5bba484918c37');
INSERT INTO `role_user` VALUES ('f264807a198d47cb875dcc50391adfb0', 'ce51f896209341e3b73c43c41174d19e', '324139cfe7804681a80de3fe3139bfbd');
INSERT INTO `role_user` VALUES ('f2e4e0e60339493eb5ad9ddb847bc31d', 'ce51f896209341e3b73c43c41174d19e', 'fad46e5b81014e17b338b2e42d5a18ff');
INSERT INTO `role_user` VALUES ('f32ff986e06f4daca347d6bb4bcdfb6d', 'ce51f896209341e3b73c43c41174d19e', '7a9532024bff4cffa416c817fc95cfdb');
INSERT INTO `role_user` VALUES ('f3a12622326445249563348f7ac5c93d', 'ce51f896209341e3b73c43c41174d19e', '97dc845ec23c4db5be0b1edc470dac34');
INSERT INTO `role_user` VALUES ('f45b229f68744f678320f83f186e626b', 'ce51f896209341e3b73c43c41174d19e', '0ce7b49be8fd48348e9d840378a5d1b4');
INSERT INTO `role_user` VALUES ('f535aa9eb20f461f8bfaaf0461205792', 'ce51f896209341e3b73c43c41174d19e', '3ff13312783b4c4eb226c31206d94764');
INSERT INTO `role_user` VALUES ('f5ad076c8ec84fd883c6611d74f37607', 'ce51f896209341e3b73c43c41174d19e', '42e3f6e8c0e04a7abf3b824a70abf717');
INSERT INTO `role_user` VALUES ('f696e48630bf4a4c9f2c48dbca7b4840', 'ce51f896209341e3b73c43c41174d19e', '64217b9c09364dd7a81afec0c225fcd3');
INSERT INTO `role_user` VALUES ('f6ff9440e35f474d905a3728cd74e01e', 'ce51f896209341e3b73c43c41174d19e', 'caa7a07dddba40309a5e58b461354a96');
INSERT INTO `role_user` VALUES ('f8443aee7a5c414fb5d5362b34e7f3a0', 'ce51f896209341e3b73c43c41174d19e', 'adc7d51073cf431b974fa29bfeb9ada3');
INSERT INTO `role_user` VALUES ('f90e9180c2ac4d14987b35b7be2ca1eb', 'ce51f896209341e3b73c43c41174d19e', '97de5ae9b8224b8d98d0ff2ae369fe5b');
INSERT INTO `role_user` VALUES ('f9641d25e7194914b965e0101da6430c', 'ce51f896209341e3b73c43c41174d19e', 'd8b42c7dc71e4ceb8709897d9621028b');
INSERT INTO `role_user` VALUES ('f9d89e8bf94c40cb9fea706d4eead16d', 'ce51f896209341e3b73c43c41174d19e', '9c0622b25033431abaf11a78f26a1e76');
INSERT INTO `role_user` VALUES ('fa47c130a903416aa2773c8a67adfee5', 'ce51f896209341e3b73c43c41174d19e', '4936419467e24111b75d93577365aae1');
INSERT INTO `role_user` VALUES ('fb3f497fbe1b46769ef141ac3062fd67', 'ce51f896209341e3b73c43c41174d19e', '2d7ad9f368824c7992b8c09370b38f82');
INSERT INTO `role_user` VALUES ('fb6ff911ad5845909cc6e88de98678a7', 'ce51f896209341e3b73c43c41174d19e', '4ba58ae38b594ec2839f1c8660927b88');
INSERT INTO `role_user` VALUES ('fb71cf8c6f2e430798656f2b5ca8f1b5', 'ce51f896209341e3b73c43c41174d19e', '7642ffbae67b40a59252070f96997716');
INSERT INTO `role_user` VALUES ('fbd2f7178f4f4c18973be82282ed5cf8', 'ce51f896209341e3b73c43c41174d19e', '12839bde7eed4b0db1c58bad8c55cadb');
INSERT INTO `role_user` VALUES ('fbd888608819454a99fdcc8742c52d69', 'ce51f896209341e3b73c43c41174d19e', '776362f31a4b459fba4730229b38cafe');
INSERT INTO `role_user` VALUES ('fbe5ae6a07d747f5a78e5e95b0bbf97b', 'ce51f896209341e3b73c43c41174d19e', 'e1bb5be1341047f199f07e151cc89625');
INSERT INTO `role_user` VALUES ('fc321b763bf54d5fbad642bb6413e409', 'ce51f896209341e3b73c43c41174d19e', 'd4b155436ec74adfb262c1d6a98f6226');
INSERT INTO `role_user` VALUES ('fc430714c9b44286b732fcab7817cf15', 'ce51f896209341e3b73c43c41174d19e', '8c029f0962a94b8a881c3ce84b894add');
INSERT INTO `role_user` VALUES ('fc4cb55359cf4b278af1b0630ea9d492', 'ce51f896209341e3b73c43c41174d19e', 'b3ab5dd1c5e74bd89ebae81cf84defb2');
INSERT INTO `role_user` VALUES ('fcf1e4022ce34bdca45b6723bca1959d', 'f009a23f10ef45dda0d41260cad2fae8', 'f0eca1c920d04a78bc330957cf71a5d9');
INSERT INTO `role_user` VALUES ('fdde2bb4169148ec9e3a3b23ec775e3a', 'ce51f896209341e3b73c43c41174d19e', '5156d7a0c0cf404184152be95ddc6c3e');
INSERT INTO `role_user` VALUES ('fe0700eef72b4308ba5fbf824b1ad50c', 'ce51f896209341e3b73c43c41174d19e', '6558857117724314807f31d66f6dfe48');
INSERT INTO `role_user` VALUES ('fe50fdf1cb3d49ce82640ec43a801006', 'ce51f896209341e3b73c43c41174d19e', '3149482f04ae4ac7b95e3973519a6ddb');
INSERT INTO `role_user` VALUES ('fe8022d0d7bf4ff5b781d68a2a5b1391', 'ce51f896209341e3b73c43c41174d19e', 'd39ef1c93be84accb8faebe815a30fc4');
INSERT INTO `role_user` VALUES ('ff8d03b810d74756ae92ac5e0bf7a1fa', 'ce51f896209341e3b73c43c41174d19e', 'f7bb4a83c29e4897b5cc10db767c69a6');

-- ----------------------------
-- Table structure for `school_info`
-- ----------------------------
DROP TABLE IF EXISTS `school_info`;
CREATE TABLE `school_info` (
  `id` varchar(100) NOT NULL,
  `name` varchar(100) default NULL,
  `code` varchar(50) default NULL,
  `typeId` varchar(100) default NULL,
  `categoryId` varchar(100) default NULL,
  `seq` int(11) default NULL,
  `unitId` varchar(100) default NULL,
  `isDeleted` char(1) default NULL,
  `creator` varchar(100) default NULL,
  `createdate` varchar(23) default NULL,
  PRIMARY KEY  (`id`)
) ENGINE=InnoDB DEFAULT CHARSET=utf8;

-- ----------------------------
-- Records of school_info
-- ----------------------------
INSERT INTO `school_info` VALUES ('1', null, null, null, '**asasdfghasdfgh', null, null, null, null, null);

-- ----------------------------
-- Table structure for `teacher_info`
-- ----------------------------
DROP TABLE IF EXISTS `teacher_info`;
CREATE TABLE `teacher_info` (
  `id` varchar(100) NOT NULL,
  `userId` varchar(100) default NULL,
  `schoolId` varchar(100) default NULL,
  `name` varchar(50) default NULL,
  `sex` char(1) default NULL,
  `raceId` varchar(100) default NULL,
  `partisanId` varchar(100) default NULL,
  `idcard` varchar(18) default NULL,
  `telephone` varchar(15) default NULL,
  `address` varchar(200) default NULL,
  `qq` varchar(15) default NULL,
  `wechat` varchar(100) default NULL,
  `zkxdId` varchar(100) default NULL,
  `zkxkId` varchar(100) default NULL,
  `fkxdId` varchar(100) default NULL,
  `fkxkId` varchar(100) default NULL,
  `createdate` varchar(23) default NULL,
  `creator` varchar(100) default NULL,
  `isDeleted` char(1) default NULL,
  `card` varchar(10) default NULL,
  PRIMARY KEY  (`id`)
) ENGINE=InnoDB DEFAULT CHARSET=utf8;

-- ----------------------------
-- Records of teacher_info
-- ----------------------------
INSERT INTO `teacher_info` VALUES ('00317770ebde4c37ad40fb60f5fd068d', 'e9b952b4587c45abb7346a22538fbab7', '7af7012dc4644a049045d32c0f0bd839', '', '0', '0736efcbffc14d558c1f5d62b7748bdc', null, '350824199108290026', '18850582203', '', '', null, '9e9d2a20e2e94c81afa9501b2509f981', '91e448e7a283442592fe0e09df2f7536', null, null, '2016-01-13 11:41:30', '4b1e47c16aca4e919109d0a6a2fd4d9b', '0', null);
INSERT INTO `teacher_info` VALUES ('015538f2daa2403098a0f8c3371202b0', 'd2c267afd23d4592916146a7589db250', '8a3ef695e7524bf1964532cd2a197712', '', '0', '0736efcbffc14d558c1f5d62b7748bdc', null, '420922199106140041', '18459264703', null, null, null, 'b34a3fb4bbbb4590a29dfb11aa98996e', '1df544b4e2834eaf97803c51fae7368f', null, null, null, null, '0', null);
INSERT INTO `teacher_info` VALUES ('03d9b6b133e64c5b8ecd419ab12c1751', '5a273f8db6194578b498f1ef5054e1ea', '8a3ef695e7524bf1964532cd2a197712', '', '0', '0736efcbffc14d558c1f5d62b7748bdc', '2755fa3f1ef749c3a2bef8a00aa4de43', '350212199112294523', '13328785109', null, null, null, '9e9d2a20e2e94c81afa9501b2509f981', '2e96280642d84076832a6fddaead50f7', null, null, null, null, '0', null);
INSERT INTO `teacher_info` VALUES ('04c07692fa6b4150a2b2741b056f2c1a', 'ce498490d4204f92ac95a2367d983ed1', '715297a51a3e4e34a29a2f7be2543843', '', '0', '0736efcbffc14d558c1f5d62b7748bdc', '2755fa3f1ef749c3a2bef8a00aa4de43', '350427198903050024', '13850826042', null, '124062023', null, '9e9d2a20e2e94c81afa9501b2509f981', '86879dfc63ea4e49a0c71b8c78aa4d4b', null, null, null, null, '0', null);
INSERT INTO `teacher_info` VALUES ('0544c66e78c54890b162deddc2ba9e9e', 'a97ba4aa0dc54644b5c503c3eccfc54f', '715297a51a3e4e34a29a2f7be2543843', '', '0', '0736efcbffc14d558c1f5d62b7748bdc', '2755fa3f1ef749c3a2bef8a00aa4de43', '350205198909242028', '18850513597', null, null, null, '9e9d2a20e2e94c81afa9501b2509f981', '91e448e7a283442592fe0e09df2f7536', null, null, null, null, '0', null);
INSERT INTO `teacher_info` VALUES ('079d38c48b94412ba6f2cb7aed3200b6', 'a6820011f7c841969e6b58700a76ddd6', 'ce4b08939a4b4f0282eda631aea02a31', '', '0', '0736efcbffc14d558c1f5d62b7748bdc', null, '350629198005041023', '18120762109', null, '2544956373', null, '5ddf22229e5c4ceba31e0f84a5f77a04', '4eba1c17815e4d70bb26155cfd08d008', null, null, null, null, '0', null);
INSERT INTO `teacher_info` VALUES ('07e9f728027645019396154cd781b5c0', '74730dfc352344df891d83ecd707ef5b', '8a3ef695e7524bf1964532cd2a197712', '', '1', '0736efcbffc14d558c1f5d62b7748bdc', '2755fa3f1ef749c3a2bef8a00aa4de43', '350212199011050554', '15396206823', null, null, null, 'b34a3fb4bbbb4590a29dfb11aa98996e', 'ec786d68d9414af4b33cc5d66be5466e', null, null, null, null, '0', null);
INSERT INTO `teacher_info` VALUES ('0a206081f6f74cf6b8f6e73e4a4126dd', '28ce79b597fd4c1981524dc65c81bc66', '8a3ef695e7524bf1964532cd2a197712', '', '1', '0736efcbffc14d558c1f5d62b7748bdc', null, '350206198910072018', '15985848885', null, null, null, '9e9d2a20e2e94c81afa9501b2509f981', 'a3dd479888294110897b522bbdcbb0f3', null, null, null, null, '0', null);
INSERT INTO `teacher_info` VALUES ('0d7cec558c6c46da833fd2dc5c16f217', '158ed14024a94b799fc9a07fe0d7f997', '8a3ef695e7524bf1964532cd2a197712', '', '0', '0736efcbffc14d558c1f5d62b7748bdc', null, '350204199201296520', '18650029141', null, null, null, 'b34a3fb4bbbb4590a29dfb11aa98996e', '13c5f255e43a48a285126668d89a45e1', null, null, null, null, '0', null);
INSERT INTO `teacher_info` VALUES ('0eff6353f18c4d2eb720839f5365eb5b', 'ab2ab29f57c5440d8fde2a9abc81d74f', '095dde26e77c405bb1e24129794ea2f2', '', '0', '0736efcbffc14d558c1f5d62b7748bdc', null, '340828199003243921', '15159237348', null, null, null, 'b34a3fb4bbbb4590a29dfb11aa98996e', '3581c96657694fb78dba835ddb175384', null, null, null, null, '0', null);
INSERT INTO `teacher_info` VALUES ('12b2a12b95d94f40b48f871b8036f7ee', '6299ee5df3e24a9a90f3f0b291b0774e', '8a3ef695e7524bf1964532cd2a197712', '', '0', '0736efcbffc14d558c1f5d62b7748bdc', '2755fa3f1ef749c3a2bef8a00aa4de43', '22020419930606302X', '15604323757', null, null, null, '9e9d2a20e2e94c81afa9501b2509f981', '583dfea38bbe4801aba866170d155f57', null, null, null, null, '0', null);
INSERT INTO `teacher_info` VALUES ('134d89f33ef64172916cfaafda184d87', 'f4f7f3ac43a3489e9eb115b707035dc7', '69856c57d29448fba7557bb0bd066222', '', '0', '0736efcbffc14d558c1f5d62b7748bdc', null, '350681199101031108', '15980760653', null, null, null, '5ddf22229e5c4ceba31e0f84a5f77a04', '4eba1c17815e4d70bb26155cfd08d008', null, null, null, null, '0', null);
INSERT INTO `teacher_info` VALUES ('13cae959d2c64589bf23f94e47bccdba', '262e25951add4091bb86c3504d87ece5', '8a3ef695e7524bf1964532cd2a197712', '', '1', '0736efcbffc14d558c1f5d62b7748bdc', '2755fa3f1ef749c3a2bef8a00aa4de43', '35021219871118003X', '15880255715', null, null, null, '9e9d2a20e2e94c81afa9501b2509f981', '36b5f8619e31461c8a8701cf0ff6cfe7', null, null, null, null, '0', null);
INSERT INTO `teacher_info` VALUES ('1547e794f7284efe9965d496f2cf1dce', 'fb166b5d56984cf795c1300aa3d29f87', 'e861c76094cf4e1ab02a5268275b7d84', '', '1', '0736efcbffc14d558c1f5d62b7748bdc', null, '35020519900323101X', '18650435576', null, null, null, '9e9d2a20e2e94c81afa9501b2509f981', 'a3dd479888294110897b522bbdcbb0f3', null, null, null, null, '0', null);
INSERT INTO `teacher_info` VALUES ('15845ae079dc44a582165184fb4d29f1', '8c9012a3742f4c3681e3d9939887e9ac', '398fde1e08aa4fcba247b920fa187ffa', '', '0', '0736efcbffc14d558c1f5d62b7748bdc', null, '350823198904010020', '18505925153', null, null, null, '9e9d2a20e2e94c81afa9501b2509f981', '36b5f8619e31461c8a8701cf0ff6cfe7', null, null, null, null, '0', null);
INSERT INTO `teacher_info` VALUES ('163cc2f33b5847b38ea972401aa5a569', '81716d731b1841b2a313b80cde07041d', '7af7012dc4644a049045d32c0f0bd839', '', '0', '0736efcbffc14d558c1f5d62b7748bdc', null, '350823198707174923', '18659276376', '', '', null, '9e9d2a20e2e94c81afa9501b2509f981', '36b5f8619e31461c8a8701cf0ff6cfe7', null, null, '2016-01-13 11:41:30', '4b1e47c16aca4e919109d0a6a2fd4d9b', '0', null);
INSERT INTO `teacher_info` VALUES ('1728986a4d3548eeb2e228ca51f311fd', '0a8c810a543e44be9e9df5663b6ade12', '75a58eee7db04599b361cee190306c7a', '', '0', '0736efcbffc14d558c1f5d62b7748bdc', null, '350205199407071024', '13806099089', '', '', null, '5ddf22229e5c4ceba31e0f84a5f77a04', '4eba1c17815e4d70bb26155cfd08d008', null, null, '2016-01-15 09:22:47', '4b1e47c16aca4e919109d0a6a2fd4d9b', '0', null);
INSERT INTO `teacher_info` VALUES ('17812e3d26a84daba20c35fedc91dbee', 'f099244c6ec947008669ea9fedb4589d', 'dc402aa598e441b7aed6aefe6ce39ce4', '', '0', '0736efcbffc14d558c1f5d62b7748bdc', null, '350128199210085528', '18850560832', null, null, null, '9e9d2a20e2e94c81afa9501b2509f981', '7353a169c3a44a508002d9103c0c868d', null, null, null, null, '0', null);
INSERT INTO `teacher_info` VALUES ('18b6db99f7f34c939072225471043139', '32928ca42a3f469287eef80e0ef58992', 'a036677ec60d438e97fe54144dff7f78', '', '0', '0736efcbffc14d558c1f5d62b7748bdc', '2755fa3f1ef749c3a2bef8a00aa4de43', '350600197905030525', '18064460906', null, '2043254963', null, '9e9d2a20e2e94c81afa9501b2509f981', '36b5f8619e31461c8a8701cf0ff6cfe7', null, null, null, null, '0', null);
INSERT INTO `teacher_info` VALUES ('1afec74fa0e7459188455740efe918c6', '36aef5822c6244268df19b884663b283', '8a3ef695e7524bf1964532cd2a197712', '', '1', '0736efcbffc14d558c1f5d62b7748bdc', '2755fa3f1ef749c3a2bef8a00aa4de43', '370782198901093076', '15080304393', null, null, null, 'b34a3fb4bbbb4590a29dfb11aa98996e', 'ec786d68d9414af4b33cc5d66be5466e', null, null, null, null, '0', null);
INSERT INTO `teacher_info` VALUES ('1bb8e36d17da4208a2d202f0cc5a6c12', 'd45ee888e6f44f949c2466ff622a68c0', '398fde1e08aa4fcba247b920fa187ffa', '', '0', '0736efcbffc14d558c1f5d62b7748bdc', null, '350322197811145120', '13860487923', null, null, null, '9e9d2a20e2e94c81afa9501b2509f981', '86879dfc63ea4e49a0c71b8c78aa4d4b', null, null, null, null, '0', null);
INSERT INTO `teacher_info` VALUES ('1be24bc6f47c45149b43de3fa6aa68c1', '76a680f6cc374412bc5045fa5798e6d8', '715297a51a3e4e34a29a2f7be2543843', '', '0', '0736efcbffc14d558c1f5d62b7748bdc', null, '350205199004262547', '15060713871', null, null, null, '9e9d2a20e2e94c81afa9501b2509f981', 'c83880827f6e4cf280694e3666535f0c', null, null, null, null, '0', null);
INSERT INTO `teacher_info` VALUES ('1bf7ff548c174bf8b599c3ca434b1c33', '14addd23875349f7909bdf1aa6c3aa88', '8a3ef695e7524bf1964532cd2a197712', '', '0', '0736efcbffc14d558c1f5d62b7748bdc', '2755fa3f1ef749c3a2bef8a00aa4de43', '350628198809022040', '17750669701', null, null, null, '9e9d2a20e2e94c81afa9501b2509f981', '21270ba66aaa4d57a535db9f64306426', null, null, null, null, '0', null);
INSERT INTO `teacher_info` VALUES ('1dcddd0e159c4b558339dc0e96346041', 'a8618c938ca64704b45702f7f8eaed9e', '1d49f6195dc6450794bb667db3b5d63b', '', '0', '0736efcbffc14d558c1f5d62b7748bdc', null, '350628197510290046', '15306007449', null, null, null, '9e9d2a20e2e94c81afa9501b2509f981', '583dfea38bbe4801aba866170d155f57', '9e9d2a20e2e94c81afa9501b2509f981', 'da8011d67ec74a01beef7c6043de450c', null, null, '0', null);
INSERT INTO `teacher_info` VALUES ('1ef30646a35349019968f6ebf45aa842', '9b9d7cb655034cd283091f19f1044fca', '095dde26e77c405bb1e24129794ea2f2', '', '0', '0736efcbffc14d558c1f5d62b7748bdc', null, '35021219910209152X', '18060914590', null, null, null, 'b34a3fb4bbbb4590a29dfb11aa98996e', 'ef807a340e044440b36cceb76777ea63', null, null, null, null, '0', null);
INSERT INTO `teacher_info` VALUES ('1fa5e6ab66374f30923e89df5f979dbf', 'db35f800fab24de7a2eab8c535606692', '05fe0bb545cf4bd8b6df85cb148c8e40', '', '0', '0736efcbffc14d558c1f5d62b7748bdc', null, '350524198808303042', '18050053869', null, null, null, '9e9d2a20e2e94c81afa9501b2509f981', '36b5f8619e31461c8a8701cf0ff6cfe7', null, null, null, null, '0', null);
INSERT INTO `teacher_info` VALUES ('229799ab07c64edcab110052c8aec85f', 'd9c393eb678c41848d739c3bb2dd3148', '715297a51a3e4e34a29a2f7be2543843', '', '0', '0736efcbffc14d558c1f5d62b7748bdc', '2755fa3f1ef749c3a2bef8a00aa4de43', '350622199105150067', '18950189155', null, null, null, '9e9d2a20e2e94c81afa9501b2509f981', '91e448e7a283442592fe0e09df2f7536', '9e9d2a20e2e94c81afa9501b2509f981', '2e96280642d84076832a6fddaead50f7', null, null, '0', null);
INSERT INTO `teacher_info` VALUES ('24dd59ecdb2c4cd4bafcfa13dc248889', '996125b1b98249c0a547642d22938452', '6097e232161c4bf6961cf946bb8fe805', '', '0', '0736efcbffc14d558c1f5d62b7748bdc', '2755fa3f1ef749c3a2bef8a00aa4de43', '350212198701304545', '15759291512', null, null, null, '9e9d2a20e2e94c81afa9501b2509f981', '91e448e7a283442592fe0e09df2f7536', '9e9d2a20e2e94c81afa9501b2509f981', '2e96280642d84076832a6fddaead50f7', null, null, '0', null);
INSERT INTO `teacher_info` VALUES ('26d1a4cfa9ed4cf2baa62425527e2f76', '9771e2069f59406c90b351c36b86a22a', '6097e232161c4bf6961cf946bb8fe805', '', '0', '0736efcbffc14d558c1f5d62b7748bdc', null, '350123198803080320', '13720889953', '', '', null, '9e9d2a20e2e94c81afa9501b2509f981', '86879dfc63ea4e49a0c71b8c78aa4d4b', null, null, null, null, '0', null);
INSERT INTO `teacher_info` VALUES ('27ece220a3cd4cff848e332dbcd0a830', '3d23737176a642d59fee5326a7e0f195', '41fa7688e49c41b4bbf9131bed79f672', '', '0', '0736efcbffc14d558c1f5d62b7748bdc', null, '350481199212250521', '18750204186', null, null, null, '9e9d2a20e2e94c81afa9501b2509f981', '7353a169c3a44a508002d9103c0c868d', null, null, null, null, '0', null);
INSERT INTO `teacher_info` VALUES ('289d11691a54458abd9861b36380b64c', '6f54411bfa1a45d49cda7c827152ae44', '53a83fd979244e1f89817578acb9760f', '', '0', '0736efcbffc14d558c1f5d62b7748bdc', null, '350721198910290024', '15960200506', '', '', null, 'b34a3fb4bbbb4590a29dfb11aa98996e', '961049bb29e349a4969500e6e5360c82', null, null, '2016-01-15 09:22:47', '4b1e47c16aca4e919109d0a6a2fd4d9b', '0', null);
INSERT INTO `teacher_info` VALUES ('2bed786f0db44c4bb2857f001302c120', '95f74540dbc14df0abb8d01b76383bde', 'a036677ec60d438e97fe54144dff7f78', '', '0', '0736efcbffc14d558c1f5d62b7748bdc', null, '35068119861122102X', '15959600319', null, null, null, '9e9d2a20e2e94c81afa9501b2509f981', '36b5f8619e31461c8a8701cf0ff6cfe7', null, null, null, null, '0', null);
INSERT INTO `teacher_info` VALUES ('2c4299df86df44f9af96473772268498', 'c58a39e1404a4f4d91fc8afa10ee7f00', '398fde1e08aa4fcba247b920fa187ffa', '', '0', '0736efcbffc14d558c1f5d62b7748bdc', null, '350212199104061527', '18850513291', '', '', null, '9e9d2a20e2e94c81afa9501b2509f981', 'c83880827f6e4cf280694e3666535f0c', null, null, '2016-01-15 09:22:47', '4b1e47c16aca4e919109d0a6a2fd4d9b', '0', null);
INSERT INTO `teacher_info` VALUES ('2cae55af9be844d78b5735ee07e66903', '51e9b4b54da543fd99cf498ac55e7ae4', '6097e232161c4bf6961cf946bb8fe805', '', '0', '0736efcbffc14d558c1f5d62b7748bdc', '2755fa3f1ef749c3a2bef8a00aa4de43', '35092419930607002X', '15259500155', null, null, null, '9e9d2a20e2e94c81afa9501b2509f981', '36b5f8619e31461c8a8701cf0ff6cfe7', '9e9d2a20e2e94c81afa9501b2509f981', '36b5f8619e31461c8a8701cf0ff6cfe7', null, null, '0', null);
INSERT INTO `teacher_info` VALUES ('2e5224ffed444b3192720704e28008ec', '1c87e7fef7e64b07a7b24eb5dd2b7c6b', '8a3ef695e7524bf1964532cd2a197712', '', '0', '0736efcbffc14d558c1f5d62b7748bdc', null, '350204199308031020', '18030078883', null, null, null, 'b34a3fb4bbbb4590a29dfb11aa98996e', 'ec786d68d9414af4b33cc5d66be5466e', null, null, null, null, '0', null);
INSERT INTO `teacher_info` VALUES ('2e6e5b7997fe4597ad8acf3af34988ef', '5204a7ca0b8245a29a467fba8a8cd9eb', '398fde1e08aa4fcba247b920fa187ffa', '', '0', '0736efcbffc14d558c1f5d62b7748bdc', null, '350211199109053028', '18959260921', null, null, null, '9e9d2a20e2e94c81afa9501b2509f981', '583dfea38bbe4801aba866170d155f57', null, null, null, null, '0', null);
INSERT INTO `teacher_info` VALUES ('2f35df26fd1a4c6bb4deb48808aab9a0', '58ef604e24dc4a108a2b26f97da4a1c9', '715297a51a3e4e34a29a2f7be2543843', '', '0', '0736efcbffc14d558c1f5d62b7748bdc', '2755fa3f1ef749c3a2bef8a00aa4de43', '350205198912201024', '13850066003', null, null, null, '9e9d2a20e2e94c81afa9501b2509f981', '6279cdc2ac5d4dbc97dcf300e51d384e', null, null, null, null, '0', null);
INSERT INTO `teacher_info` VALUES ('31b6d60af1834912b281547c092c42f6', 'e86e20f70bd4434cb77584567f7f6fe7', '8a3ef695e7524bf1964532cd2a197712', '', '0', '0736efcbffc14d558c1f5d62b7748bdc', '2755fa3f1ef749c3a2bef8a00aa4de43', '350205199208181028', '18250716064', null, null, null, '9e9d2a20e2e94c81afa9501b2509f981', '36b5f8619e31461c8a8701cf0ff6cfe7', null, null, null, null, '0', null);
INSERT INTO `teacher_info` VALUES ('32f920a6d2374276a6ceb27b1c9039cf', 'dbe2fc6d341b43bb811829bd5263ce45', '6097e232161c4bf6961cf946bb8fe805', '', '0', '0736efcbffc14d558c1f5d62b7748bdc', null, '350824199002240047', '13306040032', null, null, null, '9e9d2a20e2e94c81afa9501b2509f981', '21270ba66aaa4d57a535db9f64306426', '9e9d2a20e2e94c81afa9501b2509f981', '2e96280642d84076832a6fddaead50f7', null, null, '0', null);
INSERT INTO `teacher_info` VALUES ('336c1f7f509f49bb8fbea232b54efdbd', '091f986b51024a2eabca8cbf5f88cd6c', '715297a51a3e4e34a29a2f7be2543843', '', '0', '0736efcbffc14d558c1f5d62b7748bdc', null, '350625197706030028', '18750949966', null, null, null, '9e9d2a20e2e94c81afa9501b2509f981', '36b5f8619e31461c8a8701cf0ff6cfe7', '9e9d2a20e2e94c81afa9501b2509f981', '36b5f8619e31461c8a8701cf0ff6cfe7', null, null, '0', null);
INSERT INTO `teacher_info` VALUES ('35ddbf8b00204f1d8f37f82241afd19a', 'dbd5b2c483ec48ba90c2bb3866d6a553', '095dde26e77c405bb1e24129794ea2f2', '', '0', '0736efcbffc14d558c1f5d62b7748bdc', '2755fa3f1ef749c3a2bef8a00aa4de43', '220122198808230441', '18259226590', null, null, null, 'b34a3fb4bbbb4590a29dfb11aa98996e', '13c5f255e43a48a285126668d89a45e1', null, null, null, null, '0', null);
INSERT INTO `teacher_info` VALUES ('383a169122b74ca39ac2448e0a0d43c9', 'a1bdc90eed4348f5afd1d42d1e1b4467', '8a3ef695e7524bf1964532cd2a197712', '', '0', '0736efcbffc14d558c1f5d62b7748bdc', '2755fa3f1ef749c3a2bef8a00aa4de43', '350202198902011025', '13859983885', null, null, null, '9e9d2a20e2e94c81afa9501b2509f981', '36b5f8619e31461c8a8701cf0ff6cfe7', null, null, null, null, '0', null);
INSERT INTO `teacher_info` VALUES ('384fe8e5c4414ef69bd4a6e8f8fa3176', 'f5a3e9353743424fb5798501e12a8cf6', '3a3127a2a54143cf8d7446d60d4b83e2', '', '0', '0736efcbffc14d558c1f5d62b7748bdc', null, '352230199210062149', '15659816470', null, null, null, '9e9d2a20e2e94c81afa9501b2509f981', '86879dfc63ea4e49a0c71b8c78aa4d4b', null, null, null, null, '0', null);
INSERT INTO `teacher_info` VALUES ('3988c3d850764bfc9509ae032d4c234d', '591dfa855bb0403abf4bbea95269b496', 'a036677ec60d438e97fe54144dff7f78', '', '0', '0736efcbffc14d558c1f5d62b7748bdc', null, '350524199101157226', '15860750447', null, null, null, '9e9d2a20e2e94c81afa9501b2509f981', '6279cdc2ac5d4dbc97dcf300e51d384e', null, null, null, null, '0', null);
INSERT INTO `teacher_info` VALUES ('3a34d009ec3f4fea9ae9e86bd05699a5', 'b26cb4fec3944660bf6307967b3d9146', '8a3ef695e7524bf1964532cd2a197712', '', '0', '0736efcbffc14d558c1f5d62b7748bdc', '2755fa3f1ef749c3a2bef8a00aa4de43', '140123198908057048', '15105996463', '', '', null, 'b34a3fb4bbbb4590a29dfb11aa98996e', '13c5f255e43a48a285126668d89a45e1', null, null, '2016-01-13 11:41:30', '4b1e47c16aca4e919109d0a6a2fd4d9b', '0', null);
INSERT INTO `teacher_info` VALUES ('3f695f7c7da2450da624171f94043f0f', '0aa3bedec7984556a9367dd2fb792c62', '8a3ef695e7524bf1964532cd2a197712', '', '0', '0736efcbffc14d558c1f5d62b7748bdc', '2755fa3f1ef749c3a2bef8a00aa4de43', '350402199111096021', '15394580910', null, null, null, '9e9d2a20e2e94c81afa9501b2509f981', '91e448e7a283442592fe0e09df2f7536', null, null, null, null, '0', null);
INSERT INTO `teacher_info` VALUES ('3fe7f3043707471ba027c45afc87cee8', 'c62a810b55ea4bde982403eb0ec65b2e', '715297a51a3e4e34a29a2f7be2543843', '', '0', '0736efcbffc14d558c1f5d62b7748bdc', null, '350205199306121029', '18250761801', null, null, null, '9e9d2a20e2e94c81afa9501b2509f981', '36b5f8619e31461c8a8701cf0ff6cfe7', null, null, null, null, '0', null);
INSERT INTO `teacher_info` VALUES ('4536cce2e01d40ddb013ea647de2e05d', 'f389fc40ac84463ba16d2a6952007350', '095dde26e77c405bb1e24129794ea2f2', '', '0', '0736efcbffc14d558c1f5d62b7748bdc', null, '350627198908210569', '18030126706', null, null, null, 'b34a3fb4bbbb4590a29dfb11aa98996e', '7139b5f60b46448a83f67c7c0217c9ff', null, null, null, null, '0', null);
INSERT INTO `teacher_info` VALUES ('49e3aaed1138424d98e14e7975255d53', '47ecef31910f4fd880484c821d2ec531', '53a83fd979244e1f89817578acb9760f', '', '0', '0736efcbffc14d558c1f5d62b7748bdc', null, '350211198905253587', '13646019550', '', '', null, 'b34a3fb4bbbb4590a29dfb11aa98996e', '961049bb29e349a4969500e6e5360c82', null, null, '2016-01-15 09:22:47', '4b1e47c16aca4e919109d0a6a2fd4d9b', '0', null);
INSERT INTO `teacher_info` VALUES ('49f6bd4bebf246bb9e78cd943a488436', 'f02c2775e0944a37aba4957bdc9a4132', '7a9e529ad1844dfc8c1bc5a8725b51c8', '', '0', '0736efcbffc14d558c1f5d62b7748bdc', '2755fa3f1ef749c3a2bef8a00aa4de43', '350322198702200543', '15880306738', null, null, null, 'b34a3fb4bbbb4590a29dfb11aa98996e', '1df544b4e2834eaf97803c51fae7368f', null, null, null, null, '0', null);
INSERT INTO `teacher_info` VALUES ('4bab1d9442fe4134ba51a6f832f52583', 'ac763da37c51475db9e3d0d68b820ec8', 'a036677ec60d438e97fe54144dff7f78', '', '0', '0736efcbffc14d558c1f5d62b7748bdc', null, '350625199112020040', '13779931136', '', '', null, '9e9d2a20e2e94c81afa9501b2509f981', '21270ba66aaa4d57a535db9f64306426', null, null, '2016-01-15 09:22:47', '4b1e47c16aca4e919109d0a6a2fd4d9b', '0', null);
INSERT INTO `teacher_info` VALUES ('4c276cf100f9425bbb7b8fbac6848029', 'a0adf808107c4a01904f6e15cef1be8a', '8a3ef695e7524bf1964532cd2a197712', '', '0', '0736efcbffc14d558c1f5d62b7748bdc', '2755fa3f1ef749c3a2bef8a00aa4de43', '350205199306131024', '18750276130', null, null, null, 'b34a3fb4bbbb4590a29dfb11aa98996e', '961049bb29e349a4969500e6e5360c82', null, null, null, null, '0', null);
INSERT INTO `teacher_info` VALUES ('4c3f920ba47348d5adfb360e9f398bb1', '28e740398673454db487921b117f272a', 'd95cbb0855b14638bc647090eac5d913', '', '0', '0736efcbffc14d558c1f5d62b7748bdc', '2755fa3f1ef749c3a2bef8a00aa4de43', '350205198912150028', '13400781990', null, null, null, '9e9d2a20e2e94c81afa9501b2509f981', 'da8011d67ec74a01beef7c6043de450c', null, null, null, null, '0', null);
INSERT INTO `teacher_info` VALUES ('4e474e40a3f4429eb29b25b46ab03883', 'a766e60aecde4f85b8b75614195e692b', '53a83fd979244e1f89817578acb9760f', '', '0', '0736efcbffc14d558c1f5d62b7748bdc', null, '350204199303122046', '18059257967', null, null, null, '2bdfe481999e4ea0a1102076eb08dc76', 'c438b9814f494e32b74d8c8915f9e936', null, null, null, null, '0', null);
INSERT INTO `teacher_info` VALUES ('4f15f8a5a22d4800ae725258b2823bd6', '34b29e1a22d7440faea6d8fffcbba092', '398fde1e08aa4fcba247b920fa187ffa', '', '0', '0736efcbffc14d558c1f5d62b7748bdc', null, '350212198808032025', '13616064887', null, null, null, '9e9d2a20e2e94c81afa9501b2509f981', 'da8011d67ec74a01beef7c6043de450c', null, null, null, null, '0', null);
INSERT INTO `teacher_info` VALUES ('4f1bb4674bd645a0b131937bc4f0100a', 'cd206beb50f147fba71fcac9f6173552', '6097e232161c4bf6961cf946bb8fe805', '', '0', '0736efcbffc14d558c1f5d62b7748bdc', '2755fa3f1ef749c3a2bef8a00aa4de43', '350205199302233525', '15805940223', null, null, null, '9e9d2a20e2e94c81afa9501b2509f981', '36b5f8619e31461c8a8701cf0ff6cfe7', '9e9d2a20e2e94c81afa9501b2509f981', '86879dfc63ea4e49a0c71b8c78aa4d4b', null, null, '0', null);
INSERT INTO `teacher_info` VALUES ('51d812ce02e64273a302c0da6dea746e', 'bf37a15c57364e0995e587314487c13b', '1d49f6195dc6450794bb667db3b5d63b', '', '0', '0736efcbffc14d558c1f5d62b7748bdc', null, '431224199104278845', '18250871856', null, null, null, '9e9d2a20e2e94c81afa9501b2509f981', '86879dfc63ea4e49a0c71b8c78aa4d4b', null, null, null, null, '0', null);
INSERT INTO `teacher_info` VALUES ('539d98edc6bd43b7ba59177f03fa8c32', '64cd1582d0a44844b30ffd8535ec1283', '1e04b288705540edbeb1e7c392f03557', '', '1', '0736efcbffc14d558c1f5d62b7748bdc', null, '350629197312060035', '13616054160', null, null, null, '9e9d2a20e2e94c81afa9501b2509f981', 'a3dd479888294110897b522bbdcbb0f3', null, null, null, null, '0', null);
INSERT INTO `teacher_info` VALUES ('579879f3be6b48dfb57ed51ec40ce3ac', '83f70ed77ab940a2a4c8693c6d8cdd38', '095dde26e77c405bb1e24129794ea2f2', '', '0', '0736efcbffc14d558c1f5d62b7748bdc', '2755fa3f1ef749c3a2bef8a00aa4de43', '142621198906144726', '18859658182', null, null, null, 'b34a3fb4bbbb4590a29dfb11aa98996e', 'ec786d68d9414af4b33cc5d66be5466e', null, null, null, null, '0', null);
INSERT INTO `teacher_info` VALUES ('58302b4afc6544c1be8b6a636cb36cfc', '63adbd4755f14d43ba37c7685b564e0a', '62b8b24b2c494c1b96d99fb67dfd983c', '', '0', '0736efcbffc14d558c1f5d62b7748bdc', null, '350205198509182521', '13695014253', null, null, null, '5ddf22229e5c4ceba31e0f84a5f77a04', '4eba1c17815e4d70bb26155cfd08d008', null, null, null, null, '0', null);
INSERT INTO `teacher_info` VALUES ('58eb66b6f88c43dabba29d3de59b20ea', '1aa83128165b4e7db2a0b40044168192', '8a3ef695e7524bf1964532cd2a197712', '', '0', '0736efcbffc14d558c1f5d62b7748bdc', null, '350202199010170025', '13215944032', null, null, null, 'b34a3fb4bbbb4590a29dfb11aa98996e', '3581c96657694fb78dba835ddb175384', null, null, null, null, '0', null);
INSERT INTO `teacher_info` VALUES ('5c8990b310f647a7b8842e6810e0dea7', 'c7bff0e443274a4099dfbaa57443b3da', '8a3ef695e7524bf1964532cd2a197712', '', '0', '0736efcbffc14d558c1f5d62b7748bdc', null, '420116199203050063', '15859206095', null, '2581057641', null, 'b34a3fb4bbbb4590a29dfb11aa98996e', '13c5f255e43a48a285126668d89a45e1', null, null, null, null, '0', null);
INSERT INTO `teacher_info` VALUES ('5cd0b02bd5984fbf927152eaf57bb947', '6e6b26b6c8ea4421903979070309b1b4', '6b28d4c60cd54bbab998220346d80d0f', '', '1', '0736efcbffc14d558c1f5d62b7748bdc', null, '350627198607022054', '18750251519', null, null, null, '4a2d7c6155ca4a9f9fe000639ebd941c', null, null, null, null, null, '0', null);
INSERT INTO `teacher_info` VALUES ('5df44a2f5bbe4246ac0c9f0db8c1fe98', '87b9559864ba49e68b518da61d2c5216', '05fe0bb545cf4bd8b6df85cb148c8e40', '', '0', '0736efcbffc14d558c1f5d62b7748bdc', null, '350204199207246524', '13950105239', null, null, null, '9e9d2a20e2e94c81afa9501b2509f981', '91e448e7a283442592fe0e09df2f7536', null, null, null, null, '0', null);
INSERT INTO `teacher_info` VALUES ('5f85e5b6021645788b4faacf80fe2aef', 'e23955066c8b48b9b49dd1447b6c150e', 'e0e4a99ece4343f889c48316b5928814', '', '0', '0736efcbffc14d558c1f5d62b7748bdc', null, '350881198209180769', '13860141950', null, null, null, '5ddf22229e5c4ceba31e0f84a5f77a04', '4eba1c17815e4d70bb26155cfd08d008', null, null, null, null, '0', null);
INSERT INTO `teacher_info` VALUES ('5fda5fc575814287beff7df3b0387628', 'fb878193b2144cbca55ef46259c479ba', '095dde26e77c405bb1e24129794ea2f2', '', '0', '0736efcbffc14d558c1f5d62b7748bdc', null, '362331198805133929', '18850563220', null, null, null, 'b34a3fb4bbbb4590a29dfb11aa98996e', 'e98b4f5b28d54d8db9e1eb8d78701322', null, null, null, null, '0', null);
INSERT INTO `teacher_info` VALUES ('614e65664b224bdcb2096225aa9cc275', '2fdc6d9d03a44baf9d7ecbad62b772fd', '6b28d4c60cd54bbab998220346d80d0f', '', '1', '0736efcbffc14d558c1f5d62b7748bdc', '2755fa3f1ef749c3a2bef8a00aa4de43', '350525199011144532', '18059223029', null, null, null, '4a2d7c6155ca4a9f9fe000639ebd941c', null, null, null, null, null, '0', null);
INSERT INTO `teacher_info` VALUES ('61976ac863594373ba0746f513c858d2', '12ed3cdbb03e42cca1f86bd69c5e0eab', '095dde26e77c405bb1e24129794ea2f2', '', '0', '0736efcbffc14d558c1f5d62b7748bdc', null, '421102199008250505', '15871413553', '', '', null, 'b34a3fb4bbbb4590a29dfb11aa98996e', '13c5f255e43a48a285126668d89a45e1', null, null, '2016-01-13 11:41:30', '4b1e47c16aca4e919109d0a6a2fd4d9b', '0', null);
INSERT INTO `teacher_info` VALUES ('61a505e9ec1b4c3a92a31aea6aba4ac7', 'f3183830b0c54f38b83ce2abed78211e', '53a83fd979244e1f89817578acb9760f', '', '0', '0736efcbffc14d558c1f5d62b7748bdc', null, '230405199110170623', '15985806431', null, null, null, 'b34a3fb4bbbb4590a29dfb11aa98996e', '1df544b4e2834eaf97803c51fae7368f', null, null, null, null, '0', null);
INSERT INTO `teacher_info` VALUES ('665140f3a59c43228d41f107ba5fc4ab', 'fcdec8c396444163ae0b6dc8a455c5ea', '8a3ef695e7524bf1964532cd2a197712', '', '0', '0736efcbffc14d558c1f5d62b7748bdc', null, '350430199301030029', '15960380356', '', '', null, '9e9d2a20e2e94c81afa9501b2509f981', '36b5f8619e31461c8a8701cf0ff6cfe7', null, null, '2016-01-13 11:41:30', '4b1e47c16aca4e919109d0a6a2fd4d9b', '0', null);
INSERT INTO `teacher_info` VALUES ('68cb56648661476ab1c6157d5876def3', 'f888770d100e45ccab3537fb3a0d03b4', 'e0e4a99ece4343f889c48316b5928814', '', '0', '0736efcbffc14d558c1f5d62b7748bdc', '2755fa3f1ef749c3a2bef8a00aa4de43', '35020519920919252X', '15980863252', null, null, null, '5ddf22229e5c4ceba31e0f84a5f77a04', '4eba1c17815e4d70bb26155cfd08d008', null, null, null, null, '0', null);
INSERT INTO `teacher_info` VALUES ('6a65a2f693a94b758d98d0fbbf545597', 'd9ca90982484440f8bf828474939d459', 'd95cbb0855b14638bc647090eac5d913', '', '0', '0736efcbffc14d558c1f5d62b7748bdc', null, '350622199208030025', '18850223768', null, null, null, '9e9d2a20e2e94c81afa9501b2509f981', '6279cdc2ac5d4dbc97dcf300e51d384e', null, null, null, null, '0', null);
INSERT INTO `teacher_info` VALUES ('6abe9f1db5ad4738bc732b62ce75ccad', '9b9efa4209ae418a9f2bbb701b6a027b', '715297a51a3e4e34a29a2f7be2543843', '', '0', '0736efcbffc14d558c1f5d62b7748bdc', '2755fa3f1ef749c3a2bef8a00aa4de43', '210882198912121221', '18359215260', null, null, null, 'b34a3fb4bbbb4590a29dfb11aa98996e', '1df544b4e2834eaf97803c51fae7368f', null, null, null, null, '0', null);
INSERT INTO `teacher_info` VALUES ('6c9eee3e0b9747298c626e032e7f921f', '2a9db5d1532b4fd6b2784bf622da0be0', '8a3ef695e7524bf1964532cd2a197712', '', '0', '0736efcbffc14d558c1f5d62b7748bdc', '2755fa3f1ef749c3a2bef8a00aa4de43', '350524198906131088', '15259267225', null, null, null, '9e9d2a20e2e94c81afa9501b2509f981', 'c83880827f6e4cf280694e3666535f0c', null, null, null, null, '0', null);
INSERT INTO `teacher_info` VALUES ('6c9f33f547dd449eb2dd270e8922eb07', '7443f6a9da1a487f8b42369c31792aa5', '398fde1e08aa4fcba247b920fa187ffa', '', '0', '0736efcbffc14d558c1f5d62b7748bdc', null, '350204199307036022', '13063081919', '', '', null, '9e9d2a20e2e94c81afa9501b2509f981', '36b5f8619e31461c8a8701cf0ff6cfe7', null, null, '2016-01-15 09:22:47', '4b1e47c16aca4e919109d0a6a2fd4d9b', '0', null);
INSERT INTO `teacher_info` VALUES ('6dd1365ae85c4c6cbb1963ec87edc1a9', '5d33a31fbdc84b329e7b7c061b494d57', 'e861c76094cf4e1ab02a5268275b7d84', '', '0', '0736efcbffc14d558c1f5d62b7748bdc', '2755fa3f1ef749c3a2bef8a00aa4de43', '350205198508261068', '18905925706', null, null, null, '9e9d2a20e2e94c81afa9501b2509f981', '6279cdc2ac5d4dbc97dcf300e51d384e', null, null, null, null, '0', null);
INSERT INTO `teacher_info` VALUES ('6fbb811756a14d83b494e9e1325acedf', 'f4d3fec29e904b39bd5e11e169b372ba', 'e0e4a99ece4343f889c48316b5928814', '', '0', '0736efcbffc14d558c1f5d62b7748bdc', null, '350524198912203068', '18359811655', null, null, null, '5ddf22229e5c4ceba31e0f84a5f77a04', '4eba1c17815e4d70bb26155cfd08d008', null, null, null, null, '0', null);
INSERT INTO `teacher_info` VALUES ('720835dfc1084c579d7d78399ec80e0b', '982dd6ad4d974b83ae1bcc6a0ed7a9e1', '095dde26e77c405bb1e24129794ea2f2', '', '0', '0736efcbffc14d558c1f5d62b7748bdc', null, '35062219910911002X', '15806017322', null, null, null, 'b34a3fb4bbbb4590a29dfb11aa98996e', 'cfb83148030b463a93b2c8c5bb84c668', null, null, null, null, '0', null);
INSERT INTO `teacher_info` VALUES ('744bce56810b4e19970237ad2fc7f9c0', '5eb0276b3a6840bcb0bb0f9a67c33a3f', '8a3ef695e7524bf1964532cd2a197712', '', '0', '0736efcbffc14d558c1f5d62b7748bdc', null, '350205199111042048', '13850013869', '', '', null, 'b34a3fb4bbbb4590a29dfb11aa98996e', '13c5f255e43a48a285126668d89a45e1', null, null, '2016-01-15 09:22:47', '4b1e47c16aca4e919109d0a6a2fd4d9b', '0', null);
INSERT INTO `teacher_info` VALUES ('77aab57958ad407bb9be8c4af9817a01', '79b8fb9c3bf54bb7b6a361ebf8c5efcc', '8a3ef695e7524bf1964532cd2a197712', '', '0', '0736efcbffc14d558c1f5d62b7748bdc', '2755fa3f1ef749c3a2bef8a00aa4de43', '350681198702130027', '15160502858', null, null, null, '9e9d2a20e2e94c81afa9501b2509f981', '36b5f8619e31461c8a8701cf0ff6cfe7', null, null, null, null, '0', null);
INSERT INTO `teacher_info` VALUES ('77b5d12d8dd64e069021e0d03f15692a', '2476f88b4855495cb249594dcf4341f5', 'e3af6af2e02b4833999e35cd5113f0fc', '', '0', '0736efcbffc14d558c1f5d62b7748bdc', null, '352602197602060019', null, null, null, null, null, null, null, null, '2016-01-13 11:51:18', '4b1e47c16aca4e919109d0a6a2fd4d9b', '0', null);
INSERT INTO `teacher_info` VALUES ('7862f7cccd8b479ea1ad733a6e360817', 'b4e5f549ae6c46e094be2ea153d59e32', 'a036677ec60d438e97fe54144dff7f78', '', '0', '0736efcbffc14d558c1f5d62b7748bdc', '2755fa3f1ef749c3a2bef8a00aa4de43', '350629198111145520', '13850531539', '', '', null, '9e9d2a20e2e94c81afa9501b2509f981', '36b5f8619e31461c8a8701cf0ff6cfe7', null, null, '2016-01-15 09:22:47', '4b1e47c16aca4e919109d0a6a2fd4d9b', '0', null);
INSERT INTO `teacher_info` VALUES ('7c49c5937f0c49dfb7a20ed305164b9a', '5614ccf2ebac49228524ea875ec683c9', '8a3ef695e7524bf1964532cd2a197712', '', '0', '0736efcbffc14d558c1f5d62b7748bdc', '2755fa3f1ef749c3a2bef8a00aa4de43', '352123197312115020', '15960225972', null, null, null, '9e9d2a20e2e94c81afa9501b2509f981', '6279cdc2ac5d4dbc97dcf300e51d384e', null, null, null, null, '0', null);
INSERT INTO `teacher_info` VALUES ('7e44d3654b944a999e318e0b66cab16e', '0fc28c9091a5431aa68b1436ab228914', '7a9e529ad1844dfc8c1bc5a8725b51c8', '', '0', '0736efcbffc14d558c1f5d62b7748bdc', '2755fa3f1ef749c3a2bef8a00aa4de43', '350425198912212424', '18859288637', null, null, null, 'b34a3fb4bbbb4590a29dfb11aa98996e', 'f9c53e590692430aaa7dd1f0a4607ef2', null, null, null, null, '0', null);
INSERT INTO `teacher_info` VALUES ('81bcefe6accd48e1a2f9ea96d4687244', 'a75d5d1e8e6f4c97aa279df77d85578c', '8a3ef695e7524bf1964532cd2a197712', '', '0', '0736efcbffc14d558c1f5d62b7748bdc', '2755fa3f1ef749c3a2bef8a00aa4de43', '350783199010180229', '18750923117', null, null, null, 'b34a3fb4bbbb4590a29dfb11aa98996e', 'f9c53e590692430aaa7dd1f0a4607ef2', 'b34a3fb4bbbb4590a29dfb11aa98996e', '99d9eebda0e74ad2badc27b3afc2dcc1', null, null, '0', null);
INSERT INTO `teacher_info` VALUES ('8845bbdd64ad487fa61dbf1f72774981', '9077e871084046928cd3602029fba0f9', 'ce4b08939a4b4f0282eda631aea02a31', '', '0', '0736efcbffc14d558c1f5d62b7748bdc', '2755fa3f1ef749c3a2bef8a00aa4de43', '350205199308190028', '15060883280', null, null, null, '5ddf22229e5c4ceba31e0f84a5f77a04', '4eba1c17815e4d70bb26155cfd08d008', null, null, null, null, '0', null);
INSERT INTO `teacher_info` VALUES ('89e20d1672c74c8b936414ff580b6243', 'bb4d656f0d69454fa1064e77073492c9', 'a036677ec60d438e97fe54144dff7f78', '', '0', '0736efcbffc14d558c1f5d62b7748bdc', '2755fa3f1ef749c3a2bef8a00aa4de43', '352201199211010023', '18850560790', null, null, null, '9e9d2a20e2e94c81afa9501b2509f981', '36b5f8619e31461c8a8701cf0ff6cfe7', '9e9d2a20e2e94c81afa9501b2509f981', 'da8011d67ec74a01beef7c6043de450c', null, null, '0', null);
INSERT INTO `teacher_info` VALUES ('8b974d2f55e5465e9cb641f66011f2ae', '4e85ec0bc35a400986ea8632bdfc1899', '69856c57d29448fba7557bb0bd066222', '', '0', '01215736a8ba435ab2539867f82c70c7', null, '350623199008133421', '18750934759', null, null, null, '5ddf22229e5c4ceba31e0f84a5f77a04', '4eba1c17815e4d70bb26155cfd08d008', null, null, null, null, '0', null);
INSERT INTO `teacher_info` VALUES ('8ccc73b9765f46789ecacb74bf5b8818', '823d9a86d45f4b53bf7b5017ab67e9af', 'a036677ec60d438e97fe54144dff7f78', '', '0', '0736efcbffc14d558c1f5d62b7748bdc', '2755fa3f1ef749c3a2bef8a00aa4de43', '350205199211012022', '15860790120', null, null, null, '9e9d2a20e2e94c81afa9501b2509f981', '91e448e7a283442592fe0e09df2f7536', null, null, null, null, '0', null);
INSERT INTO `teacher_info` VALUES ('8d48fec5178f433ea79fc8f0a4ee6fe8', 'e0121161ff00484aa436a3a7d4fda98d', '7a9e529ad1844dfc8c1bc5a8725b51c8', '', '0', '55a0b6cb5ecf4a74913568543a8bc3f6', null, '220323199005250467', '15159268234', null, null, null, 'b34a3fb4bbbb4590a29dfb11aa98996e', '13c5f255e43a48a285126668d89a45e1', null, null, null, null, '0', null);
INSERT INTO `teacher_info` VALUES ('8dc1f7af410f4dbbb60c67dd6fa7b65d', '12e83bd94be04387a052e11cc0099ec2', '75a58eee7db04599b361cee190306c7a', '', '0', '0736efcbffc14d558c1f5d62b7748bdc', null, '350205199212243527', '18750905657', '', '', null, '5ddf22229e5c4ceba31e0f84a5f77a04', '4eba1c17815e4d70bb26155cfd08d008', null, null, '2016-01-15 09:22:47', '4b1e47c16aca4e919109d0a6a2fd4d9b', '0', null);
INSERT INTO `teacher_info` VALUES ('8dfd992418924e87a2559fea0900547c', '7c1343cc590f48fea3d2da9fe6817940', 'e93a20da5c1d43ed830ea696eb78f686', '', '1', '0736efcbffc14d558c1f5d62b7748bdc', null, '35042619901106551X', '18959298677', null, null, null, '9e9d2a20e2e94c81afa9501b2509f981', 'a3dd479888294110897b522bbdcbb0f3', null, null, '2016-01-13 11:47:55', '4b1e47c16aca4e919109d0a6a2fd4d9b', '0', null);
INSERT INTO `teacher_info` VALUES ('8fb608179f224f4181bd706bc4cac03f', 'd8450cdb94ca42ad83ed253701c9b4fc', '53a83fd979244e1f89817578acb9760f', '', '1', '0736efcbffc14d558c1f5d62b7748bdc', null, '350628199211223512', '13860446827', '', '', null, 'b34a3fb4bbbb4590a29dfb11aa98996e', '1aee79eb0e8a4d6d86fef100e5aac805', null, null, '2016-01-13 11:41:30', '4b1e47c16aca4e919109d0a6a2fd4d9b', '0', null);
INSERT INTO `teacher_info` VALUES ('900fd1c9d4374e9bbc17d633d447d9fb', 'd9457510ad19404498555c43734c8dc3', 'd95cbb0855b14638bc647090eac5d913', '', '1', '0736efcbffc14d558c1f5d62b7748bdc', null, '450881198510280930', '15859205725', '76', '262666384', null, '9e9d2a20e2e94c81afa9501b2509f981', 'a3dd479888294110897b522bbdcbb0f3', null, null, null, null, '0', null);
INSERT INTO `teacher_info` VALUES ('929f0b27c92f4681b4536ba5cec8b32e', '4d638e896c814cea8b7d5c5fae45b0d9', '6097e232161c4bf6961cf946bb8fe805', '', '0', '0736efcbffc14d558c1f5d62b7748bdc', null, '350205199206242042', '18850239750', null, null, null, '9e9d2a20e2e94c81afa9501b2509f981', '91e448e7a283442592fe0e09df2f7536', '9e9d2a20e2e94c81afa9501b2509f981', '2e96280642d84076832a6fddaead50f7', null, null, '0', null);
INSERT INTO `teacher_info` VALUES ('94f7a3891b784fcea0f57b962958a598', 'efa6916dec3d4d1cbe309b1a17ecf5f1', '8a3ef695e7524bf1964532cd2a197712', '', '0', '0736efcbffc14d558c1f5d62b7748bdc', null, '350425198901180068', '18650026107', null, null, null, '9e9d2a20e2e94c81afa9501b2509f981', '583dfea38bbe4801aba866170d155f57', null, null, null, null, '0', null);
INSERT INTO `teacher_info` VALUES ('9676a532467d425a8e6ec6cf8b81443a', '1404163a8d2f4de1a41dcb7eafcda68a', 'ce4b08939a4b4f0282eda631aea02a31', '', '0', '0736efcbffc14d558c1f5d62b7748bdc', null, '352623197706200049', '15960215431', '', '', null, '5ddf22229e5c4ceba31e0f84a5f77a04', '4eba1c17815e4d70bb26155cfd08d008', null, null, '2016-01-15 09:22:47', '4b1e47c16aca4e919109d0a6a2fd4d9b', '0', null);
INSERT INTO `teacher_info` VALUES ('96e80b01b2e24a509be82fdcf1c949da', 'd6604ee4b0dd4f79895adb28c117d68d', 'bc2971a0d7c34ce5a5103c56512fe556', '', '0', '0736efcbffc14d558c1f5d62b7748bdc', null, '350702198303116527', '13950155103', null, null, null, '5ddf22229e5c4ceba31e0f84a5f77a04', '4eba1c17815e4d70bb26155cfd08d008', null, null, null, null, '0', null);
INSERT INTO `teacher_info` VALUES ('979aee99fe3b484e873ddf87b11e1cfb', '2fc50269990a424aa17d9bc06a41465a', '8a3ef695e7524bf1964532cd2a197712', '', '0', '0736efcbffc14d558c1f5d62b7748bdc', '2755fa3f1ef749c3a2bef8a00aa4de43', '511302198303160041', '18030095031', null, null, null, 'b34a3fb4bbbb4590a29dfb11aa98996e', 'ec786d68d9414af4b33cc5d66be5466e', null, null, null, null, '0', null);
INSERT INTO `teacher_info` VALUES ('987873c302824864a54962ab667fff08', 'c8672f3ba28743f3a7d94e054c4be8ba', '398fde1e08aa4fcba247b920fa187ffa', '', '0', '0736efcbffc14d558c1f5d62b7748bdc', null, '350783198812200223', '18950109255', null, null, null, '9e9d2a20e2e94c81afa9501b2509f981', '36b5f8619e31461c8a8701cf0ff6cfe7', null, null, null, null, '0', null);
INSERT INTO `teacher_info` VALUES ('9c1ab7e5edad4e51857088fd8fed4afe', '891016a4eee641b49eb4005208fe7191', '8a3ef695e7524bf1964532cd2a197712', '', '1', '0736efcbffc14d558c1f5d62b7748bdc', null, '35021219910717253X', '18050194018', null, null, null, 'b34a3fb4bbbb4590a29dfb11aa98996e', 'cfb83148030b463a93b2c8c5bb84c668', null, null, null, null, '0', null);
INSERT INTO `teacher_info` VALUES ('9cd32819afca4140b16986650820b273', '27b5cadfbe7846f8af5770045188ef52', '6097e232161c4bf6961cf946bb8fe805', '', '0', '0736efcbffc14d558c1f5d62b7748bdc', null, '350205199112282027', '15980948872', '', '136074915', null, '9e9d2a20e2e94c81afa9501b2509f981', 'c83880827f6e4cf280694e3666535f0c', null, null, '2016-01-15 09:22:47', '4b1e47c16aca4e919109d0a6a2fd4d9b', '0', null);
INSERT INTO `teacher_info` VALUES ('9d37e71c9823459b9206fbb6f6c598d8', 'a6e7d28f2afc4c9ab96366197fa8c4b6', '8a3ef695e7524bf1964532cd2a197712', '', '1', '0736efcbffc14d558c1f5d62b7748bdc', '2755fa3f1ef749c3a2bef8a00aa4de43', '35058319910720891X', '18759266054', null, null, null, 'b34a3fb4bbbb4590a29dfb11aa98996e', '961049bb29e349a4969500e6e5360c82', null, null, null, null, '0', null);
INSERT INTO `teacher_info` VALUES ('9d38fe06359342f48bef018db72b7f54', '48c686ddce0249d68527153a9d1e9b40', 'dc402aa598e441b7aed6aefe6ce39ce4', '', '0', '0736efcbffc14d558c1f5d62b7748bdc', null, '350205199203013041', '15980769984', null, null, null, '9e9d2a20e2e94c81afa9501b2509f981', '91e448e7a283442592fe0e09df2f7536', null, null, null, null, '0', null);
INSERT INTO `teacher_info` VALUES ('9d4be19b26fa48628ff5b15f0a5cc791', 'df4fe14cceb84e04a670e75a6e305853', '7af7012dc4644a049045d32c0f0bd839', '', '0', 'cb6a76b00e46438496848e5f19eda3bc', null, '431223199311193821', '18350266204', '', '', null, 'b34a3fb4bbbb4590a29dfb11aa98996e', '13c5f255e43a48a285126668d89a45e1', null, null, '2016-01-15 09:22:47', '4b1e47c16aca4e919109d0a6a2fd4d9b', '0', null);
INSERT INTO `teacher_info` VALUES ('a21c52639b714f57a0aef6260b44675e', '23e66a79183341fc91fa7bf2cf550023', '372a981ec514494db737a4e06efaa82d', '', '0', '0736efcbffc14d558c1f5d62b7748bdc', null, '350702198809091320', '15160086159', null, null, null, '9e9d2a20e2e94c81afa9501b2509f981', '583dfea38bbe4801aba866170d155f57', null, null, null, null, '0', null);
INSERT INTO `teacher_info` VALUES ('a361846973824cc99bad1fe4e3cc9808', '1f8cb5a74b5c4157ada492d112868074', '715297a51a3e4e34a29a2f7be2543843', '', '0', '0736efcbffc14d558c1f5d62b7748bdc', '2755fa3f1ef749c3a2bef8a00aa4de43', '350523197504261321', '13600725606', null, null, null, '9e9d2a20e2e94c81afa9501b2509f981', '36b5f8619e31461c8a8701cf0ff6cfe7', '9e9d2a20e2e94c81afa9501b2509f981', '86879dfc63ea4e49a0c71b8c78aa4d4b', null, null, '0', null);
INSERT INTO `teacher_info` VALUES ('a5a6631fca4b4de7b6675a30ec317585', '5bec19d4b13e4df385698cf5f1d98251', '3f04124f60234b7fad704494ecb0e7d6', '', '0', '0736efcbffc14d558c1f5d62b7748bdc', '2755fa3f1ef749c3a2bef8a00aa4de43', '350500197208201565', '13959832377', null, null, null, '9e9d2a20e2e94c81afa9501b2509f981', '36b5f8619e31461c8a8701cf0ff6cfe7', null, null, '2016-01-13 11:41:30', '4b1e47c16aca4e919109d0a6a2fd4d9b', '0', null);
INSERT INTO `teacher_info` VALUES ('a64c68000b814643a2e3536dd026602d', '26850defb76d45dc93010aab5d924747', 'a036677ec60d438e97fe54144dff7f78', '', '0', '0736efcbffc14d558c1f5d62b7748bdc', null, '350205199008191045', '15710626773', '66', '340067891', null, '9e9d2a20e2e94c81afa9501b2509f981', '91e448e7a283442592fe0e09df2f7536', null, null, null, null, '0', null);
INSERT INTO `teacher_info` VALUES ('a96ffb2c8e4048b299c7ef84ff7e960c', '83e718ca0a4943248fc68e6f1f93a1b5', '6097e232161c4bf6961cf946bb8fe805', '', '1', '0736efcbffc14d558c1f5d62b7748bdc', '2755fa3f1ef749c3a2bef8a00aa4de43', '352622197609164916', '15985802186', null, '1606765006', null, '9e9d2a20e2e94c81afa9501b2509f981', '36b5f8619e31461c8a8701cf0ff6cfe7', null, null, null, null, '0', null);
INSERT INTO `teacher_info` VALUES ('a9a1977952b64e88a352a8272f91ace2', '11d6744f79bf46a29885022c6b0006fc', '8a3ef695e7524bf1964532cd2a197712', '', '0', '0736efcbffc14d558c1f5d62b7748bdc', '2755fa3f1ef749c3a2bef8a00aa4de43', '350322198709130023', '13400675860', '', '343187278', null, 'b34a3fb4bbbb4590a29dfb11aa98996e', '1df544b4e2834eaf97803c51fae7368f', null, null, null, null, '0', null);
INSERT INTO `teacher_info` VALUES ('ac55c5dfc1b54beba2b61b65078ce089', '8b3767b44f534ba89545a9bb7e640e73', '8a3ef695e7524bf1964532cd2a197712', '', '0', '0736efcbffc14d558c1f5d62b7748bdc', '2755fa3f1ef749c3a2bef8a00aa4de43', '350622199202130041', '18850561736', null, null, null, '9e9d2a20e2e94c81afa9501b2509f981', '36b5f8619e31461c8a8701cf0ff6cfe7', null, null, null, null, '0', null);
INSERT INTO `teacher_info` VALUES ('adb54c0d7cf54bf9ad89e7a9cbb99e1f', '8a1e518a2bba4512b300f01e4f87d642', 'a036677ec60d438e97fe54144dff7f78', '', '1', '0736efcbffc14d558c1f5d62b7748bdc', null, '350725199107214014', '15606906660', '350', '841753314', null, '9e9d2a20e2e94c81afa9501b2509f981', '36b5f8619e31461c8a8701cf0ff6cfe7', '9e9d2a20e2e94c81afa9501b2509f981', 'da8011d67ec74a01beef7c6043de450c', null, null, '0', null);
INSERT INTO `teacher_info` VALUES ('ae294172f7d544998021381331e9c5b8', '67929245c89b437db055b2ead6471506', 'd95cbb0855b14638bc647090eac5d913', '', '0', '0736efcbffc14d558c1f5d62b7748bdc', null, '350600198601190524', '15959670268', null, null, null, '9e9d2a20e2e94c81afa9501b2509f981', '36b5f8619e31461c8a8701cf0ff6cfe7', null, null, null, null, '0', null);
INSERT INTO `teacher_info` VALUES ('b0ee08258ac24f0083f2c27fbebf2110', '8d42a378f04242c49eb19f2b0afa96be', '715297a51a3e4e34a29a2f7be2543843', '', '0', '0736efcbffc14d558c1f5d62b7748bdc', '2755fa3f1ef749c3a2bef8a00aa4de43', '350421199209214021', '18030219653', null, null, null, '9e9d2a20e2e94c81afa9501b2509f981', '36b5f8619e31461c8a8701cf0ff6cfe7', null, null, null, null, '0', null);
INSERT INTO `teacher_info` VALUES ('b18708b0ded84456b641f34555d75b68', '1cba5d35123949149a123020d9fc6ff3', '095dde26e77c405bb1e24129794ea2f2', '', '1', '0736efcbffc14d558c1f5d62b7748bdc', '2755fa3f1ef749c3a2bef8a00aa4de43', '350204199210161011', '13720881961', null, '272596446', null, 'b34a3fb4bbbb4590a29dfb11aa98996e', 'ec786d68d9414af4b33cc5d66be5466e', null, null, null, null, '0', null);
INSERT INTO `teacher_info` VALUES ('b1a7b07d650e4a309a1c40eb29d421e0', '11b2557dce644d63bae1152410e98c46', '715297a51a3e4e34a29a2f7be2543843', '', '0', '0736efcbffc14d558c1f5d62b7748bdc', null, '362423199111040621', '15260201182', null, null, null, 'b34a3fb4bbbb4590a29dfb11aa98996e', '13c5f255e43a48a285126668d89a45e1', null, null, null, null, '0', null);
INSERT INTO `teacher_info` VALUES ('b3b7b0f83b354099bb347852949c5157', 'f3b5cd805903406d955687f4433a4ddc', '095dde26e77c405bb1e24129794ea2f2', '', '1', '0736efcbffc14d558c1f5d62b7748bdc', null, '350622199303290036', '15605028154', null, null, null, 'b34a3fb4bbbb4590a29dfb11aa98996e', 'f9c53e590692430aaa7dd1f0a4607ef2', null, null, null, null, '0', null);
INSERT INTO `teacher_info` VALUES ('b583dd763ef34c50a0951cc27e8b692a', '376c254a1208438c8f4ed323bbd0a619', 'fff55931933d4378abcf2fc9b0f8200c', '', '0', '0736efcbffc14d558c1f5d62b7748bdc', null, '350722199404180026', '15059495818', '', '', null, '9e9d2a20e2e94c81afa9501b2509f981', '583dfea38bbe4801aba866170d155f57', null, null, '2016-01-13 11:41:30', '4b1e47c16aca4e919109d0a6a2fd4d9b', '0', null);
INSERT INTO `teacher_info` VALUES ('b8117a5adbb641f49f2ee25f65387fa6', '88aa499b73424af98859c1f1acd16221', '8a3ef695e7524bf1964532cd2a197712', '', '0', '0736efcbffc14d558c1f5d62b7748bdc', '2755fa3f1ef749c3a2bef8a00aa4de43', '350583199205130087', '18259234198', null, null, null, '9e9d2a20e2e94c81afa9501b2509f981', '91e448e7a283442592fe0e09df2f7536', null, null, null, null, '0', null);
INSERT INTO `teacher_info` VALUES ('b8617ce86dc44c6db06aec4f1d744b8d', 'a20bc2946de24e09985c17a10ede85e4', '7a9e529ad1844dfc8c1bc5a8725b51c8', '', '1', '0736efcbffc14d558c1f5d62b7748bdc', null, '35020519910926301X', '18650028294', '', '751090476', null, 'b34a3fb4bbbb4590a29dfb11aa98996e', '1aee79eb0e8a4d6d86fef100e5aac805', null, null, null, null, '0', null);
INSERT INTO `teacher_info` VALUES ('b8f3fd43341a4acc98229546efd9cf48', 'b6b6c410537d49e6a9d83360aa3e8bfe', '095dde26e77c405bb1e24129794ea2f2', '', '0', '0736efcbffc14d558c1f5d62b7748bdc', null, '130303198906092142', '18559307532', null, null, null, 'b34a3fb4bbbb4590a29dfb11aa98996e', '1df544b4e2834eaf97803c51fae7368f', null, null, null, null, '0', null);
INSERT INTO `teacher_info` VALUES ('bb91c5e61d4c4b849d7b4d55c14067c3', '749bacfe718548ca9241d4530a7cb42c', '8a3ef695e7524bf1964532cd2a197712', '', '0', '0736efcbffc14d558c1f5d62b7748bdc', '2755fa3f1ef749c3a2bef8a00aa4de43', '35021219910524152X', '18959269399', null, '547373210', null, '9e9d2a20e2e94c81afa9501b2509f981', '86879dfc63ea4e49a0c71b8c78aa4d4b', null, null, null, null, '0', null);
INSERT INTO `teacher_info` VALUES ('bc703e15a4234ee88688bea8d08ff93d', '6ca3a8e7b9ba45379ebf6aa00218002f', 'ad5b4792dfad45e897d90a5f3df47d72', '', '0', '0736efcbffc14d558c1f5d62b7748bdc', null, '350623198207161025', '15960635917', null, null, null, '5ddf22229e5c4ceba31e0f84a5f77a04', '4eba1c17815e4d70bb26155cfd08d008', null, null, null, null, '0', null);
INSERT INTO `teacher_info` VALUES ('bde73acc10b34224b66adef4ef794557', '1bfbe1772236462882bf9296d0cc0488', '3f04124f60234b7fad704494ecb0e7d6', '', '0', '0736efcbffc14d558c1f5d62b7748bdc', '2755fa3f1ef749c3a2bef8a00aa4de43', '352227198910201821', '13609515290', null, null, null, '9e9d2a20e2e94c81afa9501b2509f981', '6279cdc2ac5d4dbc97dcf300e51d384e', null, null, null, null, '0', null);
INSERT INTO `teacher_info` VALUES ('c15e39f0334b41c98e0fe15f5cfe3966', '40c3307fde6c4bea8d1214d27d9c82e5', '8a3ef695e7524bf1964532cd2a197712', '', '0', '0736efcbffc14d558c1f5d62b7748bdc', '2755fa3f1ef749c3a2bef8a00aa4de43', '350521198702286564', '15059535175', null, null, null, '9e9d2a20e2e94c81afa9501b2509f981', '36b5f8619e31461c8a8701cf0ff6cfe7', null, null, null, null, '0', null);
INSERT INTO `teacher_info` VALUES ('c1a4e59db57c4a85a444e81a4d44820e', 'ed77ea82bbc94106b540561093315e48', '6097e232161c4bf6961cf946bb8fe805', '', '0', '0736efcbffc14d558c1f5d62b7748bdc', null, '330481198509284441', '13850065549', null, null, null, '9e9d2a20e2e94c81afa9501b2509f981', '36b5f8619e31461c8a8701cf0ff6cfe7', null, null, '2016-01-15 09:22:47', '4b1e47c16aca4e919109d0a6a2fd4d9b', '0', null);
INSERT INTO `teacher_info` VALUES ('c39c5db3412f472a95cd6ae30e2e0976', 'bf2e47192f7347768e63eccf7b0302e0', 'a036677ec60d438e97fe54144dff7f78', '', '0', '0736efcbffc14d558c1f5d62b7748bdc', null, '352202199305050129', '18559228314', null, null, null, '9e9d2a20e2e94c81afa9501b2509f981', '583dfea38bbe4801aba866170d155f57', '9e9d2a20e2e94c81afa9501b2509f981', '86879dfc63ea4e49a0c71b8c78aa4d4b', null, null, '0', null);
INSERT INTO `teacher_info` VALUES ('c4082c28721746bc8f6b5190f55f63b1', '6bdcdd6142964dce90f9042c6e902da4', '1e82e33c01d143599ca8a2103f7cc991', '', '0', '0736efcbffc14d558c1f5d62b7748bdc', null, '352230199204100022', '15606925603', null, null, null, '9e9d2a20e2e94c81afa9501b2509f981', '583dfea38bbe4801aba866170d155f57', null, null, null, null, '0', null);
INSERT INTO `teacher_info` VALUES ('c45a9178d50b478b92d750589dc5d1e1', '28c330230310481da7695ee1ab17513d', 'a036677ec60d438e97fe54144dff7f78', '', '0', '0736efcbffc14d558c1f5d62b7748bdc', null, '450111198801131524', '18259209753', null, null, null, null, null, null, null, null, null, '0', null);
INSERT INTO `teacher_info` VALUES ('c4a3336d268746da910aaea339fe6f55', '410d7d9f3a054a47b812d5b1436763cc', 'd95cbb0855b14638bc647090eac5d913', '', '0', '0736efcbffc14d558c1f5d62b7748bdc', null, '350424198708130521', '18759209252', null, null, null, '9e9d2a20e2e94c81afa9501b2509f981', '36b5f8619e31461c8a8701cf0ff6cfe7', null, null, null, null, '0', null);
INSERT INTO `teacher_info` VALUES ('c6685a1e1bae4fc0a2e5425a439248c8', '8953865188a540bb8c897902c543f026', '6097e232161c4bf6961cf946bb8fe805', '', '1', '0736efcbffc14d558c1f5d62b7748bdc', null, '350211199109203516', '15080307607', '', '464731817', null, '9e9d2a20e2e94c81afa9501b2509f981', 'a3dd479888294110897b522bbdcbb0f3', null, null, null, null, '0', null);
INSERT INTO `teacher_info` VALUES ('c74a9ef4aa9b4cd9bf26abc14fd36e08', '5aa4e9069d054a5fbec0cfd4c3b0e6c5', '3f04124f60234b7fad704494ecb0e7d6', '', '0', '0736efcbffc14d558c1f5d62b7748bdc', null, '350205199101291040', '18050121908', null, null, null, '9e9d2a20e2e94c81afa9501b2509f981', '6279cdc2ac5d4dbc97dcf300e51d384e', null, null, null, null, '0', null);
INSERT INTO `teacher_info` VALUES ('d29930f8fe234e719672f68150e70fae', '76842a711c914aeca7ddb4bae29fdd4a', '095dde26e77c405bb1e24129794ea2f2', '', '0', '0736efcbffc14d558c1f5d62b7748bdc', null, '220581199309061205', '18250764150', null, null, null, 'b34a3fb4bbbb4590a29dfb11aa98996e', 'a9ad5c2748c94da188567e8d3c7dc305', null, null, null, null, '0', null);
INSERT INTO `teacher_info` VALUES ('d589d07ab31f4f76b459de0c8f368aba', 'f05ac3ba38c94f949f35414e30736bd3', '6097e232161c4bf6961cf946bb8fe805', '', '0', '8f5f5af7b7ee47dcb1b6bf615524bb4f', '2755fa3f1ef749c3a2bef8a00aa4de43', '350203199107023028', '15060773053', null, null, null, '9e9d2a20e2e94c81afa9501b2509f981', '7353a169c3a44a508002d9103c0c868d', '9e9d2a20e2e94c81afa9501b2509f981', '6279cdc2ac5d4dbc97dcf300e51d384e', null, null, '0', null);
INSERT INTO `teacher_info` VALUES ('d5a0cdfaae594125b7de403b962d8123', '00eef7cb4c9b4675a00c78f070138de0', '6097e232161c4bf6961cf946bb8fe805', '', '0', '0736efcbffc14d558c1f5d62b7748bdc', null, '359001197605190529', '13850850989', null, null, null, '9e9d2a20e2e94c81afa9501b2509f981', '36b5f8619e31461c8a8701cf0ff6cfe7', '9e9d2a20e2e94c81afa9501b2509f981', '36b5f8619e31461c8a8701cf0ff6cfe7', null, null, '0', null);
INSERT INTO `teacher_info` VALUES ('d6829fd3dde446c1832399f4ec1e32df', '1da5082790db4f42847802a9c3f2d8b4', '8a3ef695e7524bf1964532cd2a197712', '', '0', '0736efcbffc14d558c1f5d62b7748bdc', null, '350521198511047827', '13459282212', null, null, null, '9e9d2a20e2e94c81afa9501b2509f981', '36b5f8619e31461c8a8701cf0ff6cfe7', null, null, null, null, '0', null);
INSERT INTO `teacher_info` VALUES ('d84eba72bfb84e82bc3dd5d808d8742a', 'df4741cefd3042f38e79acb8c4ff8bf8', 'a036677ec60d438e97fe54144dff7f78', '', '0', '0736efcbffc14d558c1f5d62b7748bdc', '2755fa3f1ef749c3a2bef8a00aa4de43', '350681199208281107', '18850588627', null, null, null, '9e9d2a20e2e94c81afa9501b2509f981', '36b5f8619e31461c8a8701cf0ff6cfe7', null, null, null, null, '0', null);
INSERT INTO `teacher_info` VALUES ('d9e09bfbb59942d0958a22c71d94a825', '337f6c0ec7b040d79b2135174a2bd7f7', 'fff55931933d4378abcf2fc9b0f8200c', '', '0', '0736efcbffc14d558c1f5d62b7748bdc', null, '350403199004200045', '18150387320', '', '', null, '9e9d2a20e2e94c81afa9501b2509f981', '86879dfc63ea4e49a0c71b8c78aa4d4b', null, null, '2016-01-13 11:41:30', '4b1e47c16aca4e919109d0a6a2fd4d9b', '0', null);
INSERT INTO `teacher_info` VALUES ('da1488f6210f4dde81cb97a58282432c', 'dc0bee8ebe0942728710bd54a6f822f3', '53a83fd979244e1f89817578acb9760f', '', '1', '0736efcbffc14d558c1f5d62b7748bdc', null, '350211199002103515', '13023985831', '', '', null, 'b34a3fb4bbbb4590a29dfb11aa98996e', 'ec786d68d9414af4b33cc5d66be5466e', null, null, '2016-01-15 09:22:47', '4b1e47c16aca4e919109d0a6a2fd4d9b', '0', null);
INSERT INTO `teacher_info` VALUES ('db010960b18b4385bd7af25a570f0ad4', '51633eeae6884bbaaa573838c38d0e8b', '7a9e529ad1844dfc8c1bc5a8725b51c8', '', '0', '0736efcbffc14d558c1f5d62b7748bdc', '2755fa3f1ef749c3a2bef8a00aa4de43', '350723198908050040', '15960819692', '30301', '503949495', null, 'b34a3fb4bbbb4590a29dfb11aa98996e', 'a9ad5c2748c94da188567e8d3c7dc305', null, null, null, null, '0', null);
INSERT INTO `teacher_info` VALUES ('dbde107e72464faf9c5eb87a229d060e', 'd862340b2455434ead47a32c974bdd5c', '398fde1e08aa4fcba247b920fa187ffa', '', '0', '0736efcbffc14d558c1f5d62b7748bdc', null, '350430198902051541', '18759220583', null, null, null, '9e9d2a20e2e94c81afa9501b2509f981', '91e448e7a283442592fe0e09df2f7536', null, null, null, null, '0', null);
INSERT INTO `teacher_info` VALUES ('e20c4462998047e58df06086fea23643', '797bf02e8b5944fabc2aa779857b80df', 'ad5b4792dfad45e897d90a5f3df47d72', '', '0', '0736efcbffc14d558c1f5d62b7748bdc', null, '350221197708056021', '15160737003', null, '572780251', null, '5ddf22229e5c4ceba31e0f84a5f77a04', '4eba1c17815e4d70bb26155cfd08d008', null, null, null, null, '0', null);
INSERT INTO `teacher_info` VALUES ('e347402f3b76444192d804b43e585274', 'ce8ee9c6cd84484d8f393126db6371e8', '715297a51a3e4e34a29a2f7be2543843', '', '1', '0736efcbffc14d558c1f5d62b7748bdc', '2755fa3f1ef749c3a2bef8a00aa4de43', '350205199203263016', '13860922271', null, null, null, '9e9d2a20e2e94c81afa9501b2509f981', 'a3dd479888294110897b522bbdcbb0f3', null, null, null, null, '0', null);
INSERT INTO `teacher_info` VALUES ('e3e75c92d2a544daa2997f1ffd142c4a', '550fa93739d647bab83735f09091c8ab', '715297a51a3e4e34a29a2f7be2543843', '', '0', '0736efcbffc14d558c1f5d62b7748bdc', null, '152801198906140626', '18259425200', null, null, null, 'b34a3fb4bbbb4590a29dfb11aa98996e', 'ef807a340e044440b36cceb76777ea63', 'b34a3fb4bbbb4590a29dfb11aa98996e', '3581c96657694fb78dba835ddb175384', null, null, '0', null);
INSERT INTO `teacher_info` VALUES ('e4c8c4bfd0d24e69974a86d3e10348bd', 'b1ca1f84b82d4daf839e6fcec3809108', '8a3ef695e7524bf1964532cd2a197712', '', '1', '0736efcbffc14d558c1f5d62b7748bdc', null, '350211199205123014', '13850048052', null, null, null, 'b34a3fb4bbbb4590a29dfb11aa98996e', '1aee79eb0e8a4d6d86fef100e5aac805', null, null, null, null, '0', null);
INSERT INTO `teacher_info` VALUES ('e502b0ccd0f94eea962e8f282c5e92a2', '99b1d48fae1e4b6c970102ecca839168', '398fde1e08aa4fcba247b920fa187ffa', '', '0', '0736efcbffc14d558c1f5d62b7748bdc', null, '420221197007260028', '13599914612', null, null, null, '9e9d2a20e2e94c81afa9501b2509f981', '36b5f8619e31461c8a8701cf0ff6cfe7', null, null, null, null, '0', null);
INSERT INTO `teacher_info` VALUES ('e62454d7c1364687a359c61467cad575', 'f4b2334bb6554a2e9864fcf8ac51ed65', '715297a51a3e4e34a29a2f7be2543843', '', '0', '0736efcbffc14d558c1f5d62b7748bdc', null, '330325198210120446', '15305779529', '15305779529', null, null, '9e9d2a20e2e94c81afa9501b2509f981', '91e448e7a283442592fe0e09df2f7536', '9e9d2a20e2e94c81afa9501b2509f981', '7353a169c3a44a508002d9103c0c868d', null, null, '0', null);
INSERT INTO `teacher_info` VALUES ('e8ac34c8e39347f08d5da5c24d3946c9', '43bff67c9f9d40d79a58fb43d1bff473', 'a036677ec60d438e97fe54144dff7f78', '', '1', '0736efcbffc14d558c1f5d62b7748bdc', null, '362425198602173611', '18860005606', null, '252486795', null, '9e9d2a20e2e94c81afa9501b2509f981', '36b5f8619e31461c8a8701cf0ff6cfe7', null, null, null, null, '0', null);
INSERT INTO `teacher_info` VALUES ('e96dfb3e578f4b868a9b8ff3e487596a', 'bc7228f8a18f4cdb954aae01a4a48dc1', '398fde1e08aa4fcba247b920fa187ffa', '', '0', '0736efcbffc14d558c1f5d62b7748bdc', null, '350205199205122049', '15160715968', '', '', null, '9e9d2a20e2e94c81afa9501b2509f981', 'a3dd479888294110897b522bbdcbb0f3', null, null, '2016-01-15 09:22:47', '4b1e47c16aca4e919109d0a6a2fd4d9b', '0', null);
INSERT INTO `teacher_info` VALUES ('eadd31476ec0447c97672d1a833fab1f', '80914b8a634246838840888aeaf49c09', '398fde1e08aa4fcba247b920fa187ffa', '', '0', '0736efcbffc14d558c1f5d62b7748bdc', null, '350802199307211521', '15980811001', null, null, null, '9e9d2a20e2e94c81afa9501b2509f981', '36b5f8619e31461c8a8701cf0ff6cfe7', '9e9d2a20e2e94c81afa9501b2509f981', 'da8011d67ec74a01beef7c6043de450c', null, null, '0', null);
INSERT INTO `teacher_info` VALUES ('f168011ec39a433caf91ca16dbdd19d6', 'caa3ff78012341f08e74dee9d1c9cf96', '715297a51a3e4e34a29a2f7be2543843', '', '0', '0736efcbffc14d558c1f5d62b7748bdc', '02e736acfbc54af0ba7fe8c41a2e7ad6', '350723199011032125', '15859240338', null, null, null, '9e9d2a20e2e94c81afa9501b2509f981', '2e96280642d84076832a6fddaead50f7', null, null, '2016-01-15 09:22:47', '4b1e47c16aca4e919109d0a6a2fd4d9b', '0', null);
INSERT INTO `teacher_info` VALUES ('f33dea578e884799bd4796b4dd02b5f6', 'eb075b8a50b6426886ff9620f8a9b963', 'ad5b4792dfad45e897d90a5f3df47d72', '', '0', '0736efcbffc14d558c1f5d62b7748bdc', null, '350521198210087585', '13559480027', null, null, null, '5ddf22229e5c4ceba31e0f84a5f77a04', '4eba1c17815e4d70bb26155cfd08d008', null, null, null, null, '0', null);
INSERT INTO `teacher_info` VALUES ('fad047c901f04321aaeba0aa51ce1fd4', 'dd114daf0dd749d4944ad8b4b17a2c99', 'a036677ec60d438e97fe54144dff7f78', '', '1', '0736efcbffc14d558c1f5d62b7748bdc', '2755fa3f1ef749c3a2bef8a00aa4de43', '350205199208203012', '13774663499', '', '', null, '9e9d2a20e2e94c81afa9501b2509f981', 'a3dd479888294110897b522bbdcbb0f3', null, null, '2016-01-15 09:22:47', '4b1e47c16aca4e919109d0a6a2fd4d9b', '0', null);
INSERT INTO `teacher_info` VALUES ('fb94ff53b7414a0a825050486e954042', '838bb2e9160c485a8f8e1e60236d8570', 'a036677ec60d438e97fe54144dff7f78', '', '0', '0736efcbffc14d558c1f5d62b7748bdc', null, '350627199301113521', '18759282045', null, null, null, '9e9d2a20e2e94c81afa9501b2509f981', '36b5f8619e31461c8a8701cf0ff6cfe7', null, null, null, null, '0', null);
INSERT INTO `teacher_info` VALUES ('fcd784a6439e4939b149a67320d767e6', '5a8810421e2c4463874250a146f01207', '6097e232161c4bf6961cf946bb8fe805', '', '0', '0736efcbffc14d558c1f5d62b7748bdc', null, '350205199205152029', '18120766036', '230', '348077646', null, '9e9d2a20e2e94c81afa9501b2509f981', '36b5f8619e31461c8a8701cf0ff6cfe7', null, null, null, null, '0', null);
INSERT INTO `teacher_info` VALUES ('fe5e4969d0b14027806f26232e03886d', '6c913d7422c5489c9c13faf1e8b733f3', '715297a51a3e4e34a29a2f7be2543843', '', '0', '0736efcbffc14d558c1f5d62b7748bdc', '2755fa3f1ef749c3a2bef8a00aa4de43', '350623198804255142', '15892010573', null, null, null, '9e9d2a20e2e94c81afa9501b2509f981', '36b5f8619e31461c8a8701cf0ff6cfe7', '9e9d2a20e2e94c81afa9501b2509f981', '86879dfc63ea4e49a0c71b8c78aa4d4b', null, null, '0', null);
INSERT INTO `teacher_info` VALUES ('fe5f848664c2407ba4dd18185fbe87bb', 'f0eca1c920d04a78bc330957cf71a5d9', 'e3af6af2e02b4833999e35cd5113f0fc', '', '0', '0736efcbffc14d558c1f5d62b7748bdc', null, '18650808579', '18650808579', null, null, null, null, null, null, null, null, null, '0', null);

-- ----------------------------
-- Table structure for `time_setting`
-- ----------------------------
DROP TABLE IF EXISTS `time_setting`;
CREATE TABLE `time_setting` (
  `id` varchar(100) NOT NULL,
  `beforeClass` int(11) default NULL,
  `afterClass` int(11) default NULL,
  `beforeFinishClass` int(11) default NULL,
  `afterFinishClass` int(11) default NULL,
  `absenteeism` int(11) default NULL,
  `creator` varchar(100) default NULL,
  `createdate` varchar(23) default NULL,
  `isAfterClassPunch` char(1) default NULL,
  PRIMARY KEY  (`id`)
) ENGINE=InnoDB DEFAULT CHARSET=utf8;

-- ----------------------------
-- Records of time_setting
-- ----------------------------
INSERT INTO `time_setting` VALUES ('57cb702559ce44b38d190968eac2aced', '50', '5', '2', '20', '30', '4b1e47c16aca4e919109d0a6a2fd4d9b', '2015-08-14 14:42:18', null);

-- ----------------------------
-- Table structure for `unit_info`
-- ----------------------------
DROP TABLE IF EXISTS `unit_info`;
CREATE TABLE `unit_info` (
  `id` varchar(100) NOT NULL,
  `pid` varchar(100) default NULL,
  `name` varchar(100) default NULL,
  `isEdb` char(1) default NULL,
  `seq` int(11) default NULL,
  `isDeleted` char(1) default NULL,
  `creator` varchar(100) default NULL,
  `createdate` varchar(23) default NULL,
  `code` varchar(50) default NULL,
  `type` char(1) default NULL,
  `typeId` varchar(100) default NULL,
  `categoryId` varchar(100) default NULL,
  `flag` varchar(50) default NULL,
  `pflag` varchar(50) default NULL,
  `userId` varchar(100) default NULL,
  PRIMARY KEY  (`id`)
) ENGINE=InnoDB DEFAULT CHARSET=utf8;

-- ----------------------------
-- Records of unit_info
-- ----------------------------
INSERT INTO `unit_info` VALUES ('00d1c489a89042debd3fb5f2e3fd4b1d', '470b3d0f1c79426b90024450573dd72b', '', null, null, '0', '4b1e47c16aca4e919109d0a6a2fd4d9b', '2016-01-13 11:09:06', 'XMHCYEY00002', '2', '48f92f5aea864ef19520dc279b71d3dc', '18d1fd3f6da44bfdb887379b92e7be06', '102100', '102', '904a6b3beca4457d9dfb167d4e8e5e83');
INSERT INTO `unit_info` VALUES ('05fe0bb545cf4bd8b6df85cb148c8e40', '470b3d0f1c79426b90024450573dd72b', '', null, null, '0', '4b1e47c16aca4e919109d0a6a2fd4d9b', '2016-01-13 11:09:05', 'XMHCXX00001', '2', 'b559aea4da264baf934be51e81bfff0a', '18d1fd3f6da44bfdb887379b92e7be06', '102102', '102', 'beab6488a225454cac2bcab18b4a2331');
INSERT INTO `unit_info` VALUES ('095dde26e77c405bb1e24129794ea2f2', '470b3d0f1c79426b90024450573dd72b', '', null, null, '0', '4b1e47c16aca4e919109d0a6a2fd4d9b', '2016-01-13 11:09:06', 'XMHCZX00004', '2', 'f55c0462da414c12bae6192a91c45044', '18d1fd3f6da44bfdb887379b92e7be06', '102103', '102', '2348ba148df14098b2029a259ec86db2');
INSERT INTO `unit_info` VALUES ('1d49f6195dc6450794bb667db3b5d63b', '470b3d0f1c79426b90024450573dd72b', '', null, null, '0', '4b1e47c16aca4e919109d0a6a2fd4d9b', '2016-01-13 11:09:06', 'XMHCXX00012', '2', 'b559aea4da264baf934be51e81bfff0a', '18d1fd3f6da44bfdb887379b92e7be06', '102104', '102', 'd39746fab0354f92b32add4936701729');
INSERT INTO `unit_info` VALUES ('1e04b288705540edbeb1e7c392f03557', '470b3d0f1c79426b90024450573dd72b', '', null, null, '0', '4b1e47c16aca4e919109d0a6a2fd4d9b', '2016-01-13 11:09:06', 'XMHCXX00009', '2', 'b559aea4da264baf934be51e81bfff0a', '18d1fd3f6da44bfdb887379b92e7be06', '102105', '102', '8177eb904f62437fb07e843ef2e93caa');
INSERT INTO `unit_info` VALUES ('1e82e33c01d143599ca8a2103f7cc991', '470b3d0f1c79426b90024450573dd72b', '', null, null, '0', '4b1e47c16aca4e919109d0a6a2fd4d9b', '2016-01-13 11:09:06', 'XMHCXX00010', '2', 'b559aea4da264baf934be51e81bfff0a', '18d1fd3f6da44bfdb887379b92e7be06', '102106', '102', 'a21a2b65cab04df0976c9161fcc7ef3e');
INSERT INTO `unit_info` VALUES ('372a981ec514494db737a4e06efaa82d', '470b3d0f1c79426b90024450573dd72b', '', null, null, '0', '4b1e47c16aca4e919109d0a6a2fd4d9b', '2016-01-13 11:09:06', 'XMHCXX00007', '2', 'b559aea4da264baf934be51e81bfff0a', '18d1fd3f6da44bfdb887379b92e7be06', '102107', '102', 'f0cf74d87008410fb392c8d6792eacb9');
INSERT INTO `unit_info` VALUES ('398fde1e08aa4fcba247b920fa187ffa', '470b3d0f1c79426b90024450573dd72b', '', null, null, '0', '4b1e47c16aca4e919109d0a6a2fd4d9b', '2016-01-13 11:18:43', 'XMHCXX00016', '2', 'b559aea4da264baf934be51e81bfff0a', '18d1fd3f6da44bfdb887379b92e7be06', '102134', '102', 'c53815ecba78427b8fbf2f1308890841');
INSERT INTO `unit_info` VALUES ('3a3127a2a54143cf8d7446d60d4b83e2', '470b3d0f1c79426b90024450573dd72b', '', null, null, '0', '4b1e47c16aca4e919109d0a6a2fd4d9b', '2016-01-13 11:09:06', 'XMHCXX00005', '2', 'b559aea4da264baf934be51e81bfff0a', '18d1fd3f6da44bfdb887379b92e7be06', '102108', '102', '684a0c09ef6d47c6b60c204f4223303b');
INSERT INTO `unit_info` VALUES ('3f04124f60234b7fad704494ecb0e7d6', '470b3d0f1c79426b90024450573dd72b', '', null, null, '0', '4b1e47c16aca4e919109d0a6a2fd4d9b', '2016-01-13 11:09:05', 'XMHCXX00003', '2', 'b559aea4da264baf934be51e81bfff0a', '18d1fd3f6da44bfdb887379b92e7be06', '102109', '102', '31eb840e9c414387902f49c7e1796de6');
INSERT INTO `unit_info` VALUES ('41fa7688e49c41b4bbf9131bed79f672', '470b3d0f1c79426b90024450573dd72b', '', null, null, '0', '4b1e47c16aca4e919109d0a6a2fd4d9b', '2016-01-13 11:21:28', 'XMHCXX00018', '2', 'b559aea4da264baf934be51e81bfff0a', '18d1fd3f6da44bfdb887379b92e7be06', '102136', '102', 'ec00eb3c71674b7aa1803b09c306e697');
INSERT INTO `unit_info` VALUES ('470b3d0f1c79426b90024450573dd72b', null, '', '1', null, '0', '4b1e47c16aca4e919109d0a6a2fd4d9b', '2015-08-10 10:02:44', '343500', '1', null, null, '102', null, '29c802a592584b0f8b373a25316c7ea0');
INSERT INTO `unit_info` VALUES ('53a83fd979244e1f89817578acb9760f', '470b3d0f1c79426b90024450573dd72b', '', null, null, '0', '4b1e47c16aca4e919109d0a6a2fd4d9b', '2016-01-13 11:09:06', 'XMHCZX00002', '2', 'f55c0462da414c12bae6192a91c45044', '18d1fd3f6da44bfdb887379b92e7be06', '102110', '102', '485b0b0feee747f7a27bf53e9d2eca25');
INSERT INTO `unit_info` VALUES ('5f719eb8b2404e34b6c7dd49e7b6e7a9', '470b3d0f1c79426b90024450573dd72b', '', null, null, '0', '4b1e47c16aca4e919109d0a6a2fd4d9b', '2016-01-13 11:09:06', 'XMHCZX00001', '2', 'f55c0462da414c12bae6192a91c45044', '18d1fd3f6da44bfdb887379b92e7be06', '102111', '102', '3adfe6e2d6564b89bff98446a33e6f53');
INSERT INTO `unit_info` VALUES ('6097e232161c4bf6961cf946bb8fe805', '470b3d0f1c79426b90024450573dd72b', '', null, null, '0', '4b1e47c16aca4e919109d0a6a2fd4d9b', '2016-01-13 11:20:06', 'XMHCXX00017', '2', 'b559aea4da264baf934be51e81bfff0a', '18d1fd3f6da44bfdb887379b92e7be06', '102135', '102', 'e0b5a5e80fc94c9e8448824e8b7328e4');
INSERT INTO `unit_info` VALUES ('62b8b24b2c494c1b96d99fb67dfd983c', '470b3d0f1c79426b90024450573dd72b', '', null, null, '0', '4b1e47c16aca4e919109d0a6a2fd4d9b', '2016-01-13 11:09:06', 'XMHCYEY00003', '2', '48f92f5aea864ef19520dc279b71d3dc', '18d1fd3f6da44bfdb887379b92e7be06', '102112', '102', '49bba825d5864a969f9f4250f64b912f');
INSERT INTO `unit_info` VALUES ('69856c57d29448fba7557bb0bd066222', '470b3d0f1c79426b90024450573dd72b', '', null, null, '0', '4b1e47c16aca4e919109d0a6a2fd4d9b', '2016-01-13 11:09:06', 'XMHCYEY00007', '2', '48f92f5aea864ef19520dc279b71d3dc', '18d1fd3f6da44bfdb887379b92e7be06', '102113', '102', '75c6d5d21c4f44c699aa9a0b48e5b5b4');
INSERT INTO `unit_info` VALUES ('6b28d4c60cd54bbab998220346d80d0f', '470b3d0f1c79426b90024450573dd72b', '', null, null, '0', '4b1e47c16aca4e919109d0a6a2fd4d9b', '2016-01-13 11:09:06', 'XMHCZX00001', '2', 'b8e77d75acc0494bac66a6df318676b8', '18d1fd3f6da44bfdb887379b92e7be06', '102114', '102', '7824215f86ad4654ae719f1d5d5a79e2');
INSERT INTO `unit_info` VALUES ('715297a51a3e4e34a29a2f7be2543843', '470b3d0f1c79426b90024450573dd72b', '', null, null, '0', '4b1e47c16aca4e919109d0a6a2fd4d9b', '2016-01-13 11:09:06', 'XMHCJN00001', '2', 'd3b2f69376134532bc205d5b27e959bd', '18d1fd3f6da44bfdb887379b92e7be06', '102115', '102', '51defd164b7a4ec7a70e6121cab3b31b');
INSERT INTO `unit_info` VALUES ('75a58eee7db04599b361cee190306c7a', '470b3d0f1c79426b90024450573dd72b', '', null, null, '0', '4b1e47c16aca4e919109d0a6a2fd4d9b', '2016-01-13 11:09:06', 'XMHCYEY00010', '2', '48f92f5aea864ef19520dc279b71d3dc', '18d1fd3f6da44bfdb887379b92e7be06', '102116', '102', '0576f6f955014cd4a14ced9b360643c3');
INSERT INTO `unit_info` VALUES ('7a9e529ad1844dfc8c1bc5a8725b51c8', '470b3d0f1c79426b90024450573dd72b', '', null, null, '0', '4b1e47c16aca4e919109d0a6a2fd4d9b', '2016-01-13 11:09:06', 'XMHCZX00003', '2', 'f55c0462da414c12bae6192a91c45044', '18d1fd3f6da44bfdb887379b92e7be06', '102117', '102', '9ae9de6cda1f4636b97e1702a1b06f37');
INSERT INTO `unit_info` VALUES ('7af7012dc4644a049045d32c0f0bd839', '470b3d0f1c79426b90024450573dd72b', '', null, null, '0', '4b1e47c16aca4e919109d0a6a2fd4d9b', '2016-01-13 11:09:06', 'XMHCJN00002', '2', 'd3b2f69376134532bc205d5b27e959bd', '18d1fd3f6da44bfdb887379b92e7be06', '102118', '102', '6cca37d050aa4e659ad68bf429f03072');
INSERT INTO `unit_info` VALUES ('80aca882ea014229bea76498a16d7d85', '470b3d0f1c79426b90024450573dd72b', '', null, null, '0', '4b1e47c16aca4e919109d0a6a2fd4d9b', '2016-01-13 11:09:06', 'XMHCXX00011', '2', 'b559aea4da264baf934be51e81bfff0a', '18d1fd3f6da44bfdb887379b92e7be06', '102119', '102', '36f5004484ea4eb8843dabf93ac1e7cd');
INSERT INTO `unit_info` VALUES ('8a3ef695e7524bf1964532cd2a197712', '470b3d0f1c79426b90024450573dd72b', '', null, null, '0', '4b1e47c16aca4e919109d0a6a2fd4d9b', '2016-01-13 11:09:06', 'XMHCJN00003', '2', 'd3b2f69376134532bc205d5b27e959bd', '18d1fd3f6da44bfdb887379b92e7be06', '102120', '102', 'd56dbd2e59c942429947d4bb139b2532');
INSERT INTO `unit_info` VALUES ('9c8f3d278d314f1cb3f77e8e6cc3059a', '470b3d0f1c79426b90024450573dd72b', '', null, null, '0', '4b1e47c16aca4e919109d0a6a2fd4d9b', '2016-01-13 11:09:06', 'XMHCYEY00001', '2', '48f92f5aea864ef19520dc279b71d3dc', '18d1fd3f6da44bfdb887379b92e7be06', '102121', '102', '8253537439e14c79985e5b7ee4d132fd');
INSERT INTO `unit_info` VALUES ('a036677ec60d438e97fe54144dff7f78', '470b3d0f1c79426b90024450573dd72b', '', null, null, '0', '4b1e47c16aca4e919109d0a6a2fd4d9b', '2016-01-13 11:09:06', 'XMHCXX00014', '2', 'b559aea4da264baf934be51e81bfff0a', '18d1fd3f6da44bfdb887379b92e7be06', '102122', '102', '395ed2b203004e228faf7850b694331a');
INSERT INTO `unit_info` VALUES ('aacc5ebfe0894a0391c6f476781f1adf', '470b3d0f1c79426b90024450573dd72b', '', null, null, '0', '4b1e47c16aca4e919109d0a6a2fd4d9b', '2016-01-13 11:09:06', 'XMHCYEY00005', '2', '48f92f5aea864ef19520dc279b71d3dc', '18d1fd3f6da44bfdb887379b92e7be06', '102123', '102', '1376fe8e7e7d4aaf827f60f6fe7562bb');
INSERT INTO `unit_info` VALUES ('ad5b4792dfad45e897d90a5f3df47d72', '470b3d0f1c79426b90024450573dd72b', '', null, null, '0', '4b1e47c16aca4e919109d0a6a2fd4d9b', '2016-01-13 11:09:06', 'XMHCYEY00004', '2', '48f92f5aea864ef19520dc279b71d3dc', '18d1fd3f6da44bfdb887379b92e7be06', '102124', '102', '4d91282436cf4f35a20a00ec324b101f');
INSERT INTO `unit_info` VALUES ('b506814a224549c1943ba981f43368bd', '470b3d0f1c79426b90024450573dd72b', '', null, null, '0', '4b1e47c16aca4e919109d0a6a2fd4d9b', '2016-01-13 11:09:05', 'XMHCXX00002', '2', 'b559aea4da264baf934be51e81bfff0a', '18d1fd3f6da44bfdb887379b92e7be06', '102125', '102', '0fb5520392024d80bd6e6fafd0b7013c');
INSERT INTO `unit_info` VALUES ('bc2971a0d7c34ce5a5103c56512fe556', '470b3d0f1c79426b90024450573dd72b', '', null, null, '0', '4b1e47c16aca4e919109d0a6a2fd4d9b', '2016-01-13 11:09:06', 'XMHCYEY00006', '2', '48f92f5aea864ef19520dc279b71d3dc', '18d1fd3f6da44bfdb887379b92e7be06', '102126', '102', '5e71bef04654433ca4ec17435bb13e01');
INSERT INTO `unit_info` VALUES ('ce4b08939a4b4f0282eda631aea02a31', '470b3d0f1c79426b90024450573dd72b', '', null, null, '0', '4b1e47c16aca4e919109d0a6a2fd4d9b', '2016-01-13 11:09:06', 'XMHCYEY00009', '2', '48f92f5aea864ef19520dc279b71d3dc', '18d1fd3f6da44bfdb887379b92e7be06', '102127', '102', 'd2523530d806462c86f017982b633b5c');
INSERT INTO `unit_info` VALUES ('d95cbb0855b14638bc647090eac5d913', '470b3d0f1c79426b90024450573dd72b', '', null, null, '0', '4b1e47c16aca4e919109d0a6a2fd4d9b', '2016-01-13 11:09:05', 'XMHCXX00004', '2', 'b559aea4da264baf934be51e81bfff0a', '18d1fd3f6da44bfdb887379b92e7be06', '102128', '102', '3fa2f1e484a3431a9ce31d870692aa01');
INSERT INTO `unit_info` VALUES ('dc402aa598e441b7aed6aefe6ce39ce4', '470b3d0f1c79426b90024450573dd72b', '', null, null, '0', '4b1e47c16aca4e919109d0a6a2fd4d9b', '2016-01-13 11:09:06', 'XMHCXX00006', '2', 'b559aea4da264baf934be51e81bfff0a', '18d1fd3f6da44bfdb887379b92e7be06', '102129', '102', 'b1d713ff3d0d4676b88f8543b5cef422');
INSERT INTO `unit_info` VALUES ('e0e4a99ece4343f889c48316b5928814', '470b3d0f1c79426b90024450573dd72b', '', null, null, '0', '4b1e47c16aca4e919109d0a6a2fd4d9b', '2016-01-13 11:09:06', 'XMHCYEY00008', '2', '48f92f5aea864ef19520dc279b71d3dc', '18d1fd3f6da44bfdb887379b92e7be06', '102130', '102', '74e831a1c9cc45899a842fcb1f9ef141');
INSERT INTO `unit_info` VALUES ('e3af6af2e02b4833999e35cd5113f0fc', '470b3d0f1c79426b90024450573dd72b', '', '0', '0', '0', '4b1e47c16aca4e919109d0a6a2fd4d9b', '2015-08-10 10:03:04', '34350001001', '1', null, null, '102105', '102', 'dd966233b5404c2db25287a73e69ab5c');
INSERT INTO `unit_info` VALUES ('e861c76094cf4e1ab02a5268275b7d84', '470b3d0f1c79426b90024450573dd72b', '', null, null, '0', '4b1e47c16aca4e919109d0a6a2fd4d9b', '2016-01-13 11:09:06', 'XMHCXX00015', '2', 'b559aea4da264baf934be51e81bfff0a', '18d1fd3f6da44bfdb887379b92e7be06', '102131', '102', '82b69b2e407447b5923c9a97ba43d6cf');
INSERT INTO `unit_info` VALUES ('e93a20da5c1d43ed830ea696eb78f686', '470b3d0f1c79426b90024450573dd72b', '', null, null, '0', '4b1e47c16aca4e919109d0a6a2fd4d9b', '2016-01-13 11:09:06', 'XMHCXX00013', '2', 'b559aea4da264baf934be51e81bfff0a', '18d1fd3f6da44bfdb887379b92e7be06', '102132', '102', '1012005d89934e9ca66f7b805152cbc8');
INSERT INTO `unit_info` VALUES ('fff55931933d4378abcf2fc9b0f8200c', '470b3d0f1c79426b90024450573dd72b', '', null, null, '0', '4b1e47c16aca4e919109d0a6a2fd4d9b', '2016-01-13 11:09:06', 'XMHCXX00008', '2', 'b559aea4da264baf934be51e81bfff0a', '18d1fd3f6da44bfdb887379b92e7be06', '102133', '102', '0c0d6e7edf5b44c187190cd2b3050e23');

-- ----------------------------
-- Table structure for `upload_log`
-- ----------------------------
DROP TABLE IF EXISTS `upload_log`;
CREATE TABLE `upload_log` (
  `id` varchar(100) NOT NULL,
  `userId` varchar(100) default NULL,
  `homeworkId` varchar(100) default NULL,
  `uploadUrl` varchar(255) default NULL,
  `uploadTime` varchar(30) default NULL,
  `score` varchar(30) default NULL,
  `assessTime` varchar(30) default NULL,
  `assesstor` varchar(100) default NULL,
  PRIMARY KEY  (`id`)
) ENGINE=MyISAM DEFAULT CHARSET=utf8;

-- ----------------------------
-- Records of upload_log
-- ----------------------------
INSERT INTO `upload_log` VALUES ('05bdb7e4e537476ba529d51c10b61ba8', '6d920693aa5e481e9e70a54da9f9d66c', '25df5697af194b1cb9f76d5799bccb0d', 'homework/20150928/reupload/1443426064895.txt', '2015-09-28 15:41:08', '65', '2015-10-06 11:19:52', 'c934f8e315554af5884657da846d95a5');
INSERT INTO `upload_log` VALUES ('ee68e56a42f04ba6bdb8040892d1c9ad', '88294196507c4711be6c1aeedd1acf4f', '25df5697af194b1cb9f76d5799bccb0d', 'homework/20150928/reupload/1443426130175.txt', '2015-09-28 15:42:11', '35', '2015-10-06 11:20:00', 'c934f8e315554af5884657da846d95a5');
INSERT INTO `upload_log` VALUES ('4a27db84e962419daf78a8e37e65a43d', '6d920693aa5e481e9e70a54da9f9d66c', '0495ce8439ef4b8eb59cfbda98a3bfd8', 'homework/20150928/reupload/1443432716252.txt', '2015-09-28 17:31:58', '55', '2015-10-06 11:12:05', 'c934f8e315554af5884657da846d95a5');
INSERT INTO `upload_log` VALUES ('5420d5f8f2f44c5f8c7412fb962d09cb', '88294196507c4711be6c1aeedd1acf4f', '0495ce8439ef4b8eb59cfbda98a3bfd8', 'homework/20150928/reupload/1443432750619.doc', '2015-09-28 17:32:32', '45', '2015-10-06 11:18:46', 'c934f8e315554af5884657da846d95a5');
INSERT INTO `upload_log` VALUES ('e9751c2ff1c84f059da477f75f1e5d43', '6d920693aa5e481e9e70a54da9f9d66c', '646d2b5cdbd44c17aac12a6e5877b5d3', 'homework/20151022/reupload/1445506593531.txt', '2015-10-22 17:36:35', null, null, null);
INSERT INTO `upload_log` VALUES ('f3753ac8b9ca4569b2204a633dc6a9a6', '28c330230310481da7695ee1ab17513d', '9818776b88ca4d11a83596be301671e3', 'homework/20160118/reupload/1453085214445.doc', '2016-01-18 10:46:59', null, null, null);

-- ----------------------------
-- Table structure for `user_info`
-- ----------------------------
DROP TABLE IF EXISTS `user_info`;
CREATE TABLE `user_info` (
  `id` varchar(100) NOT NULL,
  `text` varchar(100) default NULL,
  `password` varchar(100) default NULL,
  `isActives` char(1) default NULL,
  `isDeleted` char(1) default NULL,
  `type` varchar(10) default '',
  `isSuperadmin` varchar(10) default '',
  PRIMARY KEY  (`id`)
) ENGINE=InnoDB DEFAULT CHARSET=utf8;

-- ----------------------------
-- Records of user_info
-- ----------------------------
INSERT INTO `user_info` VALUES ('00eef7cb4c9b4675a00c78f070138de0', '', 'yIN7I/+Kqoot3pFUc84JkQ==', '1', '0', '', '');
INSERT INTO `user_info` VALUES ('0576f6f955014cd4a14ced9b360643c3', 'hcthyey', 'yIN7I/+Kqoot3pFUc84JkQ==', '1', '0', '', '');
INSERT INTO `user_info` VALUES ('091f986b51024a2eabca8cbf5f88cd6c', '', 'yRmCy8lZtzCjdEWtovYApA==', '1', '0', '', '');
INSERT INTO `user_info` VALUES ('0a8c810a543e44be9e9df5663b6ade12', '', 'yIN7I/+Kqoot3pFUc84JkQ==', '1', '0', '', '');
INSERT INTO `user_info` VALUES ('0aa3bedec7984556a9367dd2fb792c62', '', '4QrcOUm6Wau+VuBX8g+IPg==', '1', '0', '', '');
INSERT INTO `user_info` VALUES ('0c0d6e7edf5b44c187190cd2b3050e23', 'hcqfsxx', 'yIN7I/+Kqoot3pFUc84JkQ==', '1', '0', '', '');
INSERT INTO `user_info` VALUES ('0fb5520392024d80bd6e6fafd0b7013c', 'hcqycxx', 'yIN7I/+Kqoot3pFUc84JkQ==', '1', '0', '', '');
INSERT INTO `user_info` VALUES ('0fc28c9091a5431aa68b1436ab228914', '', '8xjmu5kyYzET03c+NG4SYQ==', '1', '0', '', '');
INSERT INTO `user_info` VALUES ('1012005d89934e9ca66f7b805152cbc8', 'hcqqjxx', 'yIN7I/+Kqoot3pFUc84JkQ==', '1', '0', '', '');
INSERT INTO `user_info` VALUES ('11b2557dce644d63bae1152410e98c46', '', '4hRTh7zHhC7e9Mzsw0t9pA==', '1', '0', '', '');
INSERT INTO `user_info` VALUES ('11d6744f79bf46a29885022c6b0006fc', '', 'TlRICh9uj2viRc4L95zWCg==', '1', '0', '', '');
INSERT INTO `user_info` VALUES ('12e83bd94be04387a052e11cc0099ec2', '', 'yIN7I/+Kqoot3pFUc84JkQ==', '1', '0', '', '');
INSERT INTO `user_info` VALUES ('12ed3cdbb03e42cca1f86bd69c5e0eab', '', 'yIN7I/+Kqoot3pFUc84JkQ==', '1', '0', '', '');
INSERT INTO `user_info` VALUES ('1376fe8e7e7d4aaf827f60f6fe7562bb', 'hcyey', 'yIN7I/+Kqoot3pFUc84JkQ==', '1', '0', '', '');
INSERT INTO `user_info` VALUES ('1404163a8d2f4de1a41dcb7eafcda68a', '', 'yIN7I/+Kqoot3pFUc84JkQ==', '1', '0', '', '');
INSERT INTO `user_info` VALUES ('14addd23875349f7909bdf1aa6c3aa88', '', 'bK7aWcqKb6VFIBQXYADAOA==', '1', '0', '', '');
INSERT INTO `user_info` VALUES ('158ed14024a94b799fc9a07fe0d7f997', '', 'yEA+iUqD0GTACIWynJWJsA==', '1', '0', '', '');
INSERT INTO `user_info` VALUES ('1aa83128165b4e7db2a0b40044168192', '', 'JdVa0oOqQAr0ZMdtcTwHrQ==', '1', '0', '', '');
INSERT INTO `user_info` VALUES ('1bfbe1772236462882bf9296d0cc0488', '', 'ikDupV8xokOVfXxL6VeFkA==', '1', '0', '', '');
INSERT INTO `user_info` VALUES ('1c87e7fef7e64b07a7b24eb5dd2b7c6b', '', 'QKeSfoH1IbzZ8u5G8hXxkA==', '1', '0', '', '');
INSERT INTO `user_info` VALUES ('1cba5d35123949149a123020d9fc6ff3', '', 'yIN7I/+Kqoot3pFUc84JkQ==', '1', '0', '', '');
INSERT INTO `user_info` VALUES ('1da5082790db4f42847802a9c3f2d8b4', '', 'VqskwVtypFcGnF6kL8/GQA==', '1', '0', '', '');
INSERT INTO `user_info` VALUES ('1f8cb5a74b5c4157ada492d112868074', '', '3vZ0ucA7YkuK6FA/18gHOQ==', '1', '0', '', '');
INSERT INTO `user_info` VALUES ('2348ba148df14098b2029a259ec86db2', 'hsdhcfszx', 'yIN7I/+Kqoot3pFUc84JkQ==', '1', '0', '', '');
INSERT INTO `user_info` VALUES ('23e66a79183341fc91fa7bf2cf550023', '', 'yIN7I/+Kqoot3pFUc84JkQ==', '1', '0', '', '');
INSERT INTO `user_info` VALUES ('2476f88b4855495cb249594dcf4341f5', 'hcgzr', 'yIN7I/+Kqoot3pFUc84JkQ==', null, '0', '', '');
INSERT INTO `user_info` VALUES ('262e25951add4091bb86c3504d87ece5', '', '9fSiDA0S7sGY3GlKAjDcMw==', '1', '0', '', '');
INSERT INTO `user_info` VALUES ('26850defb76d45dc93010aab5d924747', '', '+7o+3xtycFrGoyGENeR+2w==', '1', '0', '', '');
INSERT INTO `user_info` VALUES ('27b5cadfbe7846f8af5770045188ef52', '', 'yIN7I/+Kqoot3pFUc84JkQ==', '1', '0', '', '');
INSERT INTO `user_info` VALUES ('28c330230310481da7695ee1ab17513d', '', 'yIN7I/+Kqoot3pFUc84JkQ==', null, '0', '', '');
INSERT INTO `user_info` VALUES ('28ce79b597fd4c1981524dc65c81bc66', '', 'n5+VeBUw/PWV3hFRa+JRnA==', '1', '0', '', '');
INSERT INTO `user_info` VALUES ('28e740398673454db487921b117f272a', '', 'httgX75kHNQuwrPGdJV8Wg==', '1', '0', '', '');
INSERT INTO `user_info` VALUES ('29c802a592584b0f8b373a25316c7ea0', 'xmhcjyj', 'xMpCOKC5I4INzFCab3WEmw==', null, '0', '', '');
INSERT INTO `user_info` VALUES ('2a9db5d1532b4fd6b2784bf622da0be0', '', 'TMM/TOdXVfpbXBAo1erh+Q==', '1', '0', '', '');
INSERT INTO `user_info` VALUES ('2fc50269990a424aa17d9bc06a41465a', '', 'T/B5CIezPcZUSbogU3YlMw==', '1', '0', '', '');
INSERT INTO `user_info` VALUES ('2fdc6d9d03a44baf9d7ecbad62b772fd', '', 'xzmso5CjWr2CIC1T5t6ZbQ==', '1', '0', '', '');
INSERT INTO `user_info` VALUES ('31eb840e9c414387902f49c7e1796de6', 'hcqtxdxx', 'yIN7I/+Kqoot3pFUc84JkQ==', '1', '0', '', '');
INSERT INTO `user_info` VALUES ('32928ca42a3f469287eef80e0ef58992', '', 'r8dsrCkp/wII+Nhr8yjF/w==', '1', '0', '', '');
INSERT INTO `user_info` VALUES ('337f6c0ec7b040d79b2135174a2bd7f7', '', 'yIN7I/+Kqoot3pFUc84JkQ==', '1', '0', '', '');
INSERT INTO `user_info` VALUES ('34b29e1a22d7440faea6d8fffcbba092', '', '9uI3a9o4J9ZIlaWOkfGBLw==', '1', '0', '', '');
INSERT INTO `user_info` VALUES ('36aef5822c6244268df19b884663b283', '', 'yIN7I/+Kqoot3pFUc84JkQ==', '1', '0', '', '');
INSERT INTO `user_info` VALUES ('36f5004484ea4eb8843dabf93ac1e7cd', 'hcqhczxxx', 'yIN7I/+Kqoot3pFUc84JkQ==', '1', '0', '', '');
INSERT INTO `user_info` VALUES ('376c254a1208438c8f4ed323bbd0a619', '', 'yIN7I/+Kqoot3pFUc84JkQ==', '1', '0', '', '');
INSERT INTO `user_info` VALUES ('395ed2b203004e228faf7850b694331a', 'hsdhcfsxx', 'yIN7I/+Kqoot3pFUc84JkQ==', '1', '0', '', '');
INSERT INTO `user_info` VALUES ('3adfe6e2d6564b89bff98446a33e6f53', 'hcsyzx', 'yIN7I/+Kqoot3pFUc84JkQ==', '1', '0', '', '');
INSERT INTO `user_info` VALUES ('3d23737176a642d59fee5326a7e0f195', '', 'yIN7I/+Kqoot3pFUc84JkQ==', '1', '0', '', '');
INSERT INTO `user_info` VALUES ('3fa2f1e484a3431a9ce31d870692aa01', 'hcqdfzxxx', 'yIN7I/+Kqoot3pFUc84JkQ==', '1', '0', '', '');
INSERT INTO `user_info` VALUES ('40c3307fde6c4bea8d1214d27d9c82e5', '', 'AlnWVKU1+MKsfbzTxjDsLQ==', '1', '0', '', '');
INSERT INTO `user_info` VALUES ('410d7d9f3a054a47b812d5b1436763cc', '', '1KUwJTR8MlitHChCIYFePg==', '1', '0', '', '');
INSERT INTO `user_info` VALUES ('43bff67c9f9d40d79a58fb43d1bff473', '', 'O5KK7ZjkINksTdnOin750g==', '1', '0', '', '');
INSERT INTO `user_info` VALUES ('47ecef31910f4fd880484c821d2ec531', '', 'yIN7I/+Kqoot3pFUc84JkQ==', '1', '0', '', '');
INSERT INTO `user_info` VALUES ('485b0b0feee747f7a27bf53e9d2eca25', 'hczx', 'yIN7I/+Kqoot3pFUc84JkQ==', '1', '0', '', '');
INSERT INTO `user_info` VALUES ('48c686ddce0249d68527153a9d1e9b40', '', 'Z8DiWQsImygPAkF+yBPGgw==', '1', '0', '', '');
INSERT INTO `user_info` VALUES ('49bba825d5864a969f9f4250f64b912f', 'hcdfzxyey', 'yIN7I/+Kqoot3pFUc84JkQ==', '1', '0', '', '');
INSERT INTO `user_info` VALUES ('4b1e47c16aca4e919109d0a6a2fd4d9b', 'admin', '4QrcOUm6Wau+VuBX8g+IPg==', '1', '0', '', '');
INSERT INTO `user_info` VALUES ('4d638e896c814cea8b7d5c5fae45b0d9', '', 'W2S36rvpJHpzUg6sviYejQ==', '1', '0', '', '');
INSERT INTO `user_info` VALUES ('4d91282436cf4f35a20a00ec324b101f', 'hctzyeye', 'yIN7I/+Kqoot3pFUc84JkQ==', '1', '0', '', '');
INSERT INTO `user_info` VALUES ('4e85ec0bc35a400986ea8632bdfc1899', '', 'r/z1Jhzlle8Yk+268tr/JA==', '1', '0', '', '');
INSERT INTO `user_info` VALUES ('51633eeae6884bbaaa573838c38d0e8b', '', 'avbEAta1QmGi71YsHvghGQ==', '1', '0', '', '');
INSERT INTO `user_info` VALUES ('51defd164b7a4ec7a70e6121cab3b31b', 'bsdhcfx', 'yIN7I/+Kqoot3pFUc84JkQ==', '1', '0', '', '');
INSERT INTO `user_info` VALUES ('51e9b4b54da543fd99cf498ac55e7ae4', '', 'yIN7I/+Kqoot3pFUc84JkQ==', '1', '0', '', '');
INSERT INTO `user_info` VALUES ('5204a7ca0b8245a29a467fba8a8cd9eb', '', 't3vzy3lnYZ9bPSJtY9rmMQ==', '1', '0', '', '');
INSERT INTO `user_info` VALUES ('550fa93739d647bab83735f09091c8ab', '', 'h+Nz/QiLptPASS8OLCTi2Q==', '1', '0', '', '');
INSERT INTO `user_info` VALUES ('5614ccf2ebac49228524ea875ec683c9', '', 'yIN7I/+Kqoot3pFUc84JkQ==', '1', '0', '', '');
INSERT INTO `user_info` VALUES ('58ef604e24dc4a108a2b26f97da4a1c9', '', 'KmEx3VVOjZIdo3kAxRuMpw==', '1', '0', '', '');
INSERT INTO `user_info` VALUES ('591dfa855bb0403abf4bbea95269b496', '', 'Wn5d54E6XpSEimyiY8q8Ow==', '1', '0', '', '');
INSERT INTO `user_info` VALUES ('5a273f8db6194578b498f1ef5054e1ea', '', 'zhtfa2/8ho1yuH78NefPoQ==', '1', '0', '', '');
INSERT INTO `user_info` VALUES ('5a8810421e2c4463874250a146f01207', '', '+9qBr+a3KyfJfZNqlqbotA==', '1', '0', '', '');
INSERT INTO `user_info` VALUES ('5aa4e9069d054a5fbec0cfd4c3b0e6c5', '', 'mUbqV/ucLkhP5aei3goNzA==', '1', '0', '', '');
INSERT INTO `user_info` VALUES ('5bec19d4b13e4df385698cf5f1d98251', '', 'yIN7I/+Kqoot3pFUc84JkQ==', '1', '0', '', '');
INSERT INTO `user_info` VALUES ('5d33a31fbdc84b329e7b7c061b494d57', '', 'phC0Ek27emYqwe77WCCqyg==', '1', '0', '', '');
INSERT INTO `user_info` VALUES ('5e71bef04654433ca4ec17435bb13e01', 'hcxyyey', 'yIN7I/+Kqoot3pFUc84JkQ==', '1', '0', '', '');
INSERT INTO `user_info` VALUES ('5eb0276b3a6840bcb0bb0f9a67c33a3f', '', 'yIN7I/+Kqoot3pFUc84JkQ==', '1', '0', '', '');
INSERT INTO `user_info` VALUES ('6299ee5df3e24a9a90f3f0b291b0774e', '', 'vY/4vS8wxWM+WNFzP/mGqQ==', '1', '0', '', '');
INSERT INTO `user_info` VALUES ('63adbd4755f14d43ba37c7685b564e0a', '', 'eOMkHkFmo7Km0MCQVz6rMg==', '1', '0', '', '');
INSERT INTO `user_info` VALUES ('64cd1582d0a44844b30ffd8535ec1283', '', '8PdY7zmt5d23GUg1/eQP5A==', '1', '0', '', '');
INSERT INTO `user_info` VALUES ('67929245c89b437db055b2ead6471506', '', 'J+I8U1fapPafkv7myUMOyw==', '1', '0', '', '');
INSERT INTO `user_info` VALUES ('684a0c09ef6d47c6b60c204f4223303b', 'hcqdmxx', 'yIN7I/+Kqoot3pFUc84JkQ==', '1', '0', '', '');
INSERT INTO `user_info` VALUES ('6bdcdd6142964dce90f9042c6e902da4', '', '4QrcOUm6Wau+VuBX8g+IPg==', '1', '0', '', '');
INSERT INTO `user_info` VALUES ('6c913d7422c5489c9c13faf1e8b733f3', '', 'WHDiO+f9lrccRK4eG1RRBA==', '1', '0', '', '');
INSERT INTO `user_info` VALUES ('6ca3a8e7b9ba45379ebf6aa00218002f', '', '4QrcOUm6Wau+VuBX8g+IPg==', '1', '0', '', '');
INSERT INTO `user_info` VALUES ('6cca37d050aa4e659ad68bf429f03072', 'wgyhcfx', 'yIN7I/+Kqoot3pFUc84JkQ==', '1', '0', '', '');
INSERT INTO `user_info` VALUES ('6e6b26b6c8ea4421903979070309b1b4', '', 'L2hTZAAMAFskE6Hgqug9Dg==', '1', '0', '', '');
INSERT INTO `user_info` VALUES ('6f54411bfa1a45d49cda7c827152ae44', '', 'yIN7I/+Kqoot3pFUc84JkQ==', '1', '0', '', '');
INSERT INTO `user_info` VALUES ('7443f6a9da1a487f8b42369c31792aa5', '', 'yIN7I/+Kqoot3pFUc84JkQ==', '1', '0', '', '');
INSERT INTO `user_info` VALUES ('74730dfc352344df891d83ecd707ef5b', '', 'K0qE+j6YJ68phFJ659vGTQ==', '1', '0', '', '');
INSERT INTO `user_info` VALUES ('749bacfe718548ca9241d4530a7cb42c', '', 'TlzrFN0mkD7yi42gvrQ5Qw==', '1', '0', '', '');
INSERT INTO `user_info` VALUES ('74e831a1c9cc45899a842fcb1f9ef141', 'hcxlyey', 'yIN7I/+Kqoot3pFUc84JkQ==', '1', '0', '', '');
INSERT INTO `user_info` VALUES ('75c6d5d21c4f44c699aa9a0b48e5b5b4', 'hcwlzxyey', 'yIN7I/+Kqoot3pFUc84JkQ==', '1', '0', '', '');
INSERT INTO `user_info` VALUES ('76842a711c914aeca7ddb4bae29fdd4a', '', 'XMxbeOfKz7u3mqMd7+sF2w==', '1', '0', '', '');
INSERT INTO `user_info` VALUES ('76a680f6cc374412bc5045fa5798e6d8', '', '+QJ6dOPNtIE7lMBlnU9lxA==', '1', '0', '', '');
INSERT INTO `user_info` VALUES ('7824215f86ad4654ae719f1d5d5a79e2', 'hczz', 'yIN7I/+Kqoot3pFUc84JkQ==', '1', '0', '', '');
INSERT INTO `user_info` VALUES ('797bf02e8b5944fabc2aa779857b80df', '', 'zU3Qye7Udl59Dt8pb7505Q==', '1', '0', '', '');
INSERT INTO `user_info` VALUES ('79b8fb9c3bf54bb7b6a361ebf8c5efcc', '', 'sgbpWkOEKYliZJ5Y3Hs51A==', '1', '0', '', '');
INSERT INTO `user_info` VALUES ('7c1343cc590f48fea3d2da9fe6817940', '', 'yIN7I/+Kqoot3pFUc84JkQ==', '1', '0', '', '');
INSERT INTO `user_info` VALUES ('80914b8a634246838840888aeaf49c09', '', 'cj1QVRbgwZfkKmvjwK+RDg==', '1', '0', '', '');
INSERT INTO `user_info` VALUES ('81716d731b1841b2a313b80cde07041d', '', 'yIN7I/+Kqoot3pFUc84JkQ==', '1', '0', '', '');
INSERT INTO `user_info` VALUES ('8177eb904f62437fb07e843ef2e93caa', 'hcqhtxx', 'yIN7I/+Kqoot3pFUc84JkQ==', '1', '0', '', '');
INSERT INTO `user_info` VALUES ('823d9a86d45f4b53bf7b5017ab67e9af', '', 'KSCfn+60qfZy9sBBHNcFuA==', '1', '0', '', '');
INSERT INTO `user_info` VALUES ('8253537439e14c79985e5b7ee4d132fd', 'hcsyyey', 'yIN7I/+Kqoot3pFUc84JkQ==', '1', '0', '', '');
INSERT INTO `user_info` VALUES ('82b69b2e407447b5923c9a97ba43d6cf', 'hcqxjzxxx', 'yIN7I/+Kqoot3pFUc84JkQ==', '1', '0', '', '');
INSERT INTO `user_info` VALUES ('838bb2e9160c485a8f8e1e60236d8570', '', '6CBuQTKO8vMBrTf7ZXAwkA==', '1', '0', '', '');
INSERT INTO `user_info` VALUES ('83e718ca0a4943248fc68e6f1f93a1b5', '', 'TF+dCINwH0rVKOMGiBf8HQ==', '1', '0', '', '');
INSERT INTO `user_info` VALUES ('83f70ed77ab940a2a4c8693c6d8cdd38', '', 'yIN7I/+Kqoot3pFUc84JkQ==', '1', '0', '', '');
INSERT INTO `user_info` VALUES ('87b9559864ba49e68b518da61d2c5216', '', 'gURI2+p1URfn+JltpTKOKg==', '1', '0', '', '');
INSERT INTO `user_info` VALUES ('88aa499b73424af98859c1f1acd16221', '', '2PIRXs8r7o0OifnV4fYmpw==', '1', '0', '', '');
INSERT INTO `user_info` VALUES ('891016a4eee641b49eb4005208fe7191', '', '5gHGJyRqpoDFrYXmz9RkyQ==', '1', '0', '', '');
INSERT INTO `user_info` VALUES ('8953865188a540bb8c897902c543f026', '', 'HO1byij+hTofi09UVBtGwA==', '1', '0', '', '');
INSERT INTO `user_info` VALUES ('8a1e518a2bba4512b300f01e4f87d642', '', 'tHR2eUuUNLWHGmUIWQ9UTw==', '1', '0', '', '');
INSERT INTO `user_info` VALUES ('8b3767b44f534ba89545a9bb7e640e73', '', 'GBuG20Y/qF7BwZxs4n9X0w==', '1', '0', '', '');
INSERT INTO `user_info` VALUES ('8c9012a3742f4c3681e3d9939887e9ac', '', 'p+UR1Sdop2QKTyQF6DLMew==', '1', '0', '', '');
INSERT INTO `user_info` VALUES ('8d42a378f04242c49eb19f2b0afa96be', '', 'pXDzoHfweYEzlGXDg36M5Q==', '1', '0', '', '');
INSERT INTO `user_info` VALUES ('904a6b3beca4457d9dfb167d4e8e5e83', 'hclyyey', 'yIN7I/+Kqoot3pFUc84JkQ==', '1', '0', '', '');
INSERT INTO `user_info` VALUES ('9077e871084046928cd3602029fba0f9', '', 'bj+ERZSb5Cn3muSCD5+Zkg==', '1', '0', '', '');
INSERT INTO `user_info` VALUES ('95f74540dbc14df0abb8d01b76383bde', '', 'ZekI6WrOhWAlb7wlbZwOYg==', '1', '0', '', '');
INSERT INTO `user_info` VALUES ('9771e2069f59406c90b351c36b86a22a', '', 'NB3x0XSBG1pufhrNMyXuig==', '1', '0', '', '');
INSERT INTO `user_info` VALUES ('982dd6ad4d974b83ae1bcc6a0ed7a9e1', '', 'KXiYycb5yvkAANklOvR+hg==', '1', '0', '', '');
INSERT INTO `user_info` VALUES ('996125b1b98249c0a547642d22938452', '', 'EGN0D/kli9s1ksuMokPE2w==', '1', '0', '', '');
INSERT INTO `user_info` VALUES ('99b1d48fae1e4b6c970102ecca839168', '', 'yIN7I/+Kqoot3pFUc84JkQ==', '1', '0', '', '');
INSERT INTO `user_info` VALUES ('9ae9de6cda1f4636b97e1702a1b06f37', 'yzhcfx', 'yIN7I/+Kqoot3pFUc84JkQ==', '1', '0', '', '');
INSERT INTO `user_info` VALUES ('9b9d7cb655034cd283091f19f1044fca', '', 'JdaH4sfnFbLxybwwpHsIYw==', '1', '0', '', '');
INSERT INTO `user_info` VALUES ('9b9efa4209ae418a9f2bbb701b6a027b', '', 'iQtBtXDXu/N4v2xKc4N8KQ==', '1', '0', '', '');
INSERT INTO `user_info` VALUES ('a0adf808107c4a01904f6e15cef1be8a', '', 'yXyZYtDDLeenaHHO62sykA==', '1', '0', '', '');
INSERT INTO `user_info` VALUES ('a1bdc90eed4348f5afd1d42d1e1b4467', '', 'MSmnV/pQH+XseXAIeGzwfw==', '1', '0', '', '');
INSERT INTO `user_info` VALUES ('a20bc2946de24e09985c17a10ede85e4', '', 'opu+5/xnpXVMgeJVvNgQfw==', '1', '0', '', '');
INSERT INTO `user_info` VALUES ('a21a2b65cab04df0976c9161fcc7ef3e', 'hcqzdxx', 'yIN7I/+Kqoot3pFUc84JkQ==', '1', '0', '', '');
INSERT INTO `user_info` VALUES ('a6820011f7c841969e6b58700a76ddd6', '', 'Q0XELtZr+Ai269DcoF9RtQ==', '1', '0', '', '');
INSERT INTO `user_info` VALUES ('a6e7d28f2afc4c9ab96366197fa8c4b6', '', 'qPXxZ/RPSWTmyZje6CcRDA==', '1', '0', '', '');
INSERT INTO `user_info` VALUES ('a75d5d1e8e6f4c97aa279df77d85578c', '', '4QrcOUm6Wau+VuBX8g+IPg==', '1', '0', '', '');
INSERT INTO `user_info` VALUES ('a766e60aecde4f85b8b75614195e692b', '', 'yIN7I/+Kqoot3pFUc84JkQ==', '1', '0', '', '');
INSERT INTO `user_info` VALUES ('a8618c938ca64704b45702f7f8eaed9e', '', '4QrcOUm6Wau+VuBX8g+IPg==', '1', '0', '', '');
INSERT INTO `user_info` VALUES ('a97ba4aa0dc54644b5c503c3eccfc54f', '', 'SdlveTwIATuRgJHb0ZHSFg==', '1', '0', '', '');
INSERT INTO `user_info` VALUES ('a98013976ca2433aa3d39e74e20d79b7', 'superadmin', '4QrcOUm6Wau+VuBX8g+IPg==', '1', '0', '', '');
INSERT INTO `user_info` VALUES ('ab2ab29f57c5440d8fde2a9abc81d74f', '', 'yIN7I/+Kqoot3pFUc84JkQ==', '1', '0', '', '');
INSERT INTO `user_info` VALUES ('ac763da37c51475db9e3d0d68b820ec8', '', 'yIN7I/+Kqoot3pFUc84JkQ==', '1', '0', '', '');
INSERT INTO `user_info` VALUES ('b1ca1f84b82d4daf839e6fcec3809108', '', 'yIN7I/+Kqoot3pFUc84JkQ==', '1', '0', '', '');
INSERT INTO `user_info` VALUES ('b1d713ff3d0d4676b88f8543b5cef422', 'hcqdpxx', 'yIN7I/+Kqoot3pFUc84JkQ==', '1', '0', '', '');
INSERT INTO `user_info` VALUES ('b26cb4fec3944660bf6307967b3d9146', '', 'yIN7I/+Kqoot3pFUc84JkQ==', '1', '0', '', '');
INSERT INTO `user_info` VALUES ('b4e5f549ae6c46e094be2ea153d59e32', '', 'yIN7I/+Kqoot3pFUc84JkQ==', '1', '0', '', '');
INSERT INTO `user_info` VALUES ('b6b6c410537d49e6a9d83360aa3e8bfe', '', 'yIN7I/+Kqoot3pFUc84JkQ==', '1', '0', '', '');
INSERT INTO `user_info` VALUES ('bb4d656f0d69454fa1064e77073492c9', ' ', 'nHAz8csq1Xeh5wFeXbvDvA==', '1', '0', '', '');
INSERT INTO `user_info` VALUES ('bc7228f8a18f4cdb954aae01a4a48dc1', '', 'yIN7I/+Kqoot3pFUc84JkQ==', '1', '0', '', '');
INSERT INTO `user_info` VALUES ('beab6488a225454cac2bcab18b4a2331', 'xmhcykxx', 'yIN7I/+Kqoot3pFUc84JkQ==', '1', '0', '', '');
INSERT INTO `user_info` VALUES ('bf2e47192f7347768e63eccf7b0302e0', '', 'r1cleV6S/cv78M6pNNHV/Q==', '1', '0', '', '');
INSERT INTO `user_info` VALUES ('bf37a15c57364e0995e587314487c13b', '', 'VEeL+g35Bps9dc6LoR4Eng==', '1', '0', '', '');
INSERT INTO `user_info` VALUES ('c53815ecba78427b8fbf2f1308890841', 'hcqxyxx', 'yIN7I/+Kqoot3pFUc84JkQ==', '1', '0', '', '');
INSERT INTO `user_info` VALUES ('c58a39e1404a4f4d91fc8afa10ee7f00', '', 'yIN7I/+Kqoot3pFUc84JkQ==', '1', '0', '', '');
INSERT INTO `user_info` VALUES ('c62a810b55ea4bde982403eb0ec65b2e', '', 'WZhFT3fmxjKsfqQIqr+5RA==', '1', '0', '', '');
INSERT INTO `user_info` VALUES ('c7bff0e443274a4099dfbaa57443b3da', '', 'yIN7I/+Kqoot3pFUc84JkQ==', '1', '0', '', '');
INSERT INTO `user_info` VALUES ('c8672f3ba28743f3a7d94e054c4be8ba', '', 'yIN7I/+Kqoot3pFUc84JkQ==', '1', '0', '', '');
INSERT INTO `user_info` VALUES ('caa3ff78012341f08e74dee9d1c9cf96', '', 'yIN7I/+Kqoot3pFUc84JkQ==', '1', '0', '', '');
INSERT INTO `user_info` VALUES ('cd206beb50f147fba71fcac9f6173552', '', 'kGvvA0TPSdE3VDvAYVFAGg==', '1', '0', '', '');
INSERT INTO `user_info` VALUES ('ce498490d4204f92ac95a2367d983ed1', '', 'W0VBfbaAbwultTqtiEnJCw==', '1', '0', '', '');
INSERT INTO `user_info` VALUES ('ce8ee9c6cd84484d8f393126db6371e8', '', 'yIN7I/+Kqoot3pFUc84JkQ==', '1', '0', '', '');
INSERT INTO `user_info` VALUES ('d2523530d806462c86f017982b633b5c', 'hchxyey', 'yIN7I/+Kqoot3pFUc84JkQ==', '1', '0', '', '');
INSERT INTO `user_info` VALUES ('d2c267afd23d4592916146a7589db250', '', 'RTp9sfuzYstaeXbEEAf5KQ==', '1', '0', '', '');
INSERT INTO `user_info` VALUES ('d39746fab0354f92b32add4936701729', 'hcqjlxx', 'yIN7I/+Kqoot3pFUc84JkQ==', '1', '0', '', '');
INSERT INTO `user_info` VALUES ('d45ee888e6f44f949c2466ff622a68c0', '', 'ovbziaW6qyVjGvdUU7BAGg==', '1', '0', '', '');
INSERT INTO `user_info` VALUES ('d56dbd2e59c942429947d4bb139b2532', 'sszxhcfx', 'yIN7I/+Kqoot3pFUc84JkQ==', '1', '0', '', '');
INSERT INTO `user_info` VALUES ('d6604ee4b0dd4f79895adb28c117d68d', '', 'GGs5HHFOPyoeIqN7c9rU6Q==', '1', '0', '', '');
INSERT INTO `user_info` VALUES ('d8450cdb94ca42ad83ed253701c9b4fc', '', 'yIN7I/+Kqoot3pFUc84JkQ==', '1', '0', '', '');
INSERT INTO `user_info` VALUES ('d862340b2455434ead47a32c974bdd5c', '', 'W2/idLpfb++cogwHwkh/6A==', '1', '0', '', '');
INSERT INTO `user_info` VALUES ('d9457510ad19404498555c43734c8dc3', '', 'mOF81f1b1PZrVV6yvz25fQ==', '1', '0', '', '');
INSERT INTO `user_info` VALUES ('d9c393eb678c41848d739c3bb2dd3148', '', '8tmdO5xbHgYuN+kH1weS/Q==', '1', '0', '', '');
INSERT INTO `user_info` VALUES ('d9ca90982484440f8bf828474939d459', '', 'NG0cMF27R2g3BH07y+QOjg==', '1', '0', '', '');
INSERT INTO `user_info` VALUES ('db35f800fab24de7a2eab8c535606692', '', 'yIN7I/+Kqoot3pFUc84JkQ==', '1', '0', '', '');
INSERT INTO `user_info` VALUES ('dbd5b2c483ec48ba90c2bb3866d6a553', '', 'yIN7I/+Kqoot3pFUc84JkQ==', '1', '0', '', '');
INSERT INTO `user_info` VALUES ('dbe2fc6d341b43bb811829bd5263ce45', '', 'ofKDfZqLEpa59Ib4FBtftA==', '1', '0', '', '');
INSERT INTO `user_info` VALUES ('dc0bee8ebe0942728710bd54a6f822f3', '', 'yIN7I/+Kqoot3pFUc84JkQ==', '1', '0', '', '');
INSERT INTO `user_info` VALUES ('dd114daf0dd749d4944ad8b4b17a2c99', '', 'yIN7I/+Kqoot3pFUc84JkQ==', '1', '0', '', '');
INSERT INTO `user_info` VALUES ('dd966233b5404c2db25287a73e69ab5c', 'hcjsjxxx', 'xMpCOKC5I4INzFCab3WEmw==', null, '0', '', '');
INSERT INTO `user_info` VALUES ('df4741cefd3042f38e79acb8c4ff8bf8', '', '6QkzR9L6hiI65PZnqVDAbw==', '1', '0', '', '');
INSERT INTO `user_info` VALUES ('df4fe14cceb84e04a670e75a6e305853', '', 'yIN7I/+Kqoot3pFUc84JkQ==', '1', '0', '', '');
INSERT INTO `user_info` VALUES ('e0121161ff00484aa436a3a7d4fda98d', '', 'vwgqFjXMaX+WidgH64IdRw==', '1', '0', '', '');
INSERT INTO `user_info` VALUES ('e0b5a5e80fc94c9e8448824e8b7328e4', 'hcqdysx', 'yIN7I/+Kqoot3pFUc84JkQ==', '1', '0', '', '');
INSERT INTO `user_info` VALUES ('e23955066c8b48b9b49dd1447b6c150e', '', 'O+TsHKaJ5icrw2ANzn6JkA==', '1', '0', '', '');
INSERT INTO `user_info` VALUES ('e86e20f70bd4434cb77584567f7f6fe7', '', 'oCObdprpnCGAxeA0BhcG1A==', '1', '0', '', '');
INSERT INTO `user_info` VALUES ('e9b952b4587c45abb7346a22538fbab7', '', 'yIN7I/+Kqoot3pFUc84JkQ==', '1', '0', '', '');
INSERT INTO `user_info` VALUES ('eb075b8a50b6426886ff9620f8a9b963', '', '4QrcOUm6Wau+VuBX8g+IPg==', '1', '0', '', '');
INSERT INTO `user_info` VALUES ('ec00eb3c71674b7aa1803b09c306e697', 'hcqzsxx', 'yIN7I/+Kqoot3pFUc84JkQ==', '1', '0', '', '');
INSERT INTO `user_info` VALUES ('ed77ea82bbc94106b540561093315e48', '', 'yIN7I/+Kqoot3pFUc84JkQ==', '1', '0', '', '');
INSERT INTO `user_info` VALUES ('efa6916dec3d4d1cbe309b1a17ecf5f1', '', 'p5vEF2Aeph4XDPlUw+bqew==', '1', '0', '', '');
INSERT INTO `user_info` VALUES ('f02c2775e0944a37aba4957bdc9a4132', '', 'XjNru0TMph5nBTpmEn1L0Q==', '1', '0', '', '');
INSERT INTO `user_info` VALUES ('f05ac3ba38c94f949f35414e30736bd3', '', 'IGUzu1dhlCG6jQtEHMpiMA==', '1', '0', '', '');
INSERT INTO `user_info` VALUES ('f099244c6ec947008669ea9fedb4589d', '', 'R9PwWb5iD4+Te8d+iocuVQ==', '1', '0', '', '');
INSERT INTO `user_info` VALUES ('f0cf74d87008410fb392c8d6792eacb9', 'hcqdyxx', 'yIN7I/+Kqoot3pFUc84JkQ==', '1', '0', '', '');
INSERT INTO `user_info` VALUES ('f0eca1c920d04a78bc330957cf71a5d9', '', 'PB7TDN+/mZU5eyNZ1d5i+g==', null, '0', '', '');
INSERT INTO `user_info` VALUES ('f3183830b0c54f38b83ce2abed78211e', '', '8GZFPWvvxYJTJWMkkIqvPg==', '1', '0', '', '');
INSERT INTO `user_info` VALUES ('f389fc40ac84463ba16d2a6952007350', '', 'yIN7I/+Kqoot3pFUc84JkQ==', '1', '0', '', '');
INSERT INTO `user_info` VALUES ('f3b5cd805903406d955687f4433a4ddc', '', 'H+Q/0AguKM4rE8veOnknqQ==', '1', '0', '', '');
INSERT INTO `user_info` VALUES ('f4b2334bb6554a2e9864fcf8ac51ed65', '', 'yIN7I/+Kqoot3pFUc84JkQ==', '1', '0', '', '');
INSERT INTO `user_info` VALUES ('f4d3fec29e904b39bd5e11e169b372ba', '', '0xvhxcAtV44zycDXyjKIbA==', '1', '0', '', '');
INSERT INTO `user_info` VALUES ('f4f7f3ac43a3489e9eb115b707035dc7', '', 'nNyZ/ktZpBDAe17xbnAY/Q==', '1', '0', '', '');
INSERT INTO `user_info` VALUES ('f5a3e9353743424fb5798501e12a8cf6', '', 'pXDzoHfweYEzlGXDg36M5Q==', '1', '0', '', '');
INSERT INTO `user_info` VALUES ('f888770d100e45ccab3537fb3a0d03b4', '', 'r7yNlsPnsDURhfBBR9BdKw==', '1', '0', '', '');
INSERT INTO `user_info` VALUES ('fb166b5d56984cf795c1300aa3d29f87', '', 'nnNYgfPgUO+jyFDpYP1XQA==', '1', '0', '', '');
INSERT INTO `user_info` VALUES ('fb878193b2144cbca55ef46259c479ba', '', 'Sw5o9rw0YaH0+m9L2m6HdQ==', '1', '0', '', '');
INSERT INTO `user_info` VALUES ('fcdec8c396444163ae0b6dc8a455c5ea', '', 'yIN7I/+Kqoot3pFUc84JkQ==', '1', '0', '', '');
INSERT INTO `user_info` VALUES ('ff2bf552cb374b4c9c78857d4ec1ae83', 'xmsdsyzx', '4QrcOUm6Wau+VuBX8g+IPg==', null, '0', '', '');

-- ----------------------------
-- Table structure for `use_lesson`
-- ----------------------------
DROP TABLE IF EXISTS `use_lesson`;
CREATE TABLE `use_lesson` (
  `id` varchar(100) NOT NULL,
  `lessonId` varchar(100) default NULL,
  `classTimeId` varchar(100) default NULL,
  `useLesson` varchar(20) default NULL,
  `creator` varchar(100) default NULL,
  `createdate` varchar(23) default NULL,
  PRIMARY KEY  (`id`)
) ENGINE=InnoDB DEFAULT CHARSET=utf8;

-- ----------------------------
-- Records of use_lesson
-- ----------------------------
INSERT INTO `use_lesson` VALUES ('001fe7448b854dc28dc7d53b59ab6ce0', '7c5d5ac29f9a49dfaa46a36ebbd47a80', '23ce6657d4674b93addb01aa26223ef8', '2', 'c934f8e315554af5884657da846d95a5', '2015-09-24 15:43:01');
INSERT INTO `use_lesson` VALUES ('39a99df44b1840cd80832414bba73c9d', '7c5d5ac29f9a49dfaa46a36ebbd47a80', '806e86b0bb3e416eaf2755d74c1bc50c', '3', 'c934f8e315554af5884657da846d95a5', '2015-09-24 14:36:32');
INSERT INTO `use_lesson` VALUES ('8a52c01d99d7449084be71b274ff02db', '968c3b578bf049558bb49c0a5e92a9c7', '23ce6657d4674b93addb01aa26223ef8', '5', 'c934f8e315554af5884657da846d95a5', '2015-09-24 15:43:01');
INSERT INTO `use_lesson` VALUES ('903b809c26c14ec8a39ce8f086fe2253', '968c3b578bf049558bb49c0a5e92a9c7', 'c98676f14e8640438ae3e3350281736a', '2', 'c934f8e315554af5884657da846d95a5', '2015-09-24 14:41:05');
INSERT INTO `use_lesson` VALUES ('df807bebfe9c42be8388f151eac7571c', 'b7012c0f297f4028af0d37747beed021', '806e86b0bb3e416eaf2755d74c1bc50c', '10', 'c934f8e315554af5884657da846d95a5', '2015-09-24 14:36:32');
INSERT INTO `use_lesson` VALUES ('f2e0e08dea304bdcaf4c042d0c6a81ec', 'b7012c0f297f4028af0d37747beed021', '23ce6657d4674b93addb01aa26223ef8', '1', 'c934f8e315554af5884657da846d95a5', '2015-09-24 15:43:01');

-- ----------------------------
-- View structure for `view_user`
-- ----------------------------
DROP VIEW IF EXISTS `view_user`;
CREATE ALGORITHM=UNDEFINED DEFINER=`root`@`localhost` SQL SECURITY DEFINER VIEW `view_user` AS select `a`.`isSuperadmin` AS `isSuperadmin`,`a`.`id` AS `id`,`a`.`text` AS `text`,`a`.`password` AS `password`,`a`.`isActives` AS `isActives`,`a`.`isDeleted` AS `isDeleted`,`a`.`type` AS `type`,(case when (`a`.`type` = _utf8'') then `b`.`flag` when (`a`.`type` = _utf8'') then (select `t1`.`flag` AS `flag` from `unit_info` `t1` where (`t1`.`id` = `c`.`schoolId`)) else NULL end) AS `flag`,(case when (`a`.`type` = _utf8'') then `b`.`name` when (`a`.`type` = _utf8'') then `c`.`name` else `a`.`text` end) AS `name` from ((`user_info` `a` left join `unit_info` `b` on((`a`.`id` = `b`.`userId`))) left join `teacher_info` `c` on((`a`.`id` = `c`.`userId`)));



--
-- 
-- 
CREATE TABLE inspector(
    id            VARCHAR(100)    NOT NULL,
    name          VARCHAR(100),
    userId        VARCHAR(100),
    status        VARCHAR(10),
    createdate    VARCHAR(23),
    creator       VARCHAR(100),
    PRIMARY KEY (id)
)
;



-- 
-- TABLE: inspector_unit 
--

CREATE TABLE inspector_unit(
    id             VARCHAR(100)    NOT NULL,
    inspectorId    VARCHAR(100),
    unitId         VARCHAR(100),
    PRIMARY KEY (id)
)
;



-- 
-- TABLE: project 
--

CREATE TABLE project(
    id             VARCHAR(100)    NOT NULL,
    pid            VARCHAR(100),
    code           VARCHAR(100),
    parentCode     VARCHAR(100),
    name           VARCHAR(100),
    remark         TEXT,
    type           VARCHAR(10),
    status         VARCHAR(10),
    seq              int,
    createdate     VARCHAR(23),
    creator        VARCHAR(100),
    bindingTime    VARCHAR(23)     NOT NULL,
    PRIMARY KEY (id)
)
;



-- 
-- TABLE: school_material 
--

CREATE TABLE school_material(
    id                VARCHAR(100)    NOT NULL,
    superviseId       VARCHAR(100),
    unitId            VARCHAR(100),
    projectId         VARCHAR(100),
    schoolMaterial    VARCHAR(200),
    PRIMARY KEY (id)
)
;



-- 
-- TABLE: supervise 
--

CREATE TABLE supervise(
    id               VARCHAR(100)    NOT NULL,
    name             VARCHAR(100),
    superviseDate    VARCHAR(10),
    type             VARCHAR(10),
    status           VARCHAR(10),
    createdate       VARCHAR(23),
    creator          VARCHAR(100),
    PRIMARY KEY (id)
)
;



-- 
-- TABLE: supervise_project 
--

CREATE TABLE supervise_project(
    id             VARCHAR(100)    NOT NULL,
    superviseId    VARCHAR(100),
    projectId      VARCHAR(100),
    status         VARCHAR(10),
    PRIMARY KEY (id)
)
;



-- 
-- TABLE: supervise_unit 
--

CREATE TABLE supervise_unit(
    id                VARCHAR(100)    NOT NULL,
    superviseId       VARCHAR(100),
    unitId            VARCHAR(100),
    step              INT,
    checkMaterial     VARCHAR(200),
    modifyMaterial    VARCHAR(200),
    status            VARCHAR(10),
    PRIMARY KEY (id)
)
;